"interview__key","y5_hhid","cropid","ag5b_01","ag5b_02","ag5b_03","ag5b_04_1","ag5b_04_2","ag5b_05","ag5b_06","ag5b_07_1","ag5b_07_2","ag5b_08","ag5b_09_1","ag5b_09_2","ag5b_10_1","ag5b_10_2","ag5b_11a","ag5b_11_1","ag5b_11_2","ag5b_12","ag5b_13","ag5b_14_1","ag5b_14_2","ag5b_15","ag5b_16_1","ag5b_16_2","ag5b_17_1","ag5b_17_2","ag5b_18","ag5b_19","ag5b_20","ag5b_21","ag5b_22","ag5b_23","ag5b_24","ag5b_25","ag5b_26","ag5b_27","ag5b_28","ag5b_29","ag5b_30","ag5b_31","ag5b_32","ag5b_32a","ag5b_32b","ag5b_32c","ag5b_32d","ag5b_32e","ag5b_33","ag5b_34","ag5b_35","ag5b_36_1a","ag5b_36_1b","ag5b_36_2a","ag5b_36_2b"
"16-34-22-80","1005-001-01",31,1,60,60000,4,1,1,54000,12,2020,1,1,2,1,2,2,,,,,,,,,,,,1,15,1,6,2000,2,,,,,,2,,,,0,0,0,0,0,6,,,,,,
"79-06-68-49","1059-001-03",43,2,,,,,,,,,,,,,,,,,,,,,,,,,,,,,,,1,120,1,2,,1,2,,,,120,0,0,0,0,2,,,,,,
"09-26-67-92","1193-001-01",32,2,,,,,,,,,,,,,,,,,,,,,,,,,,,,,,,2,,,,,,2,,,,8,0,0,0,0,2,,,,,,
"09-26-67-92","1193-001-01",998,2,,,,,,,,,,,,,,,,,,,,,,,,,,,,,,,2,,,,,,2,,,,9,0,0,0,0,2,,,,,,
"32-46-17-36","1236-001-04",11,1,1296,412000,9,4,1296,412000,3,2020,2,1,,1,,2,,,,,,,,,,,,2,,,,,2,,,,,,2,,,,242,20,0,80,0,2,,,,,,
"14-23-99-91","1333-001-01",11,2,,,,,,,,,,,,,,,,,,,,,,,,,,,,,,,2,,,,,,2,,,,40,0,0,0,0,2,,,,,,
"79-50-93-44","1462-001-01",91,2,,,,,,,,,,,,,,,,,,,,,,,,,,,,,,,2,,,,,,2,,,,8,0,0,0,0,2,,,,,,
"79-50-93-44","1462-001-01",998,2,,,,,,,,,,,,,,,,,,,,,,,,,,,,,,,2,,,,,,2,,,,4,0,0,0,0,2,,,,,,
"46-39-86-17","1765-001-01",22,1,250,250000,2,1,250,250000,5,2020,1,1,,1,,2,,,,,,,,,,,,2,,,,,2,,,,,,2,,,,0,0,0,0,0,2,,,,,,
"88-80-90-94","1766-001-01",22,2,,,,,,,,,,,,,,,,,,,,,,,,,,,,,,,2,,,,,,2,,,,60,0,0,20,0,1,,,,,,
"33-06-24-68","1874-001-01",11,2,,,,,,,,,,,,,,,,,,,,,,,,,,,,,,,2,,,,,,2,,,,162,0,0,54,0,3,,,,,,
"32-28-64-63","1875-001-01",11,1,72,32000,2,1,72,32000,6,2020,1,1,5,1,5,2,,,,,,,,,,,,2,,,,,2,,,,,,2,,,,566,10,0,0,0,2,,,,,,
"32-28-64-63","1875-001-01",31,2,,,,,,,,,,,,,,,,,,,,,,,,,,,,,,,2,,,,,,2,,,,20,0,0,0,0,1,,,,,,
"58-08-38-13","1875-001-03",11,1,200,110000,9,1,200,110000,6,2020,1,1,,1,,2,,,,,,,,,,,,2,,,,,2,,,,,,2,,,,99,1,0,0,0,2,,,,,,
"58-08-38-13","1875-001-03",12,1,450,270000,9,1,450,270000,8,2020,1,1,,1,,2,,,,,,,,,,,,2,,,,,2,,,,,,2,,,,75,0,0,0,0,2,,,,,,
"62-29-93-46","1875-001-07",11,1,216,80000,9,1,216,80000,8,2020,1,1,,1,,2,,,,,,,,,,,,2,,,,,2,,,,,,2,,,,422,10,0,0,0,2,,,,,,
"15-55-16-65","1876-001-02",11,2,,,,,,,,,,,,,,,,,,,,,,,,,,,,,,,2,,,,,,2,,,,300,0,0,0,0,2,,,,,,
"41-83-97-52","1877-001-02",11,1,120,60000,9,1,120,60000,3,2020,1,1,,1,,2,,,,,,,,,,,,2,,,,,2,,,,,,2,,,,700,0,0,120,0,2,,,,,,
"14-35-65-81","1877-001-04",11,1,120,30000,9,1,120,30000,3,2020,1,11,,11,,2,,,,,,,,,,,,2,,,,,2,,,,,,2,,,,480,0,0,0,0,2,,,,,,
"14-35-65-81","1877-001-04",31,2,,,,,,,,,,,,,,,,,,,,,,,,,,,,,,,2,,,,,,2,,,,240,0,0,0,0,2,,,,,,
"69-30-51-52","1879-001-01",11,2,,,,,,,,,,,,,,,,,,,,,,,,,,,,,,,2,,,,,,2,,,,120,0,0,0,0,2,,,,,,
"69-30-51-52","1879-001-01",12,2,,,,,,,,,,,,,,,,,,,,,,,,,,,,,,,2,,,,,,2,,,,140,0,0,0,0,2,,,,,,
"08-43-62-70","1893-001-01",11,2,,,,,,,,,,,,,,,,,,,,,,,,,,,,,,,2,,,,,,2,,,,270,0,0,108,0,3,,,,,,
"79-60-26-09","1896-001-01",11,1,648,240000,9,1,648,240000,5,2020,2,1,,1,,2,,,,,,,,,,,,2,,,,,2,,,,,,2,,,,216,0,0,0,0,2,,,,,,
"79-60-26-09","1896-001-01",31,2,,,,,,,,,,,,,,,,,,,,,,,,,,,,,,,2,,,,,,2,,,,20,0,0,0,0,1,,,,,,
"79-60-26-09","1896-001-01",43,1,100,100000,9,1,100,100000,9,2020,1,1,,1,,2,,,,,,,,,,,,2,,,,,1,30,4,2,,3,2,,,,20,0,0,0,0,1,,,,,,
"72-94-88-22","1916-001-01",22,2,,,,,,,,,,,,,,,,,,,,,,,,,,,,,,,2,,,,,,2,,,,250,0,0,50,0,8,,,,,,
"55-83-06-85","1932-001-04",11,2,,,,,,,,,,,,,,,,,,,,,,,,,,,,,,,1,104,4,2,,1,2,,,,40,0,0,0,0,2,,,,,,
"41-12-45-18","1933-001-01",11,2,,,,,,,,,,,,,,,,,,,,,,,,,,,,,,,1,328,4,2,,1,2,,,,0,0,0,0,0,2,,,,,,
"66-14-94-18","1935-001-01",22,1,100,13000,16,2,100,13000,12,2020,1,1,,1,,2,,,,,,,,,,,,2,,,,,2,,,,,,2,,,,160,0,0,40,0,8,,,,,,
"66-14-94-18","1935-001-01",31,2,,,,,,,,,,,,,,,,,,,,,,,,,,,,,,,2,,,,,,2,,,,20,0,0,0,0,1,,,,,,
"56-51-57-98","1936-001-01",11,1,324,90000,16,1,324,90000,4,2020,1,1,,1,,2,,,,,,,,,,,,2,,,,,2,,,,,,2,,,,810,54,0,0,0,4,,,,,,
"56-51-57-98","1936-001-01",32,1,20,12000,16,1,20,12000,4,2020,1,1,,1,,2,,,,,,,,,,,,2,,,,,2,,,,,,2,,,,50,10,0,0,0,2,,,,,,
"56-51-57-98","1936-001-01",43,1,168,60000,16,1,168,60000,4,2020,1,1,,1,,2,,,,,,,,,,,,2,,,,,2,,,,,,2,,,,70,14,0,0,0,2,,,,,,
"58-41-33-74","1936-001-02",11,1,180,50000,16,2,180,50000,4,2020,1,1,2,1,2,2,,,,,,,,,,,,2,,,,,2,,,,,,2,,,,432,36,0,0,0,3,,,,,,
"20-27-84-75","1936-001-04",11,2,,,,,,,,,,,,,,,,,,,,,,,,,,,,,,,2,,,,,,2,,,,1388,50,0,0,0,4,,,,,,
"20-27-84-75","1936-001-04",31,2,,,,,,,,,,,,,,,,,,,,,,,,,,,,,,,2,,,,,,2,,,,12,0,0,0,0,4,,,,,,
"12-92-55-03","1938-001-01",31,2,,,,,,,,,,,,,,,,,,,,,,,,,,,,,,,2,,,,,,2,,,,50,0,0,10,0,4,,,,,,
"12-92-55-03","1938-001-01",43,2,,,,,,,,,,,,,,,,,,,,,,,,,,,,,,,2,,,,,,2,,,,22,0,0,0,0,4,,,,,,
"05-92-83-74","1938-001-02",11,2,,,,,,,,,,,,,,,,,,,,,,,,,,,,,,,2,,,,,,2,,,,45,5,0,10,0,3,,,,,,
"05-92-83-74","1938-001-02",22,2,,,,,,,,,,,,,,,,,,,,,,,,,,,,,,,2,,,,,,2,,,,290,0,0,10,0,3,,,,,,
"29-60-24-00","1950-001-02",11,2,,,,,,,,,,,,,,,,,,,,,,,,,,,,,,,2,,,,,,2,,,,420,0,0,60,0,2,,,,,,
"29-60-24-00","1950-001-02",31,1,40,50000,4,1,40,50000,6,2020,1,2,,2,,2,,,,,,,,,,,,2,,,,,2,,,,,,2,,,,40,0,0,0,0,1,,,,,,
"81-77-28-59","1955-001-01",11,2,,,,,,,,,,,,,,,,,,,,,,,,,,,,,,,2,,,,,,2,,,,324,32,0,108,0,2,,,,,,
"16-23-33-32","1957-001-01",11,2,,,,,,,,,,,,,,,,,,,,,,,,,,,,,,,2,,,,,,2,,,,120,0,0,0,0,2,,,,,,
"17-99-58-67","2065-001-01",11,2,,,,,,,,,,,,,,,,,,,,,,,,,,,,,,,2,,,,,,2,,,,240,0,0,0,0,2,,,,,,
"17-99-58-67","2065-001-01",31,1,40,20000,9,2,40,20000,3,2020,1,1,2,1,2,2,,,,,,,,,,,,2,,,,,2,,,,,,2,,,,40,0,0,0,0,2,,,,,,
"77-92-16-67","2066-001-01",31,2,,,,,,,,,,,,,,,,,,,,,,,,,,,,,,,1,200,4,2,,1,2,,,,40,20,0,0,0,2,,,,,,
"53-91-30-09","2069-001-01",23,1,120,36000,9,1,120,36000,12,2020,1,1,,1,,2,,,,,,,,,,,,2,,,,,2,,,,,,2,,,,80,0,0,0,0,2,,,,,,
"53-91-30-09","2069-001-01",31,2,,,,,,,,,,,,,,,,,,,,,,,,,,,,,,,1,180,6,2,,1,2,,,,0,0,0,0,0,2,,,,,,
"98-95-98-62","2070-001-01",31,1,40,94000,2,1,40,94000,2,2020,1,1,2,1,2,2,,,,,,,,,,,,2,,,,,2,,,,,,2,,,,40,0,0,0,0,2,,,,,,
"13-66-67-95","2072-001-01",11,1,18,7500,2,1,18,7500,3,2020,1,1,,1,,2,,,,,,,,,,,,2,,,,,1,54,4,1,1,1,2,,,,72,18,0,18,0,4,,,,,,
"24-27-78-93","2083-001-01",11,2,,,,,,,,,,,,,,,,,,,,,,,,,,,,,,,2,,,,,,2,,,,95,5,0,0,0,2,,,,,,
"24-27-78-93","2083-001-01",25,2,,,,,,,,,,,,,,,,,,,,,,,,,,,,,,,2,,,,,,2,,,,30,0,0,0,0,1,,,,,,
"24-27-78-93","2083-001-01",31,2,,,,,,,,,,,,,,,,,,,,,,,,,,,,,,,2,,,,,,2,,,,37,25,0,0,0,2,,,,,,
"51-49-82-49","2083-001-03",11,2,,,,,,,,,,,,,,,,,,,,,,,,,,,,,,,2,,,,,,2,,,,30,0,0,0,0,2,,,,,,
"51-49-82-49","2083-001-03",31,2,,,,,,,,,,,,,,,,,,,,,,,,,,,,,,,2,,,,,,2,,,,25,0,0,0,0,2,,,,,,
"92-24-01-44","2088-001-01",31,1,80,80000,4,1,80,80000,7,2021,1,1,,1,,2,,,,,,,,,,,,1,2,1,6,3000,1,20,4,1,1,1,2,,,,0,0,0,0,0,8,,,,,,
"31-32-30-42","2089-001-01",11,2,,,,,,,,,,,,,,,,,,,,,,,,,,,,,,,2,,,,,,2,,,,60,10,0,20,0,2,,,,,,
"31-32-30-42","2089-001-01",31,1,30,25000,16,1,30,25000,2,2021,4,1,,1,,2,,,,,,,,,,,,2,,,,,2,,,,,,2,,,,60,10,0,10,0,2,,,,,,
"52-18-39-52","2090-001-01",11,2,,,,,,,,,,,,,,,,,,,,,,,,,,,,,,,2,,,,,,2,,,,20,0,0,0,0,2,,,,,,
"52-18-39-52","2090-001-01",31,1,40,30000,9,3,40,30000,3,2021,1,2,,2,,2,,,,,,,,,,,,1,10,1,6,3000,2,,,,,,2,,,,20,0,0,0,0,2,,,,,,
"73-31-47-95","2102-001-01",11,2,,,,,,,,,,,,,,,,,,,,,,,,,,,,,,,2,,,,,,2,,,,98,10,0,0,0,2,,,,,,
"73-31-47-95","2102-001-01",31,2,,,,,,,,,,,,,,,,,,,,,,,,,,,,,,,2,,,,,,2,,,,40,20,0,0,0,1,,,,,,
"34-93-93-40","2105-001-01",11,1,240,60000,9,2,240,60000,4,2020,1,1,,1,,2,,,,,,,,,,,,2,,,,,2,,,,,,2,,,,400,0,0,80,0,2,,,,,,
"82-80-81-61","2105-001-02",11,1,120,30000,9,1,120,30000,4,2020,1,6,,6,,2,,,,,,,,,,,,2,,,,,2,,,,,,2,,,,240,0,0,0,0,2,,,,,,
"82-80-81-61","2105-001-02",31,2,,,,,,,,,,,,,,,,,,,,,,,,,,,,,,,2,,,,,,2,,,,100,0,0,0,0,2,,,,,,
"21-33-89-79","2107-001-01",11,1,300,135000,4,1,300,135000,4,2020,1,1,2,1,2,2,,,,,,,,,,,,1,4,3,6,2000,2,,,,,,2,,,,350,0,0,0,0,2,,,,,,
"21-33-89-79","2107-001-01",31,1,260,300000,4,1,260,300000,1,2021,1,1,2,1,2,2,,,,,,,,,,,,1,6,2,6,2000,1,120,4,2,,2,2,,,,160,0,0,0,0,2,,,,,,
"08-12-12-35","2108-001-01",11,1,162,43200,9,1,162,43200,4,2020,1,1,,1,,2,,,,,,,,,,,,2,,,,,2,,,,,,2,,,,157,5,0,0,0,1,,,,,,
"89-05-97-18","2110-001-01",11,1,1080,180000,17,1,1080,180000,3,2021,2,1,,1,,2,,,,,,,,,,,,2,,,,,1,54,4,1,1,1,2,,,,70,6,126,0,0,1,,,,,,
"19-03-71-26","2121-001-01",998,1,25,13000,9,3,0,0,5,2020,1,1,,1,,2,,,,,,,,,,,,2,,,,,2,,,,,,2,,,,85,0,0,0,0,3,,,,,,
"72-87-81-32","2122-001-01",11,2,,,,,,,,,,,,,,,,,,,,,,,,,,,,,,,2,,,,,,2,,,,50,0,0,0,0,4,,,,,,
"72-87-81-32","2122-001-01",31,2,,,,,,,,,,,,,,,,,,,,,,,,,,,,,,,2,,,,,,2,,,,76,0,0,0,0,4,,,,,,
"62-47-33-37","2123-001-01",11,2,,,,,,,,,,,,,,,,,,,,,,,,,,,,,,,2,,,,,,2,,,,60,0,0,0,0,1,,,,,,
"62-47-33-37","2123-001-01",25,2,,,,,,,,,,,,,,,,,,,,,,,,,,,,,,,2,,,,,,2,,,,80,0,0,0,0,2,,,,,,
"62-47-33-37","2123-001-01",31,2,,,,,,,,,,,,,,,,,,,,,,,,,,,,,,,2,,,,,,2,,,,150,0,0,0,0,2,,,,,,
"62-47-33-37","2123-001-01",43,2,,,,,,,,,,,,,,,,,,,,,,,,,,,,,,,1,5,7,2,,3,2,,,,45,5,0,10,0,4,,,,,,
"37-05-92-60","2124-001-01",11,2,,,,,,,,,,,,,,,,,,,,,,,,,,,,,,,2,,,,,,2,,,,3,0,0,0,0,3,,,,,,
"37-05-92-60","2124-001-01",31,2,,,,,,,,,,,,,,,,,,,,,,,,,,,,,,,2,,,,,,2,,,,0,9,0,0,0,3,,,,,,
"85-54-66-36","2125-001-01",11,2,,,,,,,,,,,,,,,,,,,,,,,,,,,,,,,2,,,,,,2,,,,490,10,0,0,0,2,,,,,,
"85-54-66-36","2125-001-01",31,2,,,,,,,,,,,,,,,,,,,,,,,,,,,,,,,2,,,,,,2,,,,20,10,0,0,0,2,,,,,,
"85-54-66-36","2125-001-01",87,1,375,150000,16,3,375,150000,11,2020,5,1,,1,,2,,,,,,,,,,,,2,,,,,2,,,,,,2,,,,20,0,0,5,0,2,,,,,,
"94-09-90-45","2127-001-01",31,1,40,28000,16,1,40,28000,1,2021,2,1,2,1,2,2,,,,,,,,,,,,2,,,,,2,,,,,,2,,,,5,5,0,0,0,2,,,,,,
"41-24-37-00","2128-001-01",11,1,100,30000,9,1,100,30000,7,2021,1,2,,2,,2,,,,,,,,,,,,2,,,,,1,30,4,2,,1,2,,,,70,0,0,0,0,2,,,,,,
"41-24-37-00","2128-001-01",31,2,,,,,,,,,,,,,,,,,,,,,,,,,,,,,,,2,,,,,,2,,,,25,0,0,0,0,2,,,,,,
"96-25-27-68","2140-001-01",11,2,,,,,,,,,,,,,,,,,,,,,,,,,,,,,,,2,,,,,,2,,,,80,0,0,0,0,2,,,,,,
"96-25-27-68","2140-001-01",31,2,,,,,,,,,,,,,,,,,,,,,,,,,,,,,,,2,,,,,,2,,,,18,0,0,0,0,2,,,,,,
"47-33-48-34","2143-001-01",11,2,,,,,,,,,,,,,,,,,,,,,,,,,,,,,,,2,,,,,,2,,,,25,0,0,0,0,2,,,,,,
"47-33-48-34","2143-001-01",22,2,,,,,,,,,,,,,,,,,,,,,,,,,,,,,,,2,,,,,,2,,,,30,0,0,0,0,2,,,,,,
"47-33-48-34","2143-001-01",31,2,,,,,,,,,,,,,,,,,,,,,,,,,,,,,,,2,,,,,,2,,,,21,0,0,0,0,2,,,,,,
"41-90-49-08","2143-001-02",11,2,,,,,,,,,,,,,,,,,,,,,,,,,,,,,,,2,,,,,,2,,,,40,0,0,0,0,2,,,,,,
"41-90-49-08","2143-001-02",22,2,,,,,,,,,,,,,,,,,,,,,,,,,,,,,,,2,,,,,,2,,,,64,0,0,0,0,2,,,,,,
"41-90-49-08","2143-001-02",24,2,,,,,,,,,,,,,,,,,,,,,,,,,,,,,,,2,,,,,,2,,,,265,0,0,0,0,2,,,,,,
"41-90-49-08","2143-001-02",25,2,,,,,,,,,,,,,,,,,,,,,,,,,,,,,,,2,,,,,,2,,,,128,0,0,0,0,2,,,,,,
"41-90-49-08","2143-001-02",31,2,,,,,,,,,,,,,,,,,,,,,,,,,,,,,,,2,,,,,,2,,,,75,0,0,0,0,2,,,,,,
"41-90-49-08","2143-001-02",43,2,,,,,,,,,,,,,,,,,,,,,,,,,,,,,,,2,,,,,,2,,,,25,0,0,0,0,2,,,,,,
"42-74-37-60","2144-001-01",11,2,,,,,,,,,,,,,,,,,,,,,,,,,,,,,,,2,,,,,,2,,,,40,0,0,0,0,2,,,,,,
"42-74-37-60","2144-001-01",22,2,,,,,,,,,,,,,,,,,,,,,,,,,,,,,,,2,,,,,,2,,,,600,0,0,200,0,2,,,,,,
"42-74-37-60","2144-001-01",25,2,,,,,,,,,,,,,,,,,,,,,,,,,,,,,,,2,,,,,,2,,,,120,0,0,0,0,2,,,,,,
"42-74-37-60","2144-001-01",31,1,20,40000,9,1,20,40000,5,2021,1,1,,1,,2,,,,,,,,,,,,2,,,,,2,,,,,,2,,,,40,0,0,0,0,2,,,,,,
"88-95-93-56","2146-001-01",11,1,600,420000,16,3,600,420000,3,2021,2,1,,1,,2,,,,,,,,,,,,2,,,,,2,,,,,,2,,,,350,0,0,0,0,2,,,,,,
"88-95-93-56","2146-001-01",31,2,,,,,,,,,,,,,,,,,,,,,,,,,,,,,,,2,,,,,,2,,,,280,60,0,60,0,2,,,,,,
"37-02-89-81","2146-001-03",11,2,,,,,,,,,,,,,,,,,,,,,,,,,,,,,,,2,,,,,,2,,,,15,5,0,0,0,4,,,,,,
"37-02-89-81","2146-001-03",31,2,,,,,,,,,,,,,,,,,,,,,,,,,,,,,,,2,,,,,,2,,,,95,5,0,0,0,4,,,,,,
"82-49-19-23","2159-001-01",11,2,,,,,,,,,,,,,,,,,,,,,,,,,,,,,,,2,,,,,,2,,,,252,18,0,0,0,2,,,,,,
"43-24-82-62","2165-001-01",11,1,120,40000,9,1,120,40000,2,2020,1,1,,1,,2,,,,,,,,,,,,2,,,,,2,,,,,,2,,,,120,0,0,0,0,2,,,,,,
"43-24-82-62","2165-001-01",25,2,,,,,,,,,,,,,,,,,,,,,,,,,,,,,,,2,,,,,,2,,,,39,0,0,0,0,2,,,,,,
"43-24-82-62","2165-001-01",31,1,80,108000,9,1,80,108000,2,2020,1,1,,1,,2,,,,,,,,,,,,2,,,,,2,,,,,,2,,,,80,0,0,0,0,1,,,,,,
"14-48-48-94","2180-001-01",11,2,,,,,,,,,,,,,,,,,,,,,,,,,,,,,,,2,,,,,,2,,,,108,0,0,0,0,3,,,,,,
"82-21-30-39","2181-001-01",11,2,,,,,,,,,,,,,,,,,,,,,,,,,,,,,,,2,,,,,,2,,,,200,0,0,0,0,2,,,,,,
"82-21-30-39","2181-001-01",31,1,100,80000,9,1,100,80000,3,2020,1,1,,1,,2,,,,,,,,,,,,2,,,,,2,,,,,,2,,,,100,0,0,0,0,2,,,,,,
"09-99-32-01","2182-001-01",11,2,,,,,,,,,,,,,,,,,,,,,,,,,,,,,,,2,,,,,,2,,,,120,0,0,0,0,2,,,,,,
"81-89-19-21","2183-001-01",11,1,240,60000,9,1,240,60000,3,2020,1,1,,1,,2,,,,,,,,,,,,2,,,,,2,,,,,,2,,,,360,0,0,0,0,2,,,,,,
"81-89-19-21","2183-001-01",31,2,,,,,,,,,,,,,,,,,,,,,,,,,,,,,,,2,,,,,,2,,,,120,0,0,0,0,2,,,,,,
"97-20-56-67","2184-001-01",11,2,,,,,,,,,,,,,,,,,,,,,,,,,,,,,,,2,,,,,,2,,,,40,0,0,0,0,2,,,,,,
"01-60-89-94","2185-001-01",11,2,,,,,,,,,,,,,,,,,,,,,,,,,,,,,,,2,,,,,,2,,,,480,0,0,0,0,2,,,,,,
"01-60-89-94","2185-001-01",31,2,,,,,,,,,,,,,,,,,,,,,,,,,,,,,,,2,,,,,,2,,,,340,0,0,0,0,2,,,,,,
"50-12-34-35","2197-001-01",11,1,1080,400000,9,3,1080,400000,5,2020,1,1,,1,,2,,,,,,,,,,,,2,,,,,2,,,,,,2,,,,1080,0,0,0,0,4,,,,,,
"50-12-34-35","2197-001-01",31,2,,,,,,,,,,,,,,,,,,,,,,,,,,,,,,,2,,,,,,2,,,,60,0,0,0,0,2,,,,,,
"56-62-89-78","2199-001-01",31,1,360,288000,4,1,360,288000,3,2020,1,2,,2,,2,,,,,,,,,,,,1,2,3,2,4500,2,,,,,,2,,,,0,0,0,0,0,2,,,,,,
"97-95-25-48","2200-001-01",31,2,,,,,,,,,,,,,,,,,,,,,,,,,,,,,,,2,,,,,,2,,,,200,40,0,0,0,1,,,,,,
"14-73-22-19","2201-001-01",13,1,500,175000,9,5,500,175000,8,2020,1,1,,1,,2,,,,,,,,,,,,2,,,,,2,,,,,,2,,,,0,0,0,0,0,2,,,,,,
"56-10-08-70","2204-001-01",11,2,,,,,,,,,,,,,,,,,,,,,,,,,,,,,,,2,,,,,,2,,,,120,0,0,0,0,2,,,,,,
"56-10-08-70","2204-001-01",31,2,,,,,,,,,,,,,,,,,,,,,,,,,,,,,,,2,,,,,,2,,,,40,0,0,0,0,2,,,,,,
"81-50-48-56","2217-001-02",11,1,324,150000,9,2,324,150000,4,2021,1,1,,1,2,2,,,,,,,,,,,,2,,,,,1,60,4,2,,1,2,,,,48,0,0,0,0,2,,,,,,
"81-50-48-56","2217-001-02",31,1,150,150000,9,2,150,150000,6,2021,1,2,,1,2,2,,,,,,,,,,,,2,,,,,2,,,,,,2,,,,70,20,0,0,0,2,,,,,,
"84-58-41-51","2218-001-01",11,2,,,,,,,,,,,,,,,,,,,,,,,,,,,,,,,2,,,,,,2,,,,100,0,0,0,0,2,,,,,,
"84-58-41-51","2218-001-01",31,2,,,,,,,,,,,,,,,,,,,,,,,,,,,,,,,2,,,,,,2,,,,20,0,0,0,0,3,,,,,,
"55-19-95-16","2219-001-01",11,2,,,,,,,,,,,,,,,,,,,,,,,,,,,,,,,2,,,,,,2,,,,160,0,0,0,0,4,,,,,,
"55-19-95-16","2219-001-01",31,2,,,,,,,,,,,,,,,,,,,,,,,,,,,,,,,2,,,,,,2,,,,70,20,0,0,0,2,,,,,,
"91-90-18-92","2220-001-01",31,1,150,225000,9,3,150,225000,7,2020,1,1,,1,,2,,,,,,,,,,,,2,,,,,2,,,,,,2,,,,350,0,0,0,0,3,,,,,,
"05-40-62-63","2221-001-01",11,2,,,,,,,,,,,,,,,,,,,,,,,,,,,,,,,2,,,,,,2,,,,238,18,0,0,0,2,,,,,,
"24-15-17-33","2222-001-01",11,2,,,,,,,,,,,,,,,,,,,,,,,,,,,,,,,1,100,4,1,2,1,2,,,,535,50,0,0,0,4,,,,,,
"24-15-17-33","2222-001-01",25,2,,,,,,,,,,,,,,,,,,,,,,,,,,,,,,,2,,,,,,2,,,,350,0,0,0,0,4,,,,,,
"24-15-17-33","2222-001-01",31,2,,,,,,,,,,,,,,,,,,,,,,,,,,,,,,,2,,,,,,2,,,,1100,0,0,0,0,4,,,,,,
"21-66-19-79","2235-001-01",31,2,,,,,,,,,,,,,,,,,,,,,,,,,,,,,,,1,10,4,2,,1,2,,,,10,10,0,0,0,2,,,,,,
"00-11-58-55","2236-001-02",11,2,,,,,,,,,,,,,,,,,,,,,,,,,,,,,,,2,,,,,,2,,,,80,0,0,0,0,2,,,,,,
"33-40-18-38","2238-001-01",11,2,,,,,,,,,,,,,,,,,,,,,,,,,,,,,,,2,,,,,,2,,,,50,15,0,30,0,2,,,,,,
"33-40-18-38","2238-001-01",31,1,60,18000,9,3,60,18000,12,2020,1,1,,1,,2,,,,,,,,,,,,2,,,,,2,,,,,,2,,,,30,5,0,15,0,2,,,,,,
"00-38-57-23","2239-001-01",31,2,,,,,,,,,,,,,,,,,,,,,,,,,,,,,,,2,,,,,,2,,,,27,7,0,0,0,2,,,,,,
"74-49-80-07","2239-001-03",22,2,,,,,,,,,,,,,,,,,,,,,,,,,,,,,,,2,,,,,,2,,,,105,0,0,0,0,2,,,,,,
"74-49-80-07","2239-001-03",31,2,,,,,,,,,,,,,,,,,,,,,,,,,,,,,,,1,36,6,2,,1,2,,,,36,20,0,0,0,3,,,,,,
"33-71-74-27","2241-001-01",31,2,,,,,,,,,,,,,,,,,,,,,,,,,,,,,,,2,,,,,,2,,,,50,4,0,6,0,2,,,,,,
"31-14-86-01","2242-001-01",31,2,,,,,,,,,,,,,,,,,,,,,,,,,,,,,,,1,10,2,1,1,1,2,,,,7,3,0,0,0,2,,,,,,
"53-95-94-12","2254-001-01",11,2,,,,,,,,,,,,,,,,,,,,,,,,,,,,,,,2,,,,,,2,,,,30,10,0,0,0,5,,,,,,
"53-95-94-12","2254-001-01",31,1,20,20000,16,1,20,20000,3,2020,1,1,,1,,2,,,,,,,,,,,,2,,,,,2,,,,,,2,,,,20,20,0,0,0,5,,,,,,
"74-70-00-93","2255-001-01",998,2,,,,,,,,,,,,,,,,,,,,,,,,,,,,,,,2,,,,,,2,,,,1800,0,0,0,0,1,,,,,,
"93-31-89-76","2256-001-01",31,2,,,,,,,,,,,,,,,,,,,,,,,,,,,,,,,2,,,,,,2,,,,18,18,18,0,0,2,,,,,,
"79-86-31-64","2256-001-03",11,2,,,,,,,,,,,,,,,,,,,,,,,,,,,,,,,2,,,,,,2,,,,40,3,0,67,0,2,,,,,,
"79-86-31-64","2256-001-03",31,1,200,180000,16,1,200,180000,2,2020,1,1,2,1,2,2,,,,,,,,,,,,2,,,,,2,,,,,,2,,,,30,0,0,0,0,2,,,,,,
"79-86-31-64","2256-001-03",37,2,,,,,,,,,,,,,,,,,,,,,,,,,,,,,,,2,,,,,,2,,,,13,0,0,0,0,2,,,,,,
"79-86-31-64","2256-001-03",43,2,,,,,,,,,,,,,,,,,,,,,,,,,,,,,,,2,,,,,,2,,,,12,0,0,0,0,2,,,,,,
"30-93-95-65","2257-001-01",11,1,216,60000,16,2,216,60000,3,2020,1,1,2,1,2,2,,,,,,,,,,,,2,,,,,2,,,,,,2,,,,98,10,0,0,0,2,,,,,,
"30-93-95-65","2257-001-01",31,1,380,380000,16,3,380,380000,3,2020,1,1,2,1,2,2,,,,,,,,,,,,2,,,,,2,,,,,,2,,,,80,20,0,0,0,2,,,,,,
"30-93-95-65","2257-001-01",37,1,15,35000,16,3,15,35000,2,2020,1,1,2,1,2,2,,,,,,,,,,,,2,,,,,2,,,,,,2,,,,5,0,0,0,0,2,,,,,,
"14-19-73-23","2258-001-01",31,2,,,,,,,,,,,,,,,,,,,,,,,,,,,,,,,2,,,,,,2,,,,65,5,0,0,0,2,,,,,,
"80-56-51-76","2259-001-01",11,2,,,,,,,,,,,,,,,,,,,,,,,,,,,,,,,2,,,,,,1,2,1,8000,65,0,0,0,0,4,,,,,,
"80-56-51-76","2259-001-01",31,2,,,,,,,,,,,,,,,,,,,,,,,,,,,,,,,2,,,,,,2,,,,150,0,0,0,0,2,,,,,,
"16-88-52-77","2260-001-01",11,2,,,,,,,,,,,,,,,,,,,,,,,,,,,,,,,2,,,,,,2,,,,60,2,0,38,0,2,,,,,,
"16-88-52-77","2260-001-01",31,2,,,,,,,,,,,,,,,,,,,,,,,,,,,,,,,2,,,,,,2,,,,60,0,0,40,0,2,,,,,,
"57-18-13-69","2360-001-01",998,2,,,,,,,,,,,,,,,,,,,,,,,,,,,,,,,2,,,,,,2,,,,50,0,0,30,0,1,,,,,,
"88-73-79-17","2521-001-01",11,2,,,,,,,,,,,,,,,,,,,,,,,,,,,,,,,2,,,,,,2,,,,20,0,0,0,0,2,,,,,,
"88-73-79-17","2521-001-01",43,1,30,50000,10,1,30,30000,4,2019,1,1,,1,,2,,,,,,,,,,,,2,,,,,2,,,,,,2,,,,30,0,0,0,0,2,,,,,,
"59-63-78-89","2527-001-07",11,2,,,,,,,,,,,,,,,,,,,,,,,,,,,,,,,1,60,4,2,,1,2,,,,60,2,0,0,0,2,,,,,,
"59-63-78-89","2527-001-07",31,1,4,8000,2,1,4,8000,12,2020,1,1,,1,2,2,,,,,,,,,,,,2,,,,,2,,,,,,2,,,,21,0,0,0,0,2,,,,,,
"81-85-70-18","2615-001-01",23,1,200,112000,9,1,200,112000,1,2020,1,1,,1,,2,,,,,,,,,,,,2,,,,,2,,,,,,2,,,,40,0,0,60,0,2,,,,,,
"47-47-77-47","2618-001-01",11,1,1200,400000,4,2,1200,400000,6,2020,1,1,,1,,2,,,,,,,,,,,,1,2,1,4,15000,1,60,8,1,1,1,2,,,,180,0,120,240,0,4,,,,,,
"86-05-32-23","2620-001-01",11,1,1118,495000,16,1,1118,495000,9,2020,1,1,2,1,2,2,,,,,,,,,,,,2,,,,,1,286,1,2,,1,2,,,,0,0,0,0,0,6,,,,,,
"33-87-64-65","2621-001-01",23,1,20400,11320000,9,1,20400,11320000,1,2020,2,1,,1,2,2,,,,,,,,,,,,2,,,,,2,,,,,,2,,,,100,0,0,0,0,2,,,,,,
"33-87-64-65","2621-001-01",31,1,100,200000,9,1,100,200000,3,2020,1,1,2,1,2,2,,,,,,,,,,,,2,,,,,2,,,,,,2,,,,30,20,0,0,0,2,,,,,,
"61-66-70-26","2634-001-01",11,2,,,,,,,,,,,,,,,,,,,,,,,,,,,,,,,2,,,,,,2,,,,198,0,270,72,0,2,,,,,,
"51-21-65-29","2635-001-01",11,2,,,,,,,,,,,,,,,,,,,,,,,,,,,,,,,2,,,,,,2,,,,378,0,0,54,0,2,,,,,,
"87-28-67-89","2637-001-01",11,2,,,,,,,,,,,,,,,,,,,,,,,,,,,,,,,2,,,,,,2,,,,486,0,0,0,0,6,,,,,,
"33-23-50-35","2638-001-01",11,2,,,,,,,,,,,,,,,,,,,,,,,,,,,,,,,2,,,,,,2,,,,230,0,0,10,0,5,,,,,,
"01-89-35-76","2640-001-01",11,2,,,,,,,,,,,,,,,,,,,,,,,,,,,,,,,2,,,,,,2,,,,240,0,0,0,0,4,,,,,,
"01-89-35-76","2640-001-01",25,2,,,,,,,,,,,,,,,,,,,,,,,,,,,,,,,2,,,,,,2,,,,60,0,0,0,0,2,,,,,,
"18-61-60-45","2654-001-01",11,2,,,,,,,,,,,,,,,,,,,,,,,,,,,,,,,2,,,,,,2,,,,72,0,0,0,0,2,,,,,,
"18-61-60-45","2654-001-01",34,2,,,,,,,,,,,,,,,,,,,,,,,,,,,,,,,2,,,,,,2,,,,20,0,0,0,0,2,,,,,,
"24-22-77-12","2655-001-01",11,2,,,,,,,,,,,,,,,,,,,,,,,,,,,,,,,2,,,,,,2,,,,20,0,0,20,0,2,,,,,,
"47-19-86-88","2672-001-02",31,1,6,14000,4,1,6,14000,5,2019,1,2,,2,,2,,,,,,,,,,,,2,,,,,2,,,,,,2,,,,0,0,0,0,0,4,,,,,,
"50-32-82-32","2673-001-01",11,2,,,,,,,,,,,,,,,,,,,,,,,,,,,,,,,2,,,,,,2,,,,224,10,0,144,0,4,,,,,,
"50-32-82-32","2673-001-01",31,2,,,,,,,,,,,,,,,,,,,,,,,,,,,,,,,2,,,,,,2,,,,56,8,0,16,0,2,,,,,,
"13-28-91-73","2674-001-01",11,2,,,,,,,,,,,,,,,,,,,,,,,,,,,,,,,1,120,4,2,,2,2,,,,0,0,0,0,0,2,,,,,,
"13-28-91-73","2674-001-01",31,2,,,,,,,,,,,,,,,,,,,,,,,,,,,,,,,1,36,4,2,,2,2,,,,0,0,0,0,0,2,,,,,,
"20-33-96-80","2675-001-01",11,2,,,,,,,,,,,,,,,,,,,,,,,,,,,,,,,1,660,4,1,1,1,2,,,,200,8,0,72,0,4,,,,,,
"84-24-88-24","2676-001-01",11,2,,,,,,,,,,,,,,,,,,,,,,,,,,,,,,,1,108,4,2,,1,2,,,,108,0,0,0,0,4,,,,,,
"84-24-88-24","2676-001-01",31,2,,,,,,,,,,,,,,,,,,,,,,,,,,,,,,,2,,,,,,2,,,,20,0,0,0,0,4,,,,,,
"50-01-22-99","2696-001-01",25,2,,,,,,,,,,,,,,,,,,,,,,,,,,,,,,,2,,,,,,2,,,,20,0,0,0,0,2,,,,,,
"23-46-30-52","2711-001-01",11,1,3240,1500000,9,1,3240,1500000,2,2020,1,1,,1,,2,,,,,,,,,,,,2,,,,,2,,,,,,2,,,,216,0,0,108,0,2,,,,,,
"23-46-30-52","2711-001-01",12,1,7000,4000000,9,1,7000,4000000,2,2020,1,1,,1,,2,,,,,,,,,,,,2,,,,,2,,,,,,2,,,,0,0,0,0,0,2,,,,,,
"84-67-51-77","2715-001-01",12,1,780,480000,9,5,780,480000,4,2020,1,1,2,1,2,2,,,,,,,,,,,,2,,,,,2,,,,,,2,,,,130,0,0,0,0,2,,,,,,
"98-76-92-34","2717-001-01",11,2,,,,,,,,,,,,,,,,,,,,,,,,,,,,,,,2,,,,,,2,,,,46,0,0,0,0,4,,,,,,
"31-77-47-70","2735-001-01",12,1,6250,5375000,9,3,6250,5375000,2,2020,5,1,,1,,2,,,,,,,,,,,,1,10,5,6,306000,2,,,,,,2,,,,61,115,0,74,0,2,,,,,,
"91-79-41-80","2957-001-01",11,2,,,,,,,,,,,,,,,,,,,,,,,,,,,,,,,2,,,,,,2,,,,400,0,0,0,0,4,,,,,,
"50-10-51-60","2958-001-01",11,2,,,,,,,,,,,,,,,,,,,,,,,,,,,,,,,2,,,,,,2,,,,378,0,0,0,0,4,,,,,,
"90-65-51-49","2959-001-01",11,2,,,,,,,,,,,,,,,,,,,,,,,,,,,,,,,2,,,,,,2,,,,250,10,0,40,0,5,,,,,,
"90-65-51-49","2959-001-01",31,1,20,25000,2,1,20,25000,4,2021,1,2,,2,,2,,,,,,,,,,,,2,,,,,2,,,,,,2,,,,20,0,0,0,0,3,,,,,,
"34-70-67-06","2960-001-01",11,2,,,,,,,,,,,,,,,,,,,,,,,,,,,,,,,2,,,,,,2,,,,324,0,0,0,0,2,,,,,,
"34-70-67-06","2960-001-01",31,2,,,,,,,,,,,,,,,,,,,,,,,,,,,,,,,2,,,,,,2,,,,20,0,0,0,0,2,,,,,,
"71-25-33-16","2961-001-01",11,1,60,15000,3,1,60,15000,3,2021,1,1,2,1,2,2,,,,,,,,,,,,2,,,,,2,,,,,,2,,,,420,0,0,0,0,5,,,,,,
"71-25-33-16","2961-001-01",31,2,,,,,,,,,,,,,,,,,,,,,,,,,,,,,,,2,,,,,,2,,,,10,0,0,0,0,5,,,,,,
"67-75-87-74","2962-001-01",31,1,20,180000,16,1,20,180000,11,2021,1,1,,1,,2,,,,,,,,,,,,2,,,,,1,40,5,1,1,1,2,,,,40,0,0,0,0,4,,,,,,
"50-53-97-99","3035-001-01",11,1,4968,1840000,4,2,4968,1840000,4,2020,1,1,6,1,,2,,,,,,,,,,,,1,6,1,6,230000,2,,,,,,2,,,,648,108,0,0,0,2,,,,,,
"35-05-63-48","3037-001-01",11,2,,,,,,,,,,,,,,,,,,,,,,,,,,,,,,,2,,,,,,1,1,1,30000,390,10,0,0,100,2,,,,,,
"39-50-51-32","3038-001-01",11,2,,,,,,,,,,,,,,,,,,,,,,,,,,,,,,,2,,,,,,2,,,,2000,0,0,0,0,4,,,,,,
"39-50-51-32","3038-001-01",13,2,,,,,,,,,,,,,,,,,,,,,,,,,,,,,,,2,,,,,,2,,,,2800,100,0,0,0,4,,,,,,
"39-36-43-12","3040-001-01",11,1,90,50000,4,1,90,50000,4,2020,2,1,2,1,2,2,,,,,,,,,,,,2,,,,,2,,,,,,2,,,,180,0,0,0,0,4,,,,,,
"39-36-43-12","3040-001-01",50,1,40,26000,4,1,40,26000,3,2020,1,1,2,1,2,2,,,,,,,,,,,,2,,,,,2,,,,,,2,,,,0,0,0,0,0,2,,,,,,
"38-77-98-46","3071-001-01",11,1,600,400000,5,3,600,400000,8,2020,1,1,,1,,2,,,,,,,,,,,,1,20,1,2,8000,1,3220,2,1,1,1,2,,,,840,0,0,20,0,4,,,,,,
"96-10-29-26","3074-001-01",11,1,972,540000,4,3,972,54000,4,2020,2,1,2,1,,2,,,,,,,,,,,,1,10,2,2,0,2,,,,,,2,,,,776,0,0,0,0,2,,,,,,
"52-87-01-71","3074-001-03",11,2,,,,,,,,,,,,,,,,,,,,,,,,,,,,,,,2,,,,,,2,,,,120,0,0,0,0,2,,,,,,
"52-87-01-71","3074-001-03",12,1,720,400000,16,1,720,400000,9,2020,3,1,,1,,2,,,,,,,,,,,,2,,,,,1,70,4,2,,1,2,,,,20,15,0,0,0,2,,,,,,
"52-87-01-71","3074-001-03",22,2,,,,,,,,,,,,,,,,,,,,,,,,,,,,,,,1,600,1,2,,1,2,,,,1200,0,0,0,0,2,,,,,,
"52-87-01-71","3074-001-03",31,2,,,,,,,,,,,,,,,,,,,,,,,,,,,,,,,2,,,,,,2,,,,9,0,0,0,0,2,,,,,,
"83-83-97-84","3074-001-04",11,2,,,,,,,,,,,,,,,,,,,,,,,,,,,,,,,2,,,,,,2,,,,11000,0,0,0,0,2,,,,,,
"83-83-97-84","3074-001-04",22,1,50,15000,2,1,50,15000,12,2020,1,9,,9,,2,,,,,,,,,,,,2,,,,,2,,,,,,2,,,,1450,0,0,0,0,2,,,,,,
"89-42-62-02","3075-001-02",11,2,,,,,,,,,,,,,,,,,,,,,,,,,,,,,,,2,,,,,,1,2,2,5000,380,0,0,20,0,4,,,,,,
"89-42-62-02","3075-001-02",31,2,,,,,,,,,,,,,,,,,,,,,,,,,,,,,,,2,,,,,,2,,,,20,0,0,0,0,4,,,,,,
"22-18-86-07","3077-001-01",11,2,,,,,,,,,,,,,,,,,,,,,,,,,,,,,,,1,200,1,2,,1,2,,,,0,0,0,0,0,4,,,,,,
"22-58-01-55","3078-001-01",11,2,,,,,,,,,,,,,,,,,,,,,,,,,,,,,,,1,250,2,1,1,1,2,,,,1480,100,0,0,0,4,,,,,,
"22-58-01-55","3078-001-01",33,1,1560,1950000,16,1,1560,1950000,2,2020,7,1,7,1,7,2,,,,,,,,,,,,1,15,1,2,0,1,120,2,2,,3,2,,,,840,120,0,0,0,4,,,,,,
"04-35-28-36","3078-001-02",11,2,,,,,,,,,,,,,,,,,,,,,,,,,,,,,,,1,540,2,1,1,1,2,,,,1080,0,0,0,0,4,,,,,,
"04-35-28-36","3078-001-02",33,2,,,,,,,,,,,,,,,,,,,,,,,,,,,,,,,2,,,,,,2,,,,90,20,0,10,0,4,,,,,,
"01-31-69-05","3093-001-01",11,2,,,,,,,,,,,,,,,,,,,,,,,,,,,,,,,2,,,,,,2,,,,60,0,0,0,0,6,,,,,,
"08-93-73-16","3094-001-01",11,1,864,200000,9,6,864,200000,7,2021,2,1,2,1,2,2,,,,,,,,,,,,2,,,,,2,,,,,,2,,,,2160,0,0,108,0,4,,,,,,
"12-95-59-21","3097-001-01",11,1,1188,324000,9,6,1188,324000,2,2021,1,1,,1,,2,,,,,,,,,,,,2,,,,,2,,,,,,2,,,,396,0,0,0,0,4,,,,,,
"12-95-59-21","3097-001-01",31,1,40,42000,9,6,40,42000,2,2021,1,1,,1,,2,,,,,,,,,,,,2,,,,,2,,,,,,2,,,,80,0,0,0,0,4,,,,,,
"93-36-30-05","3109-001-01",998,2,,,,,,,,,,,,,,,,,,,,,,,,,,,,,,,2,,,,,,2,,,,500,0,0,0,0,2,,,,,,
"13-23-04-15","3112-001-01",11,1,100,70000,16,1,100,70000,7,2020,6,1,,1,,2,,,,,,,,,,,,2,,,,,2,,,,,,2,,,,100,0,0,0,0,2,,,,,,
"65-60-93-93","3114-001-01",998,2,,,,,,,,,,,,,,,,,,,,,,,,,,,,,,,2,,,,,,2,,,,200,0,0,0,0,2,,,,,,
"18-57-18-84","3115-001-01",11,2,,,,,,,,,,,,,,,,,,,,,,,,,,,,,,,2,,,,,,2,,,,200,10,0,0,5,2,,,,,,
"71-65-11-52","3192-001-01",11,2,,,,,,,,,,,,,,,,,,,,,,,,,,,,,,,1,60,7,2,,1,2,,,,40,0,0,20,0,3,,,,,,
"66-71-90-73","3470-001-03",25,2,,,,,,,,,,,,,,,,,,,,,,,,,,,,,,,2,,,,,,2,,,,3,0,0,0,0,5,,,,,,
"65-52-91-16","3610-001-01",11,2,,,,,,,,,,,,,,,,,,,,,,,,,,,,,,,2,,,,,,2,,,,50,0,0,10,0,3,,,,,,
"06-96-90-32","3622-001-01",31,1,200,300000,9,1,200,300000,9,2019,1,1,4,1,4,2,,,,,,,,,,,,2,,,,,2,,,,,,2,,,,100,0,0,0,0,3,,,,,,
"06-96-90-32","3622-001-01",41,2,,,,,,,,,,,,,,,,,,,,,,,,,,,,,,,2,,,,,,2,,,,180,0,0,0,0,3,,,,,,
"88-20-31-17","3641-001-01",11,2,,,,,,,,,,,,,,,,,,,,,,,,,,,,,,,2,,,,,,2,,,,73,0,0,20,0,4,,,,,,
"88-20-31-17","3641-001-01",31,2,,,,,,,,,,,,,,,,,,,,,,,,,,,,,,,2,,,,,,2,,,,5,0,0,0,0,4,,,,,,
"73-54-93-25","3666-001-01",95,1,60000,6100000,9,3,60000,6100000,9,2020,4,1,2,1,2,2,,,,,,,,,,,,2,,,,,2,,,,,,2,,,,40,0,0,60,0,2,,,,,,
"73-54-93-25","3666-001-01",998,2,,,,,,,,,,,,,,,,,,,,,,,,,,,,,,,2,,,,,,2,,,,20,0,0,5,0,2,,,,,,
"97-67-30-88","3687-001-01",32,2,,,,,,,,,,,,,,,,,,,,,,,,,,,,,,,2,,,,,,2,,,,3,0,0,0,0,2,,,,,,
"97-67-30-88","3687-001-01",91,1,30,15000,9,1,30,15,5,2020,3,1,2,1,2,2,,,,,,,,,,,,2,,,,,2,,,,,,2,,,,40,0,0,5,0,2,,,,,,
"84-70-04-13","3720-001-01",11,2,,,,,,,,,,,,,,,,,,,,,,,,,,,,,,,2,,,,,,2,,,,100,100,0,0,0,2,,,,,,
"84-70-04-13","3720-001-01",12,1,540,540000,9,2,540,540000,10,2020,1,1,,1,,2,,,,,,,,,,,,2,,,,,2,,,,,,2,,,,0,60,0,0,0,2,,,,,,
"84-70-04-13","3720-001-01",13,1,750,900000,9,2,750,900000,11,2020,1,1,,1,,2,,,,,,,,,,,,2,,,,,2,,,,,,2,,,,0,50,0,0,0,2,,,,,,
"67-16-45-78","3721-001-01",11,1,30,24000,4,2,30,24000,7,2020,1,1,2,1,2,2,,,,,,,,,,,,2,,,,,2,,,,,,2,,,,270,0,0,10,0,2,,,,,,
"26-38-86-97","3723-001-03",11,2,,,,,,,,,,,,,,,,,,,,,,,,,,,,,,,2,,,,,,2,,,,130,10,0,10,0,2,,,,,,
"44-69-31-70","3724-001-01",11,1,200,100000,4,4,200,100000,7,2020,1,1,2,1,2,2,,,,,,,,,,,,2,,,,,1,60,4,1,1,1,2,,,,500,0,0,0,0,2,,,,,,
"98-58-55-76","3740-001-01",11,1,100,100000,2,1,100,100000,8,2020,1,1,2,1,2,2,,,,,,,,,,,,2,,,,,2,,,,,,2,,,,400,0,0,0,0,2,,,,,,
"53-91-81-33","3775-001-01",11,2,,,,,,,,,,,,,,,,,,,,,,,,,,,,,,,2,,,,,,2,,,,100,0,0,0,0,4,,,,,,
"76-89-02-19","3933-001-01",11,1,1386,385000,9,4,1386,385000,4,2021,1,1,2,1,2,2,,,,,,,,,,,,2,,,,,1,126,4,2,,1,2,,,,378,0,0,0,0,5,,,,,,
"43-94-10-02","3946-001-01",11,2,,,,,,,,,,,,,,,,,,,,,,,,,,,,,,,2,,,,,,2,,,,100,0,0,0,0,2,,,,,,
"89-86-06-24","3946-001-02",998,2,,,,,,,,,,,,,,,,,,,,,,,,,,,,,,,2,,,,,,2,,,,40,0,0,10,0,2,,,,,,
"04-01-34-61","3948-001-01",11,2,,,,,,,,,,,,,,,,,,,,,,,,,,,,,,,1,30,4,2,,1,2,,,,150,0,0,0,0,4,,,,,,
"14-63-58-26","3949-001-01",11,2,,,,,,,,,,,,,,,,,,,,,,,,,,,,,,,2,,,,,,2,,,,180,0,0,0,0,2,,,,,,
"14-63-58-26","3949-001-01",32,2,,,,,,,,,,,,,,,,,,,,,,,,,,,,,,,2,,,,,,2,,,,20,0,0,0,0,2,,,,,,
"12-55-82-35","3950-001-01",11,2,,,,,,,,,,,,,,,,,,,,,,,,,,,,,,,1,180,2,2,,1,2,,,,360,0,0,0,0,5,,,,,,
"62-60-65-50","3983-001-01",12,2,,,,,,,,,,,,,,,,,,,,,,,,,,,,,,,1,272,4,2,,1,2,,,,204,0,0,68,0,2,,,,,,
"07-12-29-18","4002-001-06",11,2,,,,,,,,,,,,,,,,,,,,,,,,,,,,,,,2,,,,,,2,,,,50,10,0,0,0,2,,,,,,
"15-44-50-11","4003-001-01",11,2,,,,,,,,,,,,,,,,,,,,,,,,,,,,,,,2,,,,,,2,,,,200,0,0,0,0,2,,,,,,
"15-44-50-11","4003-001-01",32,2,,,,,,,,,,,,,,,,,,,,,,,,,,,,,,,2,,,,,,2,,,,116,4,0,0,0,2,,,,,,
"21-77-05-56","4004-001-01",11,2,,,,,,,,,,,,,,,,,,,,,,,,,,,,,,,2,,,,,,2,,,,200,20,0,0,0,2,,,,,,
"21-77-05-56","4004-001-01",13,1,80,35000,2,1,80,35000,3,2020,1,1,2,1,2,2,,,,,,,,,,,,2,,,,,2,,,,,,2,,,,80,0,0,0,0,2,,,,,,
"95-46-77-55","4005-001-01",11,1,140,35000,9,1,140,35000,4,2020,1,1,,1,,2,,,,,,,,,,,,2,,,,,2,,,,,,2,,,,140,0,0,0,0,5,,,,,,
"71-92-23-11","4006-001-01",13,2,,,,,,,,,,,,,,,,,,,,,,,,,,,,,,,2,,,,,,2,,,,160,0,0,0,0,2,,,,,,
"99-75-01-91","4007-001-03",11,2,,,,,,,,,,,,,,,,,,,,,,,,,,,,,,,2,,,,,,2,,,,140,0,0,0,0,2,,,,,,
"99-75-01-91","4007-001-03",33,1,60,36000,5,1,60,36000,3,2020,1,1,2,1,2,2,,,,,,,,,,,,1,4,1,1,0,2,,,,,,2,,,,20,0,0,0,0,2,,,,,,
"41-08-71-95","4008-001-01",11,2,,,,,,,,,,,,,,,,,,,,,,,,,,,,,,,1,216,2,2,,1,1,2,1,20000,432,0,0,0,0,4,,,,,,
"90-00-90-29","4012-001-04",13,1,480,600000,11,2,480,600000,7,2020,2,1,2,1,2,2,,,,,,,,,,,,2,,,,,1,120,2,2,,1,2,,,,240,0,0,0,0,4,,,,,,
"32-84-96-21","4022-001-01",11,2,,,,,,,,,,,,,,,,,,,,,,,,,,,,,,,2,,,,,,2,,,,280,0,0,0,0,2,,,,,,
"32-84-96-21","4022-001-01",33,1,20,30000,2,1,20,30000,5,2020,1,1,,1,,2,,,,,,,,,,,,2,,,,,2,,,,,,2,,,,0,0,0,0,0,2,,,,,,
"50-45-96-78","4024-001-01",43,1,50000,60000,4,1,50,60000,3,2020,1,1,2,1,2,2,,,,,,,,,,,,1,3,1,2,0,2,,,,,,2,,,,50,0,0,0,0,2,,,,,,
"40-85-46-99","4025-001-01",11,2,,,,,,,,,,,,,,,,,,,,,,,,,,,,,,,2,,,,,,2,,,,80,0,0,0,0,5,,,,,,
"40-85-46-99","4025-001-01",41,2,,,,,,,,,,,,,,,,,,,,,,,,,,,,,,,2,,,,,,2,,,,200,0,0,0,0,5,,,,,,
"60-71-29-58","4028-001-01",11,2,,,,,,,,,,,,,,,,,,,,,,,,,,,,,,,2,,,,,,2,,,,70,0,0,30,0,2,,,,,,
"60-71-29-58","4028-001-01",33,1,20,26000,9,1,20,26000,3,2020,1,1,,1,,2,,,,,,,,,,,,2,,,,,2,,,,,,2,,,,0,0,0,0,0,2,,,,,,
"60-71-29-58","4028-001-01",43,2,,,,,,,,,,,,,,,,,,,,,,,,,,,,,,,2,,,,,,2,,,,6,4,0,0,0,2,,,,,,
"87-00-93-35","4040-001-06",11,2,,,,,,,,,,,,,,,,,,,,,,,,,,,,,,,2,,,,,,2,,,,200,0,0,0,0,3,,,,,,
"12-61-17-85","4041-001-01",11,2,,,,,,,,,,,,,,,,,,,,,,,,,,,,,,,2,,,,,,1,2,5,180000,441,0,0,0,0,2,,,,,,
"12-61-17-85","4041-001-01",31,2,,,,,,,,,,,,,,,,,,,,,,,,,,,,,,,2,,,,,,1,2,5,100000,267,0,0,0,0,2,,,,,,
"23-18-10-95","4042-001-01",11,2,,,,,,,,,,,,,,,,,,,,,,,,,,,,,,,2,,,,,,2,,,,140,0,0,0,0,2,,,,,,
"23-18-10-95","4042-001-01",31,2,,,,,,,,,,,,,,,,,,,,,,,,,,,,,,,2,,,,,,2,,,,48,0,0,0,0,2,,,,,,
"84-50-65-92","4043-001-01",11,2,,,,,,,,,,,,,,,,,,,,,,,,,,,,,,,2,,,,,,2,,,,822,0,0,0,0,2,,,,,,
"08-74-51-59","4044-001-01",11,2,,,,,,,,,,,,,,,,,,,,,,,,,,,,,,,1,20,4,2,,1,2,,,,220,0,0,0,0,5,,,,,,
"42-06-56-07","4044-001-02",11,2,,,,,,,,,,,,,,,,,,,,,,,,,,,,,,,2,,,,,,2,,,,400,0,0,0,0,5,,,,,,
"32-39-94-05","4046-001-01",11,2,,,,,,,,,,,,,,,,,,,,,,,,,,,,,,,2,,,,,,2,,,,200,0,0,0,0,2,,,,,,
"32-39-94-05","4046-001-01",22,2,,,,,,,,,,,,,,,,,,,,,,,,,,,,,,,2,,,,,,2,,,,380,0,0,70,0,2,,,,,,
"83-55-87-54","4047-001-01",11,2,,,,,,,,,,,,,,,,,,,,,,,,,,,,,,,2,,,,,,2,,,,120,0,0,0,0,2,,,,,,
"83-55-87-54","4047-001-01",22,1,120,20000,16,3,120,20000,2,2020,1,1,,1,,2,,,,,,,,,,,,2,,,,,2,,,,,,2,,,,70,0,0,0,0,2,,,,,,
"83-55-87-54","4047-001-01",31,2,,,,,,,,,,,,,,,,,,,,,,,,,,,,,,,2,,,,,,2,,,,60,0,0,0,0,2,,,,,,
"83-55-87-54","4047-001-01",47,2,,,,,,,,,,,,,,,,,,,,,,,,,,,,,,,2,,,,,,2,,,,4,0,0,0,0,2,,,,,,
"96-18-51-61","4081-001-01",11,2,,,,,,,,,,,,,,,,,,,,,,,,,,,,,,,1,80,2,2,,1,2,,,,210,10,0,0,0,2,,,,,,
"96-18-51-61","4081-001-01",33,1,50,60000,9,1,50,60000,9,2020,1,1,,1,,2,,,,,,,,,,,,2,,,,,2,,,,,,2,,,,45,5,0,0,0,2,,,,,,
"96-18-51-61","4081-001-01",43,2,,,,,,,,,,,,,,,,,,,,,,,,,,,,,,,2,,,,,,2,,,,300,0,0,0,0,2,,,,,,
"62-64-26-58","4083-001-01",11,2,,,,,,,,,,,,,,,,,,,,,,,,,,,,,,,2,,,,,,2,,,,280,20,0,0,0,2,,,,,,
"62-64-26-58","4083-001-01",32,2,,,,,,,,,,,,,,,,,,,,,,,,,,,,,,,2,,,,,,2,,,,60,0,0,0,0,2,,,,,,
"19-03-44-86","4085-001-02",11,2,,,,,,,,,,,,,,,,,,,,,,,,,,,,,,,2,,,,,,1,3,1,4000,190,0,0,0,0,2,,,,,,
"19-03-44-86","4085-001-02",12,1,60,60000,9,1,60,60000,7,2020,1,1,2,1,2,2,,,,,,,,,,,,2,,,,,2,,,,,,2,,,,120,0,0,0,0,2,,,,,,
"19-03-44-86","4085-001-02",32,2,,,,,,,,,,,,,,,,,,,,,,,,,,,,,,,2,,,,,,2,,,,10,0,0,0,0,2,,,,,,
"19-03-44-86","4085-001-02",33,2,,,,,,,,,,,,,,,,,,,,,,,,,,,,,,,2,,,,,,2,,,,15,0,0,0,0,2,,,,,,
"43-86-88-41","4155-001-01",11,2,,,,,,,,,,,,,,,,,,,,,,,,,,,,,,,2,,,,,,2,,,,70,0,0,10,0,2,,,,,,
"82-98-10-51","4159-001-06",11,2,,,,,,,,,,,,,,,,,,,,,,,,,,,,,,,2,,,,,,2,,,,20,0,0,0,0,2,,,,,,
"75-63-76-42","4161-001-01",11,1,1200,420000,9,1,1200,420000,2,2021,1,7,8,7,8,2,,,,,,,,,,,,2,,,,,2,,,,,,2,,,,480,20,0,0,0,2,,,,,,
"98-25-88-29","4193-001-01",11,2,,,,,,,,,,,,,,,,,,,,,,,,,,,,,,,1,100,5,2,,1,2,,,,0,100,0,0,0,2,,,,,,
"01-53-37-23","4195-001-01",11,2,,,,,,,,,,,,,,,,,,,,,,,,,,,,,,,1,15,8,2,,1,2,,,,25,0,0,0,0,2,,,,,,
"01-53-37-23","4195-001-01",998,2,,,,,,,,,,,,,,,,,,,,,,,,,,,,,,,2,,,,,,2,,,,8,0,0,0,0,2,,,,,,
"48-88-88-90","4196-001-01",11,2,,,,,,,,,,,,,,,,,,,,,,,,,,,,,,,2,,,,,,2,,,,200,10,0,90,0,2,,,,,,
"91-79-97-08","4199-001-01",11,2,,,,,,,,,,,,,,,,,,,,,,,,,,,,,,,2,,,,,,2,,,,38,2,0,0,0,2,,,,,,
"87-54-04-17","4200-001-01",998,2,,,,,,,,,,,,,,,,,,,,,,,,,,,,,,,2,,,,,,2,,,,500,0,0,0,0,2,,,,,,
"18-95-24-27","4214-001-02",11,2,,,,,,,,,,,,,,,,,,,,,,,,,,,,,,,2,,,,,,2,,,,15,0,0,0,0,2,,,,,,
"10-54-43-56","4217-001-01",11,2,,,,,,,,,,,,,,,,,,,,,,,,,,,,,,,2,,,,,,2,,,,186,0,0,0,0,2,,,,,,
"10-54-43-56","4217-001-01",32,2,,,,,,,,,,,,,,,,,,,,,,,,,,,,,,,2,,,,,,2,,,,24,0,0,0,0,2,,,,,,
"40-02-49-45","4234-001-01",11,2,,,,,,,,,,,,,,,,,,,,,,,,,,,,,,,2,,,,,,2,,,,10,0,0,0,0,5,,,,,,
"49-80-80-49","4253-001-01",31,1,100,45000,9,4,60,45000,8,2020,1,1,3,1,3,1,14,1,40,30000,8,2020,1,3,,3,,2,,,,,2,,,,,,1,4,1,15000,40,60,0,20,0,2,,,,,,
"15-35-50-03","4365-001-01",11,2,,,,,,,,,,,,,,,,,,,,,,,,,,,,,,,2,,,,,,2,,,,40,0,0,0,0,2,,,,,,
"38-11-78-45","4369-001-01",11,2,,,,,,,,,,,,,,,,,,,,,,,,,,,,,,,2,,,,,,2,,,,0,0,0,0,0,2,,,,,,
"63-15-23-80","4387-001-01",13,1,500,225000,4,1,500,225000,3,2021,1,1,,1,,2,,,,,,,,,,,,1,3,1,5,5000,1,300,4,2,,1,2,,,,200,0,0,0,0,2,,,,,,
"24-49-93-40","4462-001-01",11,2,,,,,,,,,,,,,,,,,,,,,,,,,,,,,,,1,50,1,2,,1,2,,,,1450,20,30,0,0,4,,,,,,
"24-49-93-40","4462-001-01",43,2,,,,,,,,,,,,,,,,,,,,,,,,,,,,,,,2,,,,,,2,,,,50,0,0,0,0,4,,,,,,
"79-13-46-57","4515-001-01",11,2,,,,,,,,,,,,,,,,,,,,,,,,,,,,,,,1,54,2,2,,1,2,,,,90,0,0,0,0,3,,,,,,
"97-88-90-36","4516-001-01",11,1,360,90000,16,1,360,90000,3,2021,1,1,,1,,2,,,,,,,,,,,,2,,,,,1,360,4,1,2,1,2,,,,360,0,0,0,0,2,,,,,,
"97-88-90-36","4516-001-01",31,2,,,,,,,,,,,,,,,,,,,,,,,,,,,,,,,2,,,,,,2,,,,240,0,0,0,0,2,,,,,,
"70-16-64-65","4517-001-01",11,1,240,84000,1,1,12,42000,5,2021,1,1,2,1,2,2,,,,,,,,,,,,2,,,,,1,1080,7,1,1,2,2,,,,120,0,0,0,0,2,,,,,,
"27-90-81-47","4522-001-01",11,2,,,,,,,,,,,,,,,,,,,,,,,,,,,,,,,1,240,4,2,,1,2,,,,960,0,0,0,0,4,,,,,,
"56-74-41-29","4534-001-01",11,1,200,96000,3,1,200,96000,7,2020,1,1,,1,,2,,,,,,,,,,,,2,,,,,1,400,4,2,,1,2,,,,600,0,200,200,0,4,,,,,,
"56-74-41-29","4534-001-01",33,1,100,120000,9,1,100,120000,5,2020,1,2,4,2,,2,,,,,,,,,,,,2,,,,,2,,,,,,2,,,,145,5,0,0,0,4,,,,,,
"92-98-94-24","4535-001-01",11,1,756,294000,16,1,756,294000,7,2020,1,1,,1,2,2,,,,,,,,,,,,2,,,,,1,324,4,2,,1,2,,,,648,0,0,0,0,6,,,,,,
"60-91-64-87","4537-001-01",11,1,720,252000,16,4,720,252000,8,2020,1,1,7,1,7,2,,,,,,,,,,,,2,,,,,1,240,4,1,1,1,2,,,,480,0,0,180,0,2,,,,,,
"60-91-64-87","4537-001-01",12,2,,,,,,,,,,,,,,,,,,,,,,,,,,,,,,,1,60,5,2,,1,2,,,,120,3,0,0,0,2,,,,,,
"60-91-64-87","4537-001-01",33,1,360,360000,16,1,360,360000,3,2020,1,1,7,1,7,2,,,,,,,,,,,,2,,,,,2,,,,,,2,,,,40,0,0,0,0,2,,,,,,
"60-91-64-87","4537-001-01",41,2,,,,,,,,,,,,,,,,,,,,,,,,,,,,,,,2,,,,,,2,,,,20,0,0,0,0,2,,,,,,
"60-91-64-87","4537-001-01",50,1,1200,1200000,6,1,1200,1200000,8,2020,1,1,7,1,7,2,,,,,,,,,,,,1,4,1,3,5000,2,,,,,,2,,,,0,0,0,0,0,2,,,,,,
"23-26-79-03","4539-001-02",13,2,,,,,,,,,,,,,,,,,,,,,,,,,,,,,,,2,,,,,,2,,,,100,0,0,0,0,2,,,,,,
"88-22-71-88","4540-001-02",11,2,,,,,,,,,,,,,,,,,,,,,,,,,,,,,,,2,,,,,,2,,,,160,0,0,0,0,5,,,,,,
"99-29-28-04","4543-001-01",11,2,,,,,,,,,,,,,,,,,,,,,,,,,,,,,,,2,,,,,,1,2,2,4000,2000,0,0,100,0,4,,,,,,
"99-29-28-04","4543-001-01",33,1,600,420000,2,1,600,420000,1,2020,3,1,3,1,3,2,,,,,,,,,,,,2,,,,,2,,,,,,2,,,,100,0,0,20,0,4,,,,,,
"34-33-43-16","4634-001-01",11,2,,,,,,,,,,,,,,,,,,,,,,,,,,,,,,,2,,,,,,2,,,,660,0,0,0,0,4,,,,,,
"34-33-43-16","4634-001-01",33,1,10,14000,4,1,10,14000,2,2020,7,1,2,1,2,2,,,,,,,,,,,,2,,,,,1,20,4,2,,1,2,,,,8,2,0,0,0,2,,,,,,
"02-23-53-22","4648-001-01",11,2,,,,,,,,,,,,,,,,,,,,,,,,,,,,,,,1,62,4,2,,1,2,,,,316,0,0,0,0,2,,,,,,
"02-23-53-22","4648-001-01",22,2,,,,,,,,,,,,,,,,,,,,,,,,,,,,,,,2,,,,,,2,,,,340,0,0,0,0,2,,,,,,
"38-73-88-63","4650-001-01",11,2,,,,,,,,,,,,,,,,,,,,,,,,,,,,,,,2,,,,,,2,,,,200,0,0,0,0,2,,,,,,
"00-91-88-38","4652-001-01",11,2,,,,,,,,,,,,,,,,,,,,,,,,,,,,,,,2,,,,,,2,,,,220,0,0,0,0,2,,,,,,
"00-91-88-38","4652-001-01",12,2,,,,,,,,,,,,,,,,,,,,,,,,,,,,,,,1,45,4,2,,1,2,,,,60,2,0,0,0,2,,,,,,
"00-91-88-38","4652-001-01",13,2,,,,,,,,,,,,,,,,,,,,,,,,,,,,,,,1,48,4,2,,1,2,,,,36,2,0,0,0,2,,,,,,
"47-30-58-25","4895-001-01",11,2,,,,,,,,,,,,,,,,,,,,,,,,,,,,,,,2,,,,,,2,,,,120,0,0,0,0,4,,,,,,
"83-48-46-44","4895-001-03",11,2,,,,,,,,,,,,,,,,,,,,,,,,,,,,,,,2,,,,,,2,,,,120,0,0,0,0,4,,,,,,
"83-48-46-44","4895-001-03",23,2,,,,,,,,,,,,,,,,,,,,,,,,,,,,,,,2,,,,,,2,,,,40,0,0,0,0,2,,,,,,
"83-48-46-44","4895-001-03",31,2,,,,,,,,,,,,,,,,,,,,,,,,,,,,,,,2,,,,,,2,,,,60,0,0,0,0,2,,,,,,
"55-37-33-83","4897-001-01",11,2,,,,,,,,,,,,,,,,,,,,,,,,,,,,,,,2,,,,,,2,,,,378,27,0,36,0,5,,,,,,
"55-37-33-83","4897-001-01",31,2,,,,,,,,,,,,,,,,,,,,,,,,,,,,,,,2,,,,,,2,,,,5,0,0,0,0,5,,,,,,
"83-14-14-02","4898-001-04",11,2,,,,,,,,,,,,,,,,,,,,,,,,,,,,,,,2,,,,,,2,,,,60,0,0,0,0,2,,,,,,
"83-14-14-02","4898-001-04",32,2,,,,,,,,,,,,,,,,,,,,,,,,,,,,,,,2,,,,,,2,,,,10,0,0,0,0,2,,,,,,
"42-87-18-36","4900-001-01",11,2,,,,,,,,,,,,,,,,,,,,,,,,,,,,,,,1,54,4,2,,1,2,,,,216,0,0,72,0,2,,,,,,
"44-11-06-04","4901-001-01",11,2,,,,,,,,,,,,,,,,,,,,,,,,,,,,,,,2,,,,,,2,,,,450,0,0,50,0,4,,,,,,
"44-11-06-04","4901-001-01",25,2,,,,,,,,,,,,,,,,,,,,,,,,,,,,,,,2,,,,,,2,,,,100,0,0,0,0,1,,,,,,
"82-92-95-33","4914-001-01",11,2,,,,,,,,,,,,,,,,,,,,,,,,,,,,,,,2,,,,,,2,,,,528,240000,0,0,0,3,,,,,,
"37-86-09-80","4915-001-01",11,2,,,,,,,,,,,,,,,,,,,,,,,,,,,,,,,2,,,,,,2,,,,81,0,0,0,0,2,,,,,,
"84-99-81-33","4916-001-01",11,2,,,,,,,,,,,,,,,,,,,,,,,,,,,,,,,2,,,,,,2,,,,280,0,0,240,0,2,,,,,,
"12-86-91-66","4918-001-01",11,2,,,,,,,,,,,,,,,,,,,,,,,,,,,,,,,2,,,,,,2,,,,70,0,0,38,0,5,,,,,,
"12-86-91-66","4918-001-01",31,2,,,,,,,,,,,,,,,,,,,,,,,,,,,,,,,2,,,,,,2,,,,15,0,0,5,0,2,,,,,,
"63-07-18-14","4919-001-01",11,2,,,,,,,,,,,,,,,,,,,,,,,,,,,,,,,2,,,,,,2,,,,90,0,0,72,0,2,,,,,,
"62-49-93-00","4921-001-01",11,2,,,,,,,,,,,,,,,,,,,,,,,,,,,,,,,2,,,,,,2,,,,160,0,0,0,0,2,,,,,,
"62-49-93-00","4921-001-01",25,2,,,,,,,,,,,,,,,,,,,,,,,,,,,,,,,2,,,,,,2,,,,83,0,0,0,0,1,,,,,,
"62-49-93-00","4921-001-01",31,2,,,,,,,,,,,,,,,,,,,,,,,,,,,,,,,2,,,,,,2,,,,62,0,0,0,0,2,,,,,,
"31-32-27-89","4934-001-02",11,1,108,40000,16,1,108,40000,5,2020,1,2,3,2,3,2,,,,,,,,,,,,2,,,,,2,,,,,,2,,,,288,0,0,0,0,2,,,,,,
"20-59-92-39","4938-001-01",11,2,,,,,,,,,,,,,,,,,,,,,,,,,,,,,,,2,,,,,,2,,,,108,0,0,0,0,2,,,,,,
"16-74-03-08","4938-001-05",11,2,,,,,,,,,,,,,,,,,,,,,,,,,,,,,,,2,,,,,,2,,,,120,0,0,120,0,2,,,,,,
"03-44-97-89","4940-001-01",11,2,,,,,,,,,,,,,,,,,,,,,,,,,,,,,,,2,,,,,,2,,,,362,20,0,18,0,2,,,,,,
"27-50-87-34","4971-001-01",11,2,,,,,,,,,,,,,,,,,,,,,,,,,,,,,,,2,,,,,,2,,,,120,0,0,0,0,8,,,,,,
"30-25-28-77","4973-001-02",11,2,,,,,,,,,,,,,,,,,,,,,,,,,,,,,,,1,260,7,2,,1,2,,,,100,10,0,0,0,2,,,,,,
"30-25-28-77","4973-001-02",32,2,,,,,,,,,,,,,,,,,,,,,,,,,,,,,,,2,,,,,,2,,,,20,0,0,0,0,2,,,,,,
"69-14-01-64","4978-001-01",11,2,,,,,,,,,,,,,,,,,,,,,,,,,,,,,,,2,,,,,,2,,,,100,0,0,0,0,3,,,,,,
"77-11-61-74","4978-001-03",11,2,,,,,,,,,,,,,,,,,,,,,,,,,,,,,,,1,80,4,2,,1,2,,,,120,40,0,0,0,3,,,,,,
"85-74-34-93","4992-001-01",11,2,,,,,,,,,,,,,,,,,,,,,,,,,,,,,,,2,,,,,,2,,,,378,0,0,0,0,4,,,,,,
"59-59-77-06","4993-001-01",11,1,1200,270000,9,1,1200,270000,2,2021,5,1,2,1,2,2,,,,,,,,,,,,2,,,,,2,,,,,,2,,,,360,0,0,240,0,5,,,,,,
"29-14-89-65","4994-001-01",11,2,,,,,,,,,,,,,,,,,,,,,,,,,,,,,,,2,,,,,,2,,,,264,0,0,36,0,2,,,,,,
"22-03-21-61","4995-001-01",11,2,,,,,,,,,,,,,,,,,,,,,,,,,,,,,,,2,,,,,,2,,,,100,0,0,0,0,1,,,,,,
"82-93-80-80","4996-001-01",11,1,1008,280000,9,1,1008,280000,3,2020,3,4,7,4,7,2,,,,,,,,,,,,2,,,,,2,,,,,,2,,,,142,20,0,90,0,5,,,,,,
"98-44-73-35","5086-001-01",11,2,,,,,,,,,,,,,,,,,,,,,,,,,,,,,,,2,,,,,,2,,,,33,3,0,0,0,4,,,,,,
"98-44-73-35","5086-001-01",31,2,,,,,,,,,,,,,,,,,,,,,,,,,,,,,,,2,,,,,,2,,,,15,3,0,0,0,2,,,,,,
"55-38-00-93","5088-001-01",11,2,,,,,,,,,,,,,,,,,,,,,,,,,,,,,,,1,240,4,2,,1,2,,,,360,0,0,0,0,4,,,,,,
"55-38-00-93","5088-001-01",51,1,2180,1030000,2,1,2180,1030000,4,2021,1,1,,1,2,2,,,,,,,,,,,,2,,,,,2,,,,,,2,,,,0,0,0,0,0,2,,,,,,
"84-21-69-36","5260-001-01",91,2,,,,,,,,,,,,,,,,,,,,,,,,,,,,,,,2,,,,,,2,,,,10,0,0,0,0,2,,,,,,
"03-34-75-96","5318-001-01",91,1,5,6000,2,1,5,6000,6,2021,7,1,2,1,2,2,,,,,,,,,,,,2,,,,,2,,,,,,2,,,,2,0,0,0,0,2,,,,,,
"03-34-75-96","5318-001-01",998,1,5,5000,2,1,5,5000,7,2021,5,1,2,1,2,2,,,,,,,,,,,,2,,,,,2,,,,,,2,,,,2,0,0,0,0,2,,,,,,
"22-58-79-14","5529-001-01",11,1,282,112000,9,1,282,112000,5,2021,1,1,,1,2,2,,,,,,,,,,,,2,,,,,2,,,,,,2,,,,250,0,108,440,0,2,,,,,,
"22-58-79-14","5529-001-01",31,2,,,,,,,,,,,,,,,,,,,,,,,,,,,,,,,2,,,,,,2,,,,25,0,0,0,0,8,,,,,,
"84-98-35-82","5544-001-02",11,2,,,,,,,,,,,,,,,,,,,,,,,,,,,,,,,2,,,,,,2,,,,25,0,0,0,0,3,,,,,,
"84-98-35-82","5544-001-02",32,2,,,,,,,,,,,,,,,,,,,,,,,,,,,,,,,2,,,,,,2,,,,3,1,0,0,0,3,,,,,,
"58-84-38-08","5845-001-01",11,2,,,,,,,,,,,,,,,,,,,,,,,,,,,,,,,2,,,,,,2,,,,200,0,0,0,0,5,,,,,,
"59-35-72-90","5849-001-01",11,2,,,,,,,,,,,,,,,,,,,,,,,,,,,,,,,2,,,,,,2,,,,40,0,0,0,0,2,,,,,,
"38-54-59-26","5850-001-01",11,1,100,35000,4,1,100,35000,4,2020,1,1,,1,,2,,,,,,,,,,,,2,,,,,2,,,,,,2,,,,120,0,0,0,0,2,,,,,,
"44-93-96-14","5851-001-01",11,2,,,,,,,,,,,,,,,,,,,,,,,,,,,,,,,2,,,,,,2,,,,300,0,0,0,0,2,,,,,,
"44-93-96-14","5851-001-01",31,2,,,,,,,,,,,,,,,,,,,,,,,,,,,,,,,2,,,,,,2,,,,50,0,0,0,0,2,,,,,,
"70-86-81-13","5851-001-03",11,1,900,288000,9,3,900,288000,8,2020,4,1,2,1,2,2,,,,,,,,,,,,2,,,,,2,,,,,,2,,,,200,0,0,0,0,2,,,,,,
"70-86-81-13","5851-001-03",31,2,,,,,,,,,,,,,,,,,,,,,,,,,,,,,,,2,,,,,,2,,,,0,20,0,0,0,2,,,,,,
"52-17-86-97","5851-001-09",11,2,,,,,,,,,,,,,,,,,,,,,,,,,,,,,,,2,,,,,,2,,,,420,0,0,0,0,2,,,,,,
"96-92-93-89","5851-001-10",11,2,,,,,,,,,,,,,,,,,,,,,,,,,,,,,,,2,,,,,,1,3,1,500,119,0,0,0,0,2,,,,,,
"46-07-29-05","5865-001-01",11,1,20,6000,4,1,20,6000,7,2021,1,1,,1,,2,,,,,,,,,,,,1,1,1,1,0,2,,,,,,2,,,,200,0,0,0,0,2,,,,,,
"28-63-80-02","5870-001-01",11,2,,,,,,,,,,,,,,,,,,,,,,,,,,,,,,,2,,,,,,2,,,,150,0,0,0,0,2,,,,,,
"20-23-28-81","5871-001-02",11,2,,,,,,,,,,,,,,,,,,,,,,,,,,,,,,,2,,,,,,2,,,,60,0,0,0,0,2,,,,,,
"20-23-28-81","5871-001-02",31,2,,,,,,,,,,,,,,,,,,,,,,,,,,,,,,,2,,,,,,2,,,,10,0,0,0,0,2,,,,,,
"44-04-54-77","5872-001-01",11,1,108,36000,9,1,108,36000,3,2021,1,1,,1,,2,,,,,,,,,,,,2,,,,,2,,,,,,2,,,,152,10,0,0,0,2,,,,,,
"64-76-70-49","5883-001-02",11,2,,,,,,,,,,,,,,,,,,,,,,,,,,,,,,,1,300,4,2,,1,2,,,,200,0,0,0,0,2,,,,,,
"64-76-70-49","5883-001-02",31,2,,,,,,,,,,,,,,,,,,,,,,,,,,,,,,,2,,,,,,2,,,,20,0,0,0,0,2,,,,,,
"33-09-32-84","5883-001-06",11,2,,,,,,,,,,,,,,,,,,,,,,,,,,,,,,,1,160,4,2,,1,2,,,,80,0,0,0,0,2,,,,,,
"78-86-78-61","5886-001-01",11,1,540,180000,9,3,540,180000,3,2021,1,1,,1,,2,,,,,,,,,,,,2,,,,,1,216,4,1,1,1,2,,,,300,24,0,0,0,4,,,,,,
"78-86-78-61","5886-001-01",33,2,,,,,,,,,,,,,,,,,,,,,,,,,,,,,,,2,,,,,,2,,,,15,5,0,0,0,2,,,,,,
"78-86-78-61","5886-001-01",43,2,,,,,,,,,,,,,,,,,,,,,,,,,,,,,,,1,178,4,2,,1,2,,,,48,14,0,0,0,2,,,,,,
"23-97-33-54","5886-001-02",11,1,432,144000,9,3,432,144000,4,2021,1,1,,1,,2,,,,,,,,,,,,2,,,,,1,216,4,2,,1,2,,,,200,16,0,0,0,4,,,,,,
"23-97-33-54","5886-001-02",31,1,40,40000,9,1,40,40000,3,2021,1,1,,1,,2,,,,,,,,,,,,2,,,,,1,20,4,2,,1,2,,,,30,10,0,0,0,2,,,,,,
"75-03-15-46","5887-001-01",11,1,240,60000,4,1,240,60000,3,2021,2,1,,1,,2,,,,,,,,,,,,1,1,2,1,0,1,60,4,2,,1,2,,,,140,0,0,0,0,2,,,,,,
"79-80-98-58","5890-001-01",11,2,,,,,,,,,,,,,,,,,,,,,,,,,,,,,,,2,,,,,,2,,,,240,0,0,0,0,5,,,,,,
"79-80-98-58","5890-001-01",31,2,,,,,,,,,,,,,,,,,,,,,,,,,,,,,,,2,,,,,,2,,,,20,0,0,0,0,5,,,,,,
"95-27-24-01","5890-001-04",11,1,216,72000,9,2,216,72000,3,2021,1,1,,1,,2,,,,,,,,,,,,2,,,,,1,90,4,2,,1,2,,,,116,10,0,0,0,2,,,,,,
"72-79-15-24","5927-001-01",11,2,,,,,,,,,,,,,,,,,,,,,,,,,,,,,,,2,,,,,,2,,,,20,0,0,0,0,2,,,,,,
"72-79-15-24","5927-001-01",22,2,,,,,,,,,,,,,,,,,,,,,,,,,,,,,,,2,,,,,,2,,,,20,0,0,0,0,2,,,,,,
"57-81-79-87","5929-001-02",11,2,,,,,,,,,,,,,,,,,,,,,,,,,,,,,,,2,,,,,,2,,,,220,0,0,0,0,2,,,,,,
"47-03-39-28","5930-001-01",11,2,,,,,,,,,,,,,,,,,,,,,,,,,,,,,,,1,120,4,2,,1,2,,,,360,0,0,0,0,2,,,,,,
"63-22-91-28","5940-001-01",11,2,,,,,,,,,,,,,,,,,,,,,,,,,,,,,,,2,,,,,,2,,,,480,0,0,0,0,2,,,,,,
"63-22-91-28","5940-001-01",31,2,,,,,,,,,,,,,,,,,,,,,,,,,,,,,,,2,,,,,,2,,,,40,0,0,0,0,2,,,,,,
"99-00-64-74","5941-001-01",11,1,140,35000,2,1,140,35000,4,2020,1,1,,1,,2,,,,,,,,,,,,2,,,,,2,,,,,,2,,,,140,0,0,0,0,2,,,,,,
"99-00-64-74","5941-001-01",31,2,,,,,,,,,,,,,,,,,,,,,,,,,,,,,,,2,,,,,,2,,,,80,0,0,0,0,2,,,,,,
"99-00-64-74","5941-001-01",43,2,,,,,,,,,,,,,,,,,,,,,,,,,,,,,,,2,,,,,,2,,,,40,0,0,0,0,2,,,,,,
"73-55-94-91","5941-001-04",11,1,80,20000,2,1,80,20000,3,2020,1,1,,1,,2,,,,,,,,,,,,2,,,,,2,,,,,,2,,,,100,0,0,0,0,2,,,,,,
"73-55-94-91","5941-001-04",31,2,,,,,,,,,,,,,,,,,,,,,,,,,,,,,,,2,,,,,,2,,,,40,0,0,0,0,2,,,,,,
"96-92-79-06","5941-001-05",11,1,360,150000,4,1,360,150000,5,2020,1,1,2,1,2,2,,,,,,,,,,,,2,,,,,2,,,,,,2,,,,600,0,0,0,0,2,,,,,,
"76-51-31-46","5941-001-06",11,1,240,60000,9,1,240,60000,4,2020,1,1,,1,,2,,,,,,,,,,,,2,,,,,2,,,,,,2,,,,350,10,0,0,0,2,,,,,,
"44-44-29-87","5943-001-01",11,1,300,90000,9,1,300,90000,5,2020,1,1,2,1,2,2,,,,,,,,,,,,2,,,,,2,,,,,,2,,,,120,0,0,0,0,2,,,,,,
"44-44-29-87","5943-001-01",22,1,120,30000,2,1,120,30000,3,2020,3,1,2,1,2,2,,,,,,,,,,,,2,,,,,2,,,,,,2,,,,160,0,0,80,0,2,,,,,,
"44-44-29-87","5943-001-01",31,2,,,,,,,,,,,,,,,,,,,,,,,,,,,,,,,2,,,,,,2,,,,40,0,0,10,0,2,,,,,,
"22-41-43-44","5945-001-01",11,2,,,,,,,,,,,,,,,,,,,,,,,,,,,,,,,1,240,4,2,,1,2,,,,1640,0,0,0,0,2,,,,,,
"79-34-82-76","5946-001-01",11,2,,,,,,,,,,,,,,,,,,,,,,,,,,,,,,,2,,,,,,2,,,,1160,40,0,0,0,5,,,,,,
"71-24-70-23","5946-001-03",11,1,240,100000,9,4,240,100000,8,2020,1,1,,1,,2,,,,,,,,,,,,2,,,,,2,,,,,,2,,,,200,40,0,0,0,5,,,,,,
"99-99-38-58","5947-001-01",11,2,,,,,,,,,,,,,,,,,,,,,,,,,,,,,,,2,,,,,,2,,,,72,0,0,144,0,5,,,,,,
"71-84-74-89","5949-001-01",11,2,,,,,,,,,,,,,,,,,,,,,,,,,,,,,,,2,,,,,,2,,,,324,0,0,0,0,5,,,,,,
"47-51-56-85","6075-001-01",11,2,,,,,,,,,,,,,,,,,,,,,,,,,,,,,,,2,,,,,,2,,,,200,0,0,0,0,4,,,,,,
"47-51-56-85","6075-001-01",31,1,100,120000,2,1,100,120000,1,2020,1,1,2,1,2,2,,,,,,,,,,,,2,,,,,2,,,,,,2,,,,50,0,0,0,0,4,,,,,,
"03-51-56-44","6076-001-01",11,2,,,,,,,,,,,,,,,,,,,,,,,,,,,,,,,1,140,1,2,,1,2,,,,70,20,0,10,0,2,,,,,,
"03-51-56-44","6076-001-01",31,1,120,120000,16,1,120,120000,2,2021,1,1,,1,,2,,,,,,,,,,,,2,,,,,2,,,,,,2,,,,0,0,0,0,0,2,,,,,,
"03-51-56-44","6076-001-01",43,2,,,,,,,,,,,,,,,,,,,,,,,,,,,,,,,1,4,4,2,,1,2,,,,20,0,0,5,0,2,,,,,,
"04-11-05-77","6077-001-01",11,1,270,75000,16,1,270,750,2,2020,1,1,,1,,2,,,,,,,,,,,,2,,,,,2,,,,,,2,,,,440,10,0,0,0,2,,,,,,
"04-11-05-77","6077-001-01",31,1,60,60000,16,1,60,60000,2,2020,1,1,2,1,2,2,,,,,,,,,,,,2,,,,,2,,,,,,2,,,,40,60,0,0,0,2,,,,,,
"90-51-97-20","6078-001-01",31,2,,,,,,,,,,,,,,,,,,,,,,,,,,,,,,,2,,,,,,2,,,,60,0,0,0,0,1,,,,,,
"69-83-52-17","6081-001-01",11,2,,,,,,,,,,,,,,,,,,,,,,,,,,,,,,,2,,,,,,2,,,,0,0,0,0,0,8,,,,,,
"69-83-52-17","6081-001-01",31,2,,,,,,,,,,,,,,,,,,,,,,,,,,,,,,,2,,,,,,2,,,,0,0,0,0,0,8,,,,,,
"98-41-89-29","6092-001-01",11,2,,,,,,,,,,,,,,,,,,,,,,,,,,,,,,,2,,,,,,2,,,,34,2,0,0,0,2,,,,,,
"98-41-89-29","6092-001-01",31,2,,,,,,,,,,,,,,,,,,,,,,,,,,,,,,,2,,,,,,2,,,,38,2,0,0,0,2,,,,,,
"58-61-73-62","6094-001-01",11,2,,,,,,,,,,,,,,,,,,,,,,,,,,,,,,,2,,,,,,2,,,,24,1,0,0,0,2,,,,,,
"58-61-73-62","6094-001-01",31,2,,,,,,,,,,,,,,,,,,,,,,,,,,,,,,,2,,,,,,2,,,,9,1,0,0,0,2,,,,,,
"54-05-19-51","6094-001-02",11,2,,,,,,,,,,,,,,,,,,,,,,,,,,,,,,,2,,,,,,2,,,,80,0,0,0,0,2,,,,,,
"54-05-19-51","6094-001-02",31,2,,,,,,,,,,,,,,,,,,,,,,,,,,,,,,,2,,,,,,2,,,,20,0,0,0,0,2,,,,,,
"67-38-97-81","6096-001-01",11,2,,,,,,,,,,,,,,,,,,,,,,,,,,,,,,,1,80,4,2,,1,1,3,1,4000,40,5,0,0,0,4,,,,,,
"67-38-97-81","6096-001-01",22,2,,,,,,,,,,,,,,,,,,,,,,,,,,,,,,,2,,,,,,2,,,,60,0,0,0,0,6,,,,,,
"67-38-97-81","6096-001-01",31,2,,,,,,,,,,,,,,,,,,,,,,,,,,,,,,,1,36,4,2,,1,2,,,,18,36,0,0,0,4,,,,,,
"82-38-88-87","6099-001-01",11,2,,,,,,,,,,,,,,,,,,,,,,,,,,,,,,,1,15,1,1,1,1,1,2,1,1000,60,0,0,10,0,2,,,,,,
"82-38-88-87","6099-001-01",31,2,,,,,,,,,,,,,,,,,,,,,,,,,,,,,,,2,,,,,,1,2,3,2000,10,0,0,0,0,2,,,,,,
"11-28-10-27","6111-001-02",11,2,,,,,,,,,,,,,,,,,,,,,,,,,,,,,,,2,,,,,,2,,,,20,0,0,0,0,2,,,,,,
"11-28-10-27","6111-001-02",31,1,20,15000,9,2,1,15000,2,2021,1,2,3,2,,2,,,,,,,,,,,,2,,,,,2,,,,,,2,,,,35,0,0,0,0,2,,,,,,
"37-68-62-19","6113-001-01",11,1,54,18000,9,1,54,18000,3,2020,1,2,,2,,2,,,,,,,,,,,,2,,,,,2,,,,,,2,,,,0,0,0,0,0,2,,,,,,
"37-68-62-19","6113-001-01",31,2,,,,,,,,,,,,,,,,,,,,,,,,,,,,,,,2,,,,,,2,,,,27,0,0,0,0,2,,,,,,
"54-19-44-17","6114-001-01",31,1,60,75000,4,2,60,75000,5,2021,2,1,2,1,2,2,,,,,,,,,,,,1,8,2,2,0,2,,,,,,2,,,,60,0,0,0,0,2,,,,,,
"59-91-92-12","6116-001-01",11,2,,,,,,,,,,,,,,,,,,,,,,,,,,,,,,,2,,,,,,2,,,,80,0,0,0,0,2,,,,,,
"59-91-92-12","6116-001-01",31,2,,,,,,,,,,,,,,,,,,,,,,,,,,,,,,,2,,,,,,2,,,,35,0,0,0,0,2,,,,,,
"93-28-31-46","6117-001-01",11,2,,,,,,,,,,,,,,,,,,,,,,,,,,,,,,,2,,,,,,2,,,,80,0,0,0,0,2,,,,,,
"93-28-31-46","6117-001-01",31,2,,,,,,,,,,,,,,,,,,,,,,,,,,,,,,,2,,,,,,2,,,,30,0,0,0,0,2,,,,,,
"57-19-84-55","6118-001-01",11,1,108,36000,9,2,108,36000,3,2020,1,1,,1,,2,,,,,,,,,,,,2,,,,,2,,,,,,2,,,,72,0,0,0,0,2,,,,,,
"57-19-84-55","6118-001-01",31,2,,,,,,,,,,,,,,,,,,,,,,,,,,,,,,,2,,,,,,2,,,,20,0,0,0,0,2,,,,,,
"62-45-14-04","6130-001-01",11,1,480,100000,9,1,480,100000,6,2021,1,1,,1,,2,,,,,,,,,,,,2,,,,,1,120,4,2,,1,2,,,,0,0,0,0,0,2,,,,,,
"43-13-81-13","6131-001-01",11,2,,,,,,,,,,,,,,,,,,,,,,,,,,,,,,,1,3480,1,2,,1,2,,,,3240,0,0,0,0,4,,,,,,
"27-72-81-60","6133-001-01",11,2,,,,,,,,,,,,,,,,,,,,,,,,,,,,,,,2,,,,,,2,,,,304,20,0,0,0,4,,,,,,
"78-07-69-38","6137-001-01",11,1,300,90000,9,1,300,90000,4,2020,1,1,2,1,2,2,,,,,,,,,,,,2,,,,,1,300,1,1,1,1,2,,,,400,0,0,0,0,5,,,,,,
"78-07-69-38","6137-001-01",13,1,300,180000,9,1,300,180000,8,2021,1,1,2,1,2,2,,,,,,,,,,,,2,,,,,2,,,,,,2,,,,0,60,0,0,0,5,,,,,,
"65-97-14-24","6149-001-03",11,2,,,,,,,,,,,,,,,,,,,,,,,,,,,,,,,1,100,4,1,3,1,2,,,,120,20,0,0,0,2,,,,,,
"65-97-14-24","6149-001-03",31,2,,,,,,,,,,,,,,,,,,,,,,,,,,,,,,,1,60,4,1,3,3,2,,,,40,20,0,0,0,2,,,,,,
"88-99-03-54","6151-001-01",11,2,,,,,,,,,,,,,,,,,,,,,,,,,,,,,,,1,40,4,2,,1,2,,,,40,0,0,0,0,2,,,,,,
"88-99-03-54","6151-001-01",31,2,,,,,,,,,,,,,,,,,,,,,,,,,,,,,,,1,40,4,2,,1,2,,,,20,0,0,0,0,2,,,,,,
"52-66-48-20","6153-001-01",11,2,,,,,,,,,,,,,,,,,,,,,,,,,,,,,,,1,200,4,2,,1,2,,,,140,0,0,0,0,2,,,,,,
"52-66-48-20","6153-001-01",31,2,,,,,,,,,,,,,,,,,,,,,,,,,,,,,,,1,100,4,2,,1,2,,,,145,0,0,0,0,2,,,,,,
"00-62-14-06","6154-001-01",31,2,,,,,,,,,,,,,,,,,,,,,,,,,,,,,,,2,,,,,,2,,,,23,0,0,0,0,2,,,,,,
"21-27-12-89","6155-001-01",31,2,,,,,,,,,,,,,,,,,,,,,,,,,,,,,,,1,54,4,2,,1,2,,,,18,0,0,0,0,2,,,,,,
"76-95-55-86","6156-001-01",31,2,,,,,,,,,,,,,,,,,,,,,,,,,,,,,,,2,,,,,,2,,,,20,0,0,0,0,2,,,,,,
"12-92-21-92","6171-001-01",11,1,100,20000,9,1,20,20000,4,2021,1,1,,1,,2,,,,,,,,,,,,2,,,,,1,240,4,1,1,1,2,,,,20,0,0,0,0,2,,,,,,
"12-92-21-92","6171-001-01",31,2,,,,,,,,,,,,,,,,,,,,,,,,,,,,,,,1,20,4,1,3,3,2,,,,60,0,0,0,0,2,,,,,,
"51-60-23-27","6171-001-03",11,1,60,15000,2,1,60,15000,6,2021,1,1,,1,,2,,,,,,,,,,,,2,,,,,2,,,,,,2,,,,120,0,0,0,0,2,,,,,,
"51-60-23-27","6171-001-03",31,2,,,,,,,,,,,,,,,,,,,,,,,,,,,,,,,2,,,,,,2,,,,20,0,0,0,0,2,,,,,,
"51-60-23-27","6171-001-03",43,2,,,,,,,,,,,,,,,,,,,,,,,,,,,,,,,2,,,,,,2,,,,10,0,0,0,0,2,,,,,,
"35-50-92-43","6173-001-01",11,1,60,15000,4,1,60,15000,3,2021,1,1,2,1,2,2,,,,,,,,,,,,1,1,1,2,0,2,,,,,,2,,,,60,0,0,0,0,2,,,,,,
"47-39-58-57","6175-001-01",11,2,,,,,,,,,,,,,,,,,,,,,,,,,,,,,,,2,,,,,,2,,,,36,0,0,0,0,2,,,,,,
"47-39-58-57","6175-001-01",31,2,,,,,,,,,,,,,,,,,,,,,,,,,,,,,,,2,,,,,,2,,,,30,0,0,0,0,2,,,,,,
"31-00-34-19","6187-001-01",11,2,,,,,,,,,,,,,,,,,,,,,,,,,,,,,,,1,120,4,2,,1,2,,,,120,0,0,0,0,2,,,,,,
"31-00-34-19","6187-001-01",31,1,600,300000,4,2,600,30000,3,2020,4,1,2,1,2,2,,,,,,,,,,,,1,8,4,2,25000,1,60,4,2,,1,2,,,,60,0,0,0,0,2,,,,,,
"01-26-99-77","6188-001-01",11,1,45,45000,9,2,45,45000,3,2021,1,1,,1,,2,,,,,,,,,,,,2,,,,,2,,,,,,2,,,,45,0,0,0,0,2,,,,,,
"01-26-99-77","6188-001-01",31,1,200,100000,9,2,200,100000,3,2021,1,1,,1,,2,,,,,,,,,,,,2,,,,,2,,,,,,2,,,,0,0,0,0,0,2,,,,,,
"51-98-37-19","6188-001-05",11,1,432,144000,9,1,432,144000,4,2021,1,1,,1,,2,,,,,,,,,,,,2,,,,,1,60,4,2,,1,2,,,,50,10,0,0,0,4,,,,,,
"61-54-05-56","6193-001-01",11,1,60,24000,9,1,60,24000,4,2020,1,1,2,1,2,2,,,,,,,,,,,,1,2,1,1,0,2,,,,,,2,,,,40,0,0,0,0,2,,,,,,
"61-54-05-56","6193-001-01",31,1,60,30000,4,2,60,30000,6,2020,1,1,2,1,2,2,,,,,,,,,,,,1,2,1,1,0,1,20,4,2,,3,2,,,,20,20,0,0,0,2,,,,,,
"79-89-89-37","6194-001-01",11,1,200,60000,16,1,200,60000,5,2020,1,1,,1,,2,,,,,,,,,,,,2,,,,,2,,,,,,2,,,,1040,0,0,0,0,2,,,,,,
"79-89-89-37","6194-001-01",31,2,,,,,,,,,,,,,,,,,,,,,,,,,,,,,,,2,,,,,,2,,,,100,0,0,0,0,2,,,,,,
"54-09-11-75","6208-001-01",11,1,100,50000,4,1,100,50000,4,2021,1,1,,1,,2,,,,,,,,,,,,1,2,1,6,2000,1,1000,4,1,1,2,2,,,,400,0,0,0,0,2,,,,,,
"54-09-11-75","6208-001-01",43,2,,,,,,,,,,,,,,,,,,,,,,,,,,,,,,,1,400,4,2,,2,2,,,,200,0,0,0,0,2,,,,,,
"54-09-11-75","6208-001-01",87,1,2700,1200000,9,1,2700,1200000,3,2021,1,1,,1,,2,,,,,,,,,,,,2,,,,,2,,,,,,2,,,,0,0,0,0,0,2,,,,,,
"99-49-58-42","6210-001-01",11,2,,,,,,,,,,,,,,,,,,,,,,,,,,,,,,,2,,,,,,2,,,,75,5,0,0,0,2,,,,,,
"99-49-58-42","6210-001-01",31,2,,,,,,,,,,,,,,,,,,,,,,,,,,,,,,,2,,,,,,2,,,,60,0,0,0,0,2,,,,,,
"12-12-01-70","6211-001-01",31,1,30,15000,9,1,30,15000,3,2021,1,1,,1,,2,,,,,,,,,,,,2,,,,,1,15,4,2,,1,2,,,,15,5,0,0,0,2,,,,,,
"34-04-89-69","6212-001-02",31,2,,,,,,,,,,,,,,,,,,,,,,,,,,,,,,,1,15,4,2,,1,2,,,,40,5,0,0,0,2,,,,,,
"33-59-62-20","6213-001-01",11,1,200,60000,9,1,200,60000,7,2020,1,2,3,2,3,2,,,,,,,,,,,,2,,,,,1,100,4,2,,1,2,,,,100,0,0,0,0,2,,,,,,
"33-59-62-20","6213-001-01",31,1,100,50000,9,1,100,50000,7,2021,1,2,3,2,3,2,,,,,,,,,,,,2,,,,,1,50,4,2,,3,2,,,,50,50,0,0,0,2,,,,,,
"95-07-03-49","6227-001-01",11,2,,,,,,,,,,,,,,,,,,,,,,,,,,,,,,,2,,,,,,2,,,,216,20,30,78,0,2,,,,,,
"95-07-03-49","6227-001-01",31,2,,,,,,,,,,,,,,,,,,,,,,,,,,,,,,,2,,,,,,2,,,,270,30,0,0,0,2,,,,,,
"56-36-73-36","6228-001-01",11,2,,,,,,,,,,,,,,,,,,,,,,,,,,,,,,,2,,,,,,2,,,,60,0,0,0,0,2,,,,,,
"56-36-73-36","6228-001-01",25,2,,,,,,,,,,,,,,,,,,,,,,,,,,,,,,,2,,,,,,2,,,,60,0,0,0,0,2,,,,,,
"56-36-73-36","6228-001-01",31,2,,,,,,,,,,,,,,,,,,,,,,,,,,,,,,,2,,,,,,2,,,,20,0,0,0,0,2,,,,,,
"31-43-47-48","6232-001-02",11,2,,,,,,,,,,,,,,,,,,,,,,,,,,,,,,,2,,,,,,1,1,2,15000,80,0,0,15,0,2,,,,,,
"31-43-47-48","6232-001-02",31,1,300,540000,4,1,300,540000,4,2020,2,2,4,2,4,2,,,,,,,,,,,,1,80,1,4,20000,2,,,,,,1,1,2,10000,35,0,0,10,0,2,,,,,,
"42-99-08-38","6244-001-01",11,1,458,130000,16,1,458,130000,2,2020,1,1,2,1,2,2,,,,,,,,,,,,2,,,,,2,,,,,,2,,,,108,10,0,0,0,2,,,,,,
"42-99-08-38","6244-001-01",31,1,120,60000,16,1,120,60000,2,2020,1,1,2,1,2,2,,,,,,,,,,,,2,,,,,2,,,,,,2,,,,80,20,0,0,0,2,,,,,,
"05-51-75-15","6245-001-01",25,2,,,,,,,,,,,,,,,,,,,,,,,,,,,,,,,2,,,,,,2,,,,20,0,0,0,0,1,,,,,,
"05-51-75-15","6245-001-01",31,1,280,280000,9,1,280,280000,3,2020,1,1,2,1,2,2,,,,,,,,,,,,2,,,,,2,,,,,,2,,,,40,20,0,0,0,1,,,,,,
"09-68-04-75","6246-001-01",11,1,250,75000,16,1,250,75000,2,2019,1,1,2,1,,2,,,,,,,,,,,,2,,,,,2,,,,,,2,,,,50,0,0,0,0,2,,,,,,
"09-68-04-75","6246-001-01",31,1,350,350000,16,1,350,350000,2,2019,1,1,2,1,,2,,,,,,,,,,,,2,,,,,2,,,,,,2,,,,50,0,0,0,0,2,,,,,,
"66-91-47-61","6247-001-01",11,2,,,,,,,,,,,,,,,,,,,,,,,,,,,,,,,1,100,4,1,1,1,2,,,,80,10,0,20,0,3,,,,,,
"66-91-47-61","6247-001-01",31,1,100,90000,16,2,100,90000,2,2021,1,1,2,1,2,2,,,,,,,,,,,,2,,,,,1,10,4,2,,1,2,,,,40,20,0,10,0,3,,,,,,
"66-91-47-61","6247-001-01",43,2,,,,,,,,,,,,,,,,,,,,,,,,,,,,,,,2,,,,,,2,,,,10,0,0,0,0,6,,,,,,
"61-92-53-50","6248-001-01",31,1,80,60000,9,1,80,60000,6,2020,1,1,2,1,2,2,,,,,,,,,,,,2,,,,,2,,,,,,2,,,,20,20,0,0,0,2,,,,,,
"79-54-29-98","6250-001-01",11,2,,,,,,,,,,,,,,,,,,,,,,,,,,,,,,,2,,,,,,2,,,,98,2,0,0,0,5,,,,,,
"79-54-29-98","6250-001-01",25,2,,,,,,,,,,,,,,,,,,,,,,,,,,,,,,,2,,,,,,2,,,,20,0,0,5,0,1,,,,,,
"79-54-29-98","6250-001-01",31,2,,,,,,,,,,,,,,,,,,,,,,,,,,,,,,,2,,,,,,2,,,,140,20,0,40,0,2,,,,,,
"83-23-74-00","6251-001-02",43,1,18858,31430000,9,5,18858,31430000,4,2021,1,1,,1,,2,,,,,,,,,,,,2,,,,,1,15,4,2,,1,2,,,,27,0,0,0,0,2,,,,,,
"77-10-93-70","6264-001-01",11,2,,,,,,,,,,,,,,,,,,,,,,,,,,,,,,,2,,,,,,1,2,3,10000,100,0,0,0,0,2,,,,,,
"77-10-93-70","6264-001-01",31,1,100,90000,4,1,100,90000,3,2020,1,1,,1,,2,,,,,,,,,,,,1,3,1,6,2000,2,,,,,,1,2,1,5000,300,0,0,0,0,2,,,,,,
"77-10-93-70","6264-001-01",43,1,100,120000,4,1,100,120000,3,2020,1,1,,1,,2,,,,,,,,,,,,1,3,1,6,4000,2,,,,,,2,,,,100,0,0,0,0,2,,,,,,
"58-29-18-12","6265-001-01",31,1,120,120000,16,1,120,120000,12,2020,1,1,,1,2,2,,,,,,,,,,,,1,4,1,6,1000,1,20,4,2,,3,2,,,,0,0,0,0,0,6,,,,,,
"56-37-50-42","6266-001-01",25,2,,,,,,,,,,,,,,,,,,,,,,,,,,,,,,,2,,,,,,2,,,,30,0,0,5,0,2,,,,,,
"25-91-76-28","6267-001-01",11,1,72,12000,5,1,72,12000,2,2020,1,1,2,1,2,2,,,,,,,,,,,,1,3,1,6,2000,2,,,,,,2,,,,0,0,0,0,0,2,,,,,,
"25-91-76-28","6267-001-01",31,1,40,24000,4,1,40,24000,3,2020,1,1,2,1,2,2,,,,,,,,,,,,1,3,1,6,2000,2,,,,,,2,,,,50,5,0,0,0,2,,,,,,
"11-72-84-76","6270-001-01",11,2,,,,,,,,,,,,,,,,,,,,,,,,,,,,,,,2,,,,,,2,,,,160,20,0,20,0,2,,,,,,
"11-72-84-76","6270-001-01",31,1,40,200000,9,3,40,20000,5,2020,1,1,,1,,2,,,,,,,,,,,,2,,,,,2,,,,,,2,,,,40,10,0,10,0,2,,,,,,
"74-65-42-85","6320-001-01",12,2,,,,,,,,,,,,,,,,,,,,,,,,,,,,,,,2,,,,,,2,,,,150,0,0,100,0,8,,,,,,
"51-65-66-40","6324-001-01",12,1,100,150000,4,2,100,150000,2,2021,1,1,,1,,2,,,,,,,,,,,,2,,,,,2,,,,,,2,,,,150,50,0,50,0,2,,,,,,
"85-15-11-19","6341-001-01",19,1,500,300000,9,3,500,300000,1,2021,2,3,,3,,2,,,,,,,,,,,,2,,,,,2,,,,,,2,,,,0,0,0,0,0,1,,,,,,
"69-68-49-17","6343-001-01",19,1,100,100000,9,1,100,100000,1,2021,1,2,,2,,2,,,,,,,,,,,,2,,,,,2,,,,,,2,,,,0,0,0,0,0,1,,,,,,
"98-46-77-53","6377-001-01",11,2,,,,,,,,,,,,,,,,,,,,,,,,,,,,,,,2,,,,,,2,,,,30,0,0,20,0,2,,,,,,
"15-86-79-43","6454-001-03",11,2,,,,,,,,,,,,,,,,,,,,,,,,,,,,,,,2,,,,,,2,,,,240,0,0,0,0,2,,,,,,
"46-83-71-36","6455-001-14",11,2,,,,,,,,,,,,,,,,,,,,,,,,,,,,,,,2,,,,,,2,,,,216,0,0,0,0,3,,,,,,
"57-79-50-33","6459-001-01",11,2,,,,,,,,,,,,,,,,,,,,,,,,,,,,,,,2,,,,,,2,,,,200,0,0,0,0,2,,,,,,
"57-79-50-33","6459-001-01",43,1,150000,90000,4,1,150,90000,5,2020,2,1,2,1,2,2,,,,,,,,,,,,1,9,2,2,2000,2,,,,,,2,,,,150,0,0,0,0,2,,,,,,
"44-63-23-23","6461-001-01",11,2,,,,,,,,,,,,,,,,,,,,,,,,,,,,,,,2,,,,,,2,,,,960,0,0,0,0,2,,,,,,
"44-63-23-23","6461-001-01",43,1,240,300000,9,1,24,180000,6,2020,2,1,2,1,2,1,9,1,16,120000,6,2020,2,1,2,1,2,2,,,,,2,,,,,,2,,,,240,72,0,8,0,2,,,,,,
"05-50-28-02","6498-001-01",11,2,,,,,,,,,,,,,,,,,,,,,,,,,,,,,,,2,,,,,,2,,,,40,0,0,0,0,2,,,,,,
"05-50-28-02","6498-001-01",31,2,,,,,,,,,,,,,,,,,,,,,,,,,,,,,,,2,,,,,,2,,,,200,0,0,0,0,2,,,,,,
"97-72-32-96","6498-001-02",11,1,100,35000,4,1,100,35000,6,2020,1,1,,1,,2,,,,,,,,,,,,2,,,,,2,,,,,,2,,,,200,0,0,0,0,2,,,,,,
"97-72-32-96","6498-001-02",31,1,100,80000,4,1,100,80000,6,2020,1,1,,1,,2,,,,,,,,,,,,1,2,1,2,0,2,,,,,,2,,,,100,0,0,0,0,1,,,,,,
"07-21-55-34","6550-001-01",11,2,,,,,,,,,,,,,,,,,,,,,,,,,,,,,,,2,,,,,,2,,,,12,0,0,0,0,1,,,,,,
"32-45-09-37","6586-001-01",11,2,,,,,,,,,,,,,,,,,,,,,,,,,,,,,,,2,,,,,,2,,,,40,0,0,0,0,2,,,,,,
"32-45-09-37","6586-001-01",31,2,,,,,,,,,,,,,,,,,,,,,,,,,,,,,,,2,,,,,,2,,,,30,0,0,0,0,2,,,,,,
"32-45-09-37","6586-001-01",37,2,,,,,,,,,,,,,,,,,,,,,,,,,,,,,,,2,,,,,,2,,,,15,0,0,0,0,2,,,,,,
"70-73-71-13","6589-001-01",11,2,,,,,,,,,,,,,,,,,,,,,,,,,,,,,,,2,,,,,,2,,,,60,0,0,0,0,2,,,,,,
"96-58-46-80","6594-001-03",11,2,,,,,,,,,,,,,,,,,,,,,,,,,,,,,,,2,,,,,,2,,,,100,0,0,0,0,2,,,,,,
"96-58-46-80","6594-001-03",998,2,,,,,,,,,,,,,,,,,,,,,,,,,,,,,,,2,,,,,,2,,,,50,0,0,0,0,2,,,,,,
"16-03-32-72","6644-001-01",11,1,20,14000,9,1,20,14000,1,2021,1,1,,1,,2,,,,,,,,,,,,2,,,,,2,,,,,,2,,,,40,0,0,0,0,4,,,,,,
"16-03-32-72","6644-001-01",31,1,7,10500,2,1,7,10500,1,2021,1,1,,1,,2,,,,,,,,,,,,2,,,,,2,,,,,,2,,,,13,0,0,0,0,4,,,,,,
"26-99-67-44","6649-001-01",11,2,,,,,,,,,,,,,,,,,,,,,,,,,,,,,,,2,,,,,,2,,,,130,0,0,0,0,4,,,,,,
"26-99-67-44","6649-001-01",25,2,,,,,,,,,,,,,,,,,,,,,,,,,,,,,,,2,,,,,,2,,,,40,0,0,0,0,4,,,,,,
"26-99-67-44","6649-001-01",31,2,,,,,,,,,,,,,,,,,,,,,,,,,,,,,,,2,,,,,,2,,,,15,0,0,0,0,4,,,,,,
"14-03-63-51","6650-001-01",11,2,,,,,,,,,,,,,,,,,,,,,,,,,,,,,,,2,,,,,,2,,,,120,0,0,0,0,4,,,,,,
"14-03-63-51","6650-001-01",31,2,,,,,,,,,,,,,,,,,,,,,,,,,,,,,,,2,,,,,,2,,,,10,0,0,0,10,4,,,,,,
"24-14-39-62","6707-001-01",11,2,,,,,,,,,,,,,,,,,,,,,,,,,,,,,,,1,140,5,2,,1,2,,,,60,0,0,160,0,4,,,,,,
"92-19-80-24","6724-001-02",31,2,,,,,,,,,,,,,,,,,,,,,,,,,,,,,,,2,,,,,,2,,,,32,0,0,0,0,2,,,,,,
"02-53-75-42","6744-001-03",11,1,300,150000,5,3,300,150000,1,2020,1,1,,1,,2,,,,,,,,,,,,2,,,,,1,200,5,2,,2,1,2,3,50000,20,40,0,100,60,5,,,,,,
"90-88-19-10","6778-001-01",12,1,950,570000,9,1,950,570000,3,2020,1,1,,1,,2,,,,,,,,,,,,1,19,1,4,64000,2,,,,,,1,3,1,2500,100,100,0,20,0,3,,,,,,
"58-57-11-79","6799-001-01",11,1,480,240000,9,1,360,240000,4,2021,1,1,2,1,2,2,,,,,,,,,,,,2,,,,,2,,,,,,2,,,,0,0,0,0,0,4,,,,,,
"58-57-11-79","6799-001-01",31,2,,,,,,,,,,,,,,,,,,,,,,,,,,,,,,,2,,,,,,2,,,,10,0,0,0,0,4,,,,,,
"44-13-78-44","6801-001-01",31,1,75,75000,4,1,75,75000,3,2021,1,3,,3,,2,,,,,,,,,,,,2,,,,,2,,,,,,2,,,,0,0,0,0,0,4,,,,,,
"85-23-86-97","6802-001-02",31,1,100,175000,16,1,100,175000,2,2021,1,1,,1,,2,,,,,,,,,,,,2,,,,,2,,,,,,2,,,,20,0,0,0,0,4,,,,,,
"82-57-40-44","6836-001-01",32,2,,,,,,,,,,,,,,,,,,,,,,,,,,,,,,,2,,,,,,2,,,,15,0,0,5,0,1,,,,,,
"58-38-79-07","6854-001-01",32,2,,,,,,,,,,,,,,,,,,,,,,,,,,,,,,,2,,,,,,2,,,,50,0,0,25,0,1,,,,,,
"03-42-21-92","6913-001-01",12,2,,,,,,,,,,,,,,,,,,,,,,,,,,,,,,,2,,,,,,2,,,,18,0,0,0,0,2,,,,,,
"84-45-49-73","6948-001-01",11,2,,,,,,,,,,,,,,,,,,,,,,,,,,,,,,,2,,,,,,2,,,,48,3,0,0,0,2,,,,,,
"43-58-35-80","6969-001-01",11,2,,,,,,,,,,,,,,,,,,,,,,,,,,,,,,,2,,,,,,1,3,1,25000,600,60,0,20,0,2,,,,,,
"43-58-35-80","6969-001-01",34,1,100,50000,16,1,100,50000,7,2020,1,1,,1,,2,,,,,,,,,,,,2,,,,,2,,,,,,2,,,,150,6,0,44,0,2,,,,,,
"00-02-34-81","6969-001-03",11,2,,,,,,,,,,,,,,,,,,,,,,,,,,,,,,,2,,,,,,2,,,,120,0,0,0,0,2,,,,,,
"00-02-34-81","6969-001-03",13,2,,,,,,,,,,,,,,,,,,,,,,,,,,,,,,,2,,,,,,2,,,,40,0,0,0,0,2,,,,,,
"00-02-34-81","6969-001-03",34,1,20,10000,9,1,20,10000,9,2020,1,1,2,1,2,2,,,,,,,,,,,,2,,,,,2,,,,,,2,,,,40,0,0,0,0,2,,,,,,
"64-88-79-47","6987-001-01",11,2,,,,,,,,,,,,,,,,,,,,,,,,,,,,,,,2,,,,,,2,,,,260,30,0,50,0,2,,,,,,
"64-88-79-47","6987-001-01",34,1,100,20000,16,1,100,20000,8,2020,3,2,,2,,2,,,,,,,,,,,,2,,,,,2,,,,,,2,,,,35,5,0,0,0,2,,,,,,
"83-85-01-92","7024-001-01",31,1,360,360000,9,1,360,360000,6,2021,1,1,2,1,2,2,,,,,,,,,,,,2,,,,,1,60,8,2,,1,2,,,,60,0,0,0,0,2,,,,,,
"12-01-68-84","7027-001-03",12,1,700,500000,16,1,700,500000,12,2020,1,1,,1,,2,,,,,,,,,,,,2,,,,,2,,,,,,2,,,,0,0,0,0,0,5,,,,,,
"45-81-24-07","7030-001-01",11,1,840,175000,9,1,840,175000,3,2020,1,1,2,1,2,2,,,,,,,,,,,,2,,,,,2,,,,,,2,,,,0,0,0,0,0,5,,,,,,
"15-26-83-14","7066-001-01",11,1,60,60000,9,1,60,60000,2,2020,1,1,,1,,2,,,,,,,,,,,,2,,,,,1,20,4,2,,1,2,,,,20,0,0,20,0,4,,,,,,
"15-26-83-14","7066-001-01",12,1,300,150000,9,1,300,150000,1,2021,1,1,,1,,2,,,,,,,,,,,,2,,,,,2,,,,,,2,,,,0,0,0,0,0,2,,,,,,
"06-49-50-71","7106-001-01",41,2,,,,,,,,,,,,,,,,,,,,,,,,,,,,,,,2,,,,,,2,,,,20,0,0,0,0,2,,,,,,
"13-96-85-80","7106-001-03",11,2,,,,,,,,,,,,,,,,,,,,,,,,,,,,,,,1,80,1,2,,1,2,,,,360,20,0,0,0,4,,,,,,
"29-40-20-76","7110-001-01",11,2,,,,,,,,,,,,,,,,,,,,,,,,,,,,,,,1,80,4,2,,1,2,,,,130,6,0,0,0,4,,,,,,
"90-38-56-46","7120-001-01",11,2,,,,,,,,,,,,,,,,,,,,,,,,,,,,,,,1,200,4,2,,1,2,,,,500,0,0,0,0,2,,,,,,
"90-38-56-46","7120-001-01",31,2,,,,,,,,,,,,,,,,,,,,,,,,,,,,,,,2,,,,,,2,,,,40,0,0,0,0,2,,,,,,
"24-00-17-33","7121-001-01",11,2,,,,,,,,,,,,,,,,,,,,,,,,,,,,,,,2,,,,,,2,,,,400,0,0,0,0,2,,,,,,
"24-00-17-33","7121-001-01",12,2,,,,,,,,,,,,,,,,,,,,,,,,,,,,,,,2,,,,,,2,,,,225,0,0,0,0,2,,,,,,
"24-00-17-33","7121-001-01",31,2,,,,,,,,,,,,,,,,,,,,,,,,,,,,,,,2,,,,,,2,,,,28,0,0,0,0,2,,,,,,
"96-07-66-12","7122-001-01",11,1,5400,2250000,9,2,5400,2250000,7,2020,5,1,2,1,2,2,,,,,,,,,,,,2,,,,,2,,,,,,2,,,,3240,0,0,0,0,5,,,,,,
"72-66-97-48","7122-001-06",11,2,,,,,,,,,,,,,,,,,,,,,,,,,,,,,,,2,,,,,,2,,,,480,0,0,0,0,5,,,,,,
"84-92-39-36","7122-001-07",11,1,432,180000,9,2,432,180000,4,2021,1,1,,1,,2,,,,,,,,,,,,1,3,1,5,10000,1,216,4,2,,1,2,,,,108,16,0,0,0,5,,,,,,
"98-75-56-67","7123-001-01",11,1,324,126000,5,2,324,126000,3,2021,2,1,,1,2,2,,,,,,,,,,,,1,6,2,6,5000,2,,,,,,2,,,,472,0,0,0,0,2,,,,,,
"98-75-56-67","7123-001-01",31,2,,,,,,,,,,,,,,,,,,,,,,,,,,,,,,,2,,,,,,2,,,,10,0,0,0,0,2,,,,,,
"21-63-86-53","7124-001-01",11,2,,,,,,,,,,,,,,,,,,,,,,,,,,,,,,,1,98,4,2,,1,2,,,,324,10,0,0,0,2,,,,,,
"99-03-97-37","7142-001-01",11,1,270,120000,9,4,270,120000,12,2020,1,1,,1,3,2,,,,,,,,,,,,2,,,,,2,,,,,,2,,,,50,0,0,400,0,5,,,,,,
"70-94-18-57","7156-001-01",11,2,,,,,,,,,,,,,,,,,,,,,,,,,,,,,,,2,,,,,,2,,,,500,0,0,0,0,2,,,,,,
"15-99-79-88","7162-001-01",11,2,,,,,,,,,,,,,,,,,,,,,,,,,,,,,,,1,36,4,2,,1,2,,,,306,0,0,0,0,4,,,,,,
"45-44-01-96","7166-001-01",11,2,,,,,,,,,,,,,,,,,,,,,,,,,,,,,,,2,,,,,,2,,,,60,0,0,0,0,2,,,,,,
"45-44-01-96","7166-001-01",22,2,,,,,,,,,,,,,,,,,,,,,,,,,,,,,,,2,,,,,,2,,,,48,0,0,0,0,2,,,,,,
"45-44-01-96","7166-001-01",31,2,,,,,,,,,,,,,,,,,,,,,,,,,,,,,,,2,,,,,,2,,,,4,0,0,0,0,2,,,,,,
"46-11-79-01","7166-001-03",11,2,,,,,,,,,,,,,,,,,,,,,,,,,,,,,,,1,20,4,2,,1,2,,,,120,20,0,0,0,2,,,,,,
"00-30-59-55","7185-001-01",11,2,,,,,,,,,,,,,,,,,,,,,,,,,,,,,,,1,700,4,1,1,1,2,,,,0,0,0,0,0,2,,,,,,
"00-30-59-55","7185-001-01",41,2,,,,,,,,,,,,,,,,,,,,,,,,,,,,,,,1,200,4,2,,1,2,,,,100,0,0,0,0,2,,,,,,
"13-78-92-73","7255-001-01",31,2,,,,,,,,,,,,,,,,,,,,,,,,,,,,,,,2,,,,,,2,,,,16,10,0,4,0,2,,,,,,
"14-19-96-87","7623-001-01",34,2,,,,,,,,,,,,,,,,,,,,,,,,,,,,,,,1,10,1,2,,1,2,,,,15,0,0,25,0,8,,,,,,
"14-19-96-87","7623-001-01",92,2,,,,,,,,,,,,,,,,,,,,,,,,,,,,,,,2,,,,,,2,,,,36,0,0,0,0,1,,,,,,
"46-70-45-21","7634-001-01",11,1,200,80000,4,1,200,80000,5,2020,3,3,,3,,2,,,,,,,,,,,,2,,,,,2,,,,,,2,,,,170,20,60,0,0,2,,,,,,
"62-17-78-36","7653-001-01",87,2,,,,,,,,,,,,,,,,,,,,,,,,,,,,,,,2,,,,,,2,,,,38,0,0,2,0,2,,,,,,
"38-38-42-78","7655-001-01",11,2,,,,,,,,,,,,,,,,,,,,,,,,,,,,,,,1,100,4,2,,1,2,,,,120,40,0,80,0,2,,,,,,
"64-69-57-40","7657-001-01",11,2,,,,,,,,,,,,,,,,,,,,,,,,,,,,,,,2,,,,,,2,,,,200,0,0,0,0,2,,,,,,
"82-52-23-19","7730-001-01",11,2,,,,,,,,,,,,,,,,,,,,,,,,,,,,,,,2,,,,,,2,,,,260,40,0,0,0,4,,,,,,
"82-52-23-19","7730-001-01",43,1,50,56000,3,1,50,56000,11,2020,1,1,,1,2,2,,,,,,,,,,,,2,,,,,2,,,,,,2,,,,100,0,0,0,0,4,,,,,,
"28-74-45-58","7731-001-01",11,1,2000,640000,16,3,2000,640000,8,2020,1,1,2,1,2,2,,,,,,,,,,,,2,,,,,2,,,,,,2,,,,800,0,0,200,0,5,,,,,,
"28-74-45-58","7731-001-01",32,1,80,60000,16,1,80,60000,8,2020,1,1,2,1,2,2,,,,,,,,,,,,2,,,,,2,,,,,,2,,,,80,0,0,20,0,5,,,,,,
"83-92-82-08","7732-001-01",11,1,108,60000,3,1,108,60000,12,2020,1,1,,1,,2,,,,,,,,,,,,2,,,,,2,,,,,,2,,,,90,0,0,0,0,2,,,,,,
"26-83-07-88","7825-001-01",32,1,45,45000,9,1,45,45000,10,2020,1,1,2,1,2,2,,,,,,,,,,,,2,,,,,2,,,,,,2,,,,15,0,0,0,0,1,,,,,,
"63-73-59-66","7842-001-03",11,2,,,,,,,,,,,,,,,,,,,,,,,,,,,,,,,2,,,,,,2,,,,50,0,0,0,0,2,,,,,,
"63-73-59-66","7842-001-03",32,2,,,,,,,,,,,,,,,,,,,,,,,,,,,,,,,2,,,,,,2,,,,20,0,0,0,0,2,,,,,,
"63-73-59-66","7842-001-03",34,2,,,,,,,,,,,,,,,,,,,,,,,,,,,,,,,1,5,4,2,,3,2,,,,35,0,0,0,0,2,,,,,,
"63-73-59-66","7842-001-03",36,2,,,,,,,,,,,,,,,,,,,,,,,,,,,,,,,2,,,,,,2,,,,50,0,0,0,0,2,,,,,,
"63-73-59-66","7842-001-03",43,2,,,,,,,,,,,,,,,,,,,,,,,,,,,,,,,2,,,,,,2,,,,100,25,0,0,0,2,,,,,,
"56-26-44-99","7845-001-01",13,2,,,,,,,,,,,,,,,,,,,,,,,,,,,,,,,1,30,5,2,,1,2,,,,4,0,0,0,0,2,,,,,,
"07-61-69-65","7862-001-01",11,2,,,,,,,,,,,,,,,,,,,,,,,,,,,,,,,2,,,,,,2,,,,250,0,0,0,0,2,,,,,,
"07-61-69-65","7862-001-01",12,2,,,,,,,,,,,,,,,,,,,,,,,,,,,,,,,2,,,,,,2,,,,200,0,0,0,0,2,,,,,,
"07-61-69-65","7862-001-01",34,2,,,,,,,,,,,,,,,,,,,,,,,,,,,,,,,2,,,,,,2,,,,90,10,0,0,0,2,,,,,,
"52-33-12-15","7900-001-01",11,2,,,,,,,,,,,,,,,,,,,,,,,,,,,,,,,2,,,,,,1,3,1,20000,280,0,0,0,0,2,,,,,,
"52-33-12-15","7900-001-01",34,1,40,32000,16,1,40,32000,7,2020,1,1,2,1,2,2,,,,,,,,,,,,2,,,,,2,,,,,,1,1,2,10000,55,0,0,0,0,2,,,,,,
"52-33-12-15","7900-001-01",43,2,,,,,,,,,,,,,,,,,,,,,,,,,,,,,,,2,,,,,,2,,,,20,0,0,0,0,2,,,,,,
"90-68-95-74","7916-001-01",11,2,,,,,,,,,,,,,,,,,,,,,,,,,,,,,,,2,,,,,,2,,,,20,0,0,0,0,2,,,,,,
"95-68-45-61","7917-001-01",11,2,,,,,,,,,,,,,,,,,,,,,,,,,,,,,,,2,,,,,,2,,,,200,0,0,0,0,2,,,,,,
"95-68-45-61","7917-001-01",22,1,140,10000,3,1,140,10000,4,2020,1,4,,4,,2,,,,,,,,,,,,2,,,,,2,,,,,,2,,,,300,0,0,110,0,2,,,,,,
"80-27-00-22","7918-001-01",22,2,,,,,,,,,,,,,,,,,,,,,,,,,,,,,,,2,,,,,,2,,,,288,0,0,0,0,1,,,,,,
"19-89-44-48","7919-001-01",11,2,,,,,,,,,,,,,,,,,,,,,,,,,,,,,,,2,,,,,,2,,,,110,0,0,0,0,4,,,,,,
"19-89-44-48","7919-001-01",22,2,,,,,,,,,,,,,,,,,,,,,,,,,,,,,,,2,,,,,,2,,,,200,0,0,10,0,2,,,,,,
"71-33-08-65","7919-001-11",11,2,,,,,,,,,,,,,,,,,,,,,,,,,,,,,,,2,,,,,,1,2,2,2000,120,0,0,0,0,2,,,,,,
"71-33-08-65","7919-001-11",22,2,,,,,,,,,,,,,,,,,,,,,,,,,,,,,,,2,,,,,,2,,,,400,0,0,20,0,2,,,,,,
"52-72-30-63","7920-001-01",11,2,,,,,,,,,,,,,,,,,,,,,,,,,,,,,,,2,,,,,,2,,,,168,0,0,12,0,4,,,,,,
"53-96-23-77","7921-001-01",11,2,,,,,,,,,,,,,,,,,,,,,,,,,,,,,,,2,,,,,,2,,,,240,0,0,0,0,2,,,,,,
"32-16-83-61","7921-001-04",22,2,,,,,,,,,,,,,,,,,,,,,,,,,,,,,,,2,,,,,,2,,,,450,0,0,0,0,2,,,,,,
"74-23-11-25","7935-001-07",11,2,,,,,,,,,,,,,,,,,,,,,,,,,,,,,,,2,,,,,,2,,,,378,0,0,54,0,3,,,,,,
"74-23-11-25","7935-001-07",31,2,,,,,,,,,,,,,,,,,,,,,,,,,,,,,,,2,,,,,,2,,,,90,10,0,20,0,8,,,,,,
"31-35-06-21","7936-001-01",11,1,200,90000,4,3,200,90000,3,2020,2,1,2,1,2,2,,,,,,,,,,,,1,18,2,2,0,2,,,,,,2,,,,760,0,0,0,0,4,,,,,,
"31-35-06-21","7936-001-01",32,2,,,,,,,,,,,,,,,,,,,,,,,,,,,,,,,2,,,,,,2,,,,30,0,0,0,0,4,,,,,,
"31-35-06-21","7936-001-01",33,2,,,,,,,,,,,,,,,,,,,,,,,,,,,,,,,2,,,,,,2,,,,20,0,0,0,0,4,,,,,,
"31-35-06-21","7936-001-01",43,2,,,,,,,,,,,,,,,,,,,,,,,,,,,,,,,2,,,,,,2,,,,100,0,0,0,0,4,,,,,,
"71-59-39-29","7940-001-02",11,1,200,82500,2,1,200,82500,3,2020,3,2,,2,,2,,,,,,,,,,,,2,,,,,1,120,4,2,,3,2,,,,150,0,15,15,0,4,,,,,,
"71-59-39-29","7940-001-02",22,2,,,,,,,,,,,,,,,,,,,,,,,,,,,,,,,2,,,,,,2,,,,250,0,25,25,0,4,,,,,,
"71-59-39-29","7940-001-02",43,2,,,,,,,,,,,,,,,,,,,,,,,,,,,,,,,2,,,,,,1,4,3,3500,150,0,0,30,0,4,,,,,,
"87-93-30-61","7973-001-01",11,2,,,,,,,,,,,,,,,,,,,,,,,,,,,,,,,2,,,,,,2,,,,118,2,0,0,0,2,,,,,,
"87-93-30-61","7973-001-01",12,2,,,,,,,,,,,,,,,,,,,,,,,,,,,,,,,2,,,,,,2,,,,120,0,0,0,0,2,,,,,,
"87-93-30-61","7973-001-01",22,2,,,,,,,,,,,,,,,,,,,,,,,,,,,,,,,2,,,,,,2,,,,750,0,0,0,0,2,,,,,,
"87-93-30-61","7973-001-01",33,2,,,,,,,,,,,,,,,,,,,,,,,,,,,,,,,2,,,,,,2,,,,60,0,0,0,0,2,,,,,,
"38-93-28-41","8011-001-01",11,1,240,60000,9,1,120,30000,3,2020,1,1,2,1,2,2,,,,,,,,,,,,2,,,,,2,,,,,,2,,,,360,0,0,0,0,2,,,,,,
"14-68-38-97","8014-001-01",11,2,,,,,,,,,,,,,,,,,,,,,,,,,,,,,,,2,,,,,,2,,,,234,0,0,18,0,4,,,,,,
"44-32-80-96","8033-001-02",11,2,,,,,,,,,,,,,,,,,,,,,,,,,,,,,,,1,80,4,2,,1,2,,,,130,0,6,0,0,2,,,,,,
"44-32-80-96","8033-001-02",31,2,,,,,,,,,,,,,,,,,,,,,,,,,,,,,,,2,,,,,,2,,,,57,3,0,0,0,2,,,,,,
"68-35-72-16","8035-001-01",11,2,,,,,,,,,,,,,,,,,,,,,,,,,,,,,,,2,,,,,,2,,,,360,0,0,0,0,2,,,,,,
"08-10-16-64","8068-001-04",11,2,,,,,,,,,,,,,,,,,,,,,,,,,,,,,,,2,,,,,,2,,,,1500,0,0,0,0,4,,,,,,
"08-10-16-64","8068-001-04",33,2,,,,,,,,,,,,,,,,,,,,,,,,,,,,,,,2,,,,,,2,,,,650,0,0,0,0,4,,,,,,
"08-10-16-64","8068-001-04",43,2,,,,,,,,,,,,,,,,,,,,,,,,,,,,,,,2,,,,,,2,,,,250,0,0,50,0,4,,,,,,
"66-05-65-51","8168-001-01",11,2,,,,,,,,,,,,,,,,,,,,,,,,,,,,,,,2,,,,,,2,,,,420,0,0,0,0,2,,,,,,
"16-85-18-49","8169-001-01",34,1,60,30000,9,5,60,30000,10,2020,1,1,,1,,2,,,,,,,,,,,,2,,,,,2,,,,,,2,,,,0,0,0,2,0,2,,,,,,
"87-50-63-89","8171-001-01",11,1,750,266500,9,3,750,266500,1,2021,1,1,,1,,2,,,,,,,,,,,,2,,,,,2,,,,,,2,,,,480,20,0,120,0,2,,,,,,
"73-73-81-46","8173-001-01",32,2,,,,,,,,,,,,,,,,,,,,,,,,,,,,,,,2,,,,,,2,,,,40,0,0,0,0,8,,,,,,
"08-21-18-73","8185-001-01",11,2,,,,,,,,,,,,,,,,,,,,,,,,,,,,,,,1,10,4,2,,1,2,,,,287,3,0,100,0,2,,,,,,
"83-98-37-26","8187-001-01",11,1,450,450000,9,3,450,450000,2,2021,1,1,,1,,2,,,,,,,,,,,,2,,,,,2,,,,,,2,,,,450,0,0,0,0,2,,,,,,
"68-96-28-51","8189-001-01",998,2,,,,,,,,,,,,,,,,,,,,,,,,,,,,,,,2,,,,,,2,,,,30,0,0,5,0,2,,,,,,
"97-06-33-25","8282-001-03",11,1,400,100000,2,1,400,100000,10,2020,3,1,,1,,2,,,,,,,,,,,,2,,,,,2,,,,,,1,1,2,10000,360,20,0,0,0,8,,,,,,
"97-06-33-25","8282-001-03",34,2,,,,,,,,,,,,,,,,,,,,,,,,,,,,,,,2,,,,,,2,,,,40,0,0,0,0,8,,,,,,
"95-10-97-38","8285-001-01",11,1,500,150000,16,1,500,150000,8,2020,2,1,,1,,2,,,,,,,,,,,,2,,,,,2,,,,,,2,,,,300,0,0,0,0,8,,,,,,
"11-35-47-33","8339-001-01",11,1,300,150000,16,1,300,150000,8,2020,1,1,,1,2,2,,,,,,,,,,,,2,,,,,2,,,,,,1,3,3,1500,180,17,0,200,0,2,,,,,,
"11-35-47-33","8339-001-01",12,1,700,490000,16,3,700,490000,9,2020,1,1,2,1,2,2,,,,,,,,,,,,2,,,,,2,,,,,,2,,,,200,64,136,100,0,8,,,,,,
"51-76-89-73","8433-001-01",11,2,,,,,,,,,,,,,,,,,,,,,,,,,,,,,,,2,,,,,,2,,,,390,0,0,0,0,1,,,,,,
"48-32-46-83","8505-001-01",11,2,,,,,,,,,,,,,,,,,,,,,,,,,,,,,,,1,3510,4,2,,1,2,,,,540,0,0,0,0,2,,,,,,
"48-32-46-83","8505-001-01",12,2,,,,,,,,,,,,,,,,,,,,,,,,,,,,,,,1,640,4,2,,1,2,,,,180,20,0,60,0,2,,,,,,
"48-32-46-83","8505-001-01",13,1,1800,360000,9,1,1800,360000,4,2021,4,1,2,1,2,2,,,,,,,,,,,,2,,,,,1,400,4,2,,1,2,,,,300,100,0,0,0,4,,,,,,
"48-32-46-83","8505-001-01",22,2,,,,,,,,,,,,,,,,,,,,,,,,,,,,,,,1,360,4,2,,1,2,,,,840,0,0,0,0,2,,,,,,
"32-24-12-22","8506-001-01",11,2,,,,,,,,,,,,,,,,,,,,,,,,,,,,,,,1,150,1,2,,1,2,,,,250,0,0,0,0,4,,,,,,
"62-07-93-43","8507-001-01",11,1,600,240000,9,2,600,240000,5,2021,1,1,,1,,2,,,,,,,,,,,,2,,,,,1,600,6,1,2,1,2,,,,120,40,0,40,0,2,,,,,,
"62-07-93-43","8507-001-01",12,2,,,,,,,,,,,,,,,,,,,,,,,,,,,,,,,1,350,1,2,,1,2,,,,20,20,0,10,0,2,,,,,,
"62-07-93-43","8507-001-01",22,2,,,,,,,,,,,,,,,,,,,,,,,,,,,,,,,2,,,,,,2,,,,150,0,0,50,0,1,,,,,,
"62-07-93-43","8507-001-01",41,2,,,,,,,,,,,,,,,,,,,,,,,,,,,,,,,1,500,6,2,,2,2,,,,0,0,0,0,0,2,,,,,,
"30-40-59-80","8508-001-01",11,2,,,,,,,,,,,,,,,,,,,,,,,,,,,,,,,1,700,1,1,1,1,1,3,2,60000,6000,0,0,0,0,4,,,,,,
"30-40-59-80","8508-001-01",50,1,75,75000,6,1,75,75000,8,2020,1,1,,1,,2,,,,,,,,,,,,1,1,1,5,0,2,,,,,,2,,,,0,0,0,0,0,2,,,,,,
"55-35-60-25","8508-001-03",11,1,1200,360000,16,1,1200,360000,7,2020,1,1,2,1,2,2,,,,,,,,,,,,2,,,,,2,,,,,,1,1,1,60,600,0,0,0,0,5,,,,,,
"27-00-87-67","8509-001-05",50,1,180,145800,4,1,180,145800,6,2020,1,1,,1,,2,,,,,,,,,,,,2,,,,,2,,,,,,2,,,,0,0,0,0,0,2,,,,,,
"85-44-38-16","8511-001-01",11,2,,,,,,,,,,,,,,,,,,,,,,,,,,,,,,,1,40,1,2,,1,2,,,,196,4,0,0,0,5,,,,,,
"85-44-38-16","8511-001-01",22,2,,,,,,,,,,,,,,,,,,,,,,,,,,,,,,,1,59,1,2,,1,2,,,,188,0,0,0,0,5,,,,,,
"57-16-67-66","8511-001-04",11,1,1200,600000,9,2,1000,500000,6,2021,1,2,3,2,3,1,2,1,200,100000,5,2021,1,2,3,2,3,2,,,,,1,1450,4,1,1,1,2,,,,300,50,0,150,50,2,,,,,,
"57-16-67-66","8511-001-04",22,2,,,,,,,,,,,,,,,,,,,,,,,,,,,,,,,2,,,,,,2,,,,200,0,0,0,0,1,,,,,,
"23-56-01-83","8512-001-01",11,2,,,,,,,,,,,,,,,,,,,,,,,,,,,,,,,2,,,,,,2,,,,240,0,0,0,0,5,,,,,,
"23-56-01-83","8512-001-01",31,2,,,,,,,,,,,,,,,,,,,,,,,,,,,,,,,2,,,,,,2,,,,100,0,0,0,0,5,,,,,,
"06-99-12-26","8524-001-01",41,1,45,20250,9,1,45,20250,8,2020,1,6,,6,7,2,,,,,,,,,,,,2,,,,,2,,,,,,2,,,,0,0,0,0,0,8,,,,,,
"02-58-17-68","8525-001-01",11,1,1000,600000,5,1,1000,600000,2,2021,1,1,,1,2,2,,,,,,,,,,,,1,2,2,3,20000,2,,,,,,1,3,1,20000,420,0,0,0,0,5,,,,,,
"02-58-17-68","8525-001-01",12,1,1000,420000,16,1,1000,420000,3,2021,1,1,2,1,2,2,,,,,,,,,,,,2,,,,,2,,,,,,1,3,1,42000,340,0,0,60,0,2,,,,,,
"02-58-17-68","8525-001-01",34,1,100,120000,5,1,100,120000,5,2020,1,1,2,1,2,2,,,,,,,,,,,,1,2,1,2,0,2,,,,,,2,,,,0,0,0,0,0,2,,,,,,
"79-22-29-27","8526-001-01",11,1,36,12000,9,4,36,12000,4,2021,1,1,,1,,2,,,,,,,,,,,,2,,,,,1,1600,2,1,2,1,2,,,,164,0,0,0,0,2,,,,,,
"79-22-29-27","8526-001-01",43,2,,,,,,,,,,,,,,,,,,,,,,,,,,,,,,,1,630,4,2,,1,2,,,,112,28,0,0,0,2,,,,,,
"79-22-29-27","8526-001-01",50,2,,,,,,,,,,,,,,,,,,,,,,,,,,,,,,,1,500,2,2,,2,2,,,,0,0,0,0,0,8,,,,,,
"38-71-06-87","8527-001-01",50,1,35,28000,4,1,35,28000,6,2020,1,4,,1,4,2,,,,,,,,,,,,2,,,,,2,,,,,,2,,,,0,0,0,0,0,2,,,,,,
"70-41-03-84","8528-001-01",11,2,,,,,,,,,,,,,,,,,,,,,,,,,,,,,,,2,,,,,,2,,,,240,0,0,0,0,4,,,,,,
"65-17-43-26","8528-001-04",50,1,600,400000,7,2,600,400000,6,2020,1,4,,4,,2,,,,,,,,,,,,1,2,1,3,0,2,,,,,,2,,,,0,0,0,0,0,2,,,,,,
"71-43-60-45","8529-001-01",11,2,,,,,,,,,,,,,,,,,,,,,,,,,,,,,,,1,276,4,2,,1,2,,,,204,0,0,0,0,4,,,,,,
"71-43-60-45","8529-001-01",22,2,,,,,,,,,,,,,,,,,,,,,,,,,,,,,,,2,,,,,,1,1,1,4000,98,0,0,0,0,2,,,,,,
"71-43-60-45","8529-001-01",43,2,,,,,,,,,,,,,,,,,,,,,,,,,,,,,,,1,9,4,2,,1,2,,,,13,0,0,3,0,2,,,,,,
"94-71-63-72","8529-001-08",11,2,,,,,,,,,,,,,,,,,,,,,,,,,,,,,,,2,,,,,,2,,,,380,20,0,0,0,4,,,,,,
"94-71-63-72","8529-001-08",22,2,,,,,,,,,,,,,,,,,,,,,,,,,,,,,,,2,,,,,,2,,,,600,0,0,0,0,2,,,,,,
"94-71-63-72","8529-001-08",31,2,,,,,,,,,,,,,,,,,,,,,,,,,,,,,,,2,,,,,,2,,,,20,0,0,0,0,4,,,,,,
"94-71-63-72","8529-001-08",43,2,,,,,,,,,,,,,,,,,,,,,,,,,,,,,,,2,,,,,,2,,,,20,0,0,0,0,4,,,,,,
"94-71-63-72","8529-001-08",50,1,150,120000,6,1,150,120000,6,2020,3,1,2,1,2,2,,,,,,,,,,,,1,2,3,2,0,2,,,,,,2,,,,0,0,0,0,0,3,,,,,,
"30-83-69-59","8530-001-01",11,1,200,100000,9,4,200,100000,5,2021,1,5,,5,,2,,,,,,,,,,,,2,,,,,1,500,2,1,1,1,2,,,,200,0,0,0,0,2,,,,,,
"30-83-69-59","8530-001-01",12,2,,,,,,,,,,,,,,,,,,,,,,,,,,,,,,,1,1000,6,2,,1,2,,,,20,0,60,20,0,2,,,,,,
"30-83-69-59","8530-001-01",22,2,,,,,,,,,,,,,,,,,,,,,,,,,,,,,,,2,,,,,,2,,,,200,0,0,0,0,1,,,,,,
"82-85-96-81","8531-001-01",11,1,1800,900000,9,4,1800,900000,5,2021,1,1,,1,2,2,,,,,,,,,,,,2,,,,,1,600,1,1,2,1,2,,,,300,0,0,0,0,2,,,,,,
"82-85-96-81","8531-001-01",22,2,,,,,,,,,,,,,,,,,,,,,,,,,,,,,,,2,,,,,,2,,,,400,0,0,0,0,1,,,,,,
"82-85-96-81","8531-001-01",34,2,,,,,,,,,,,,,,,,,,,,,,,,,,,,,,,1,70,4,2,,1,2,,,,45,0,0,5,0,2,,,,,,
"82-85-96-81","8531-001-01",43,2,,,,,,,,,,,,,,,,,,,,,,,,,,,,,,,1,1150,4,1,2,2,1,3,1,60000,60,70,0,0,0,2,,,,,,
"82-85-96-81","8531-001-01",50,2,,,,,,,,,,,,,,,,,,,,,,,,,,,,,,,1,350,6,2,,2,2,,,,0,0,0,0,0,2,,,,,,
"65-92-56-84","8600-001-01",11,2,,,,,,,,,,,,,,,,,,,,,,,,,,,,,,,1,720,4,2,,1,1,2,1,3780,120,15,0,0,0,4,,,,,,
"65-92-56-84","8600-001-01",22,2,,,,,,,,,,,,,,,,,,,,,,,,,,,,,,,2,,,,,,2,,,,44,0,0,0,0,4,,,,,,
"65-92-56-84","8600-001-01",43,2,,,,,,,,,,,,,,,,,,,,,,,,,,,,,,,1,100,4,2,,1,2,,,,4,10,0,0,0,2,,,,,,
"81-82-81-40","8602-001-01",11,2,,,,,,,,,,,,,,,,,,,,,,,,,,,,,,,2,,,,,,2,,,,240,0,0,0,0,2,,,,,,
"21-64-89-72","8604-001-01",11,2,,,,,,,,,,,,,,,,,,,,,,,,,,,,,,,1,72,4,2,,1,2,,,,230,10,0,12,0,2,,,,,,
"21-64-89-72","8604-001-01",13,2,,,,,,,,,,,,,,,,,,,,,,,,,,,,,,,2,,,,,,2,,,,38,2,0,0,0,2,,,,,,
"21-64-89-72","8604-001-01",22,2,,,,,,,,,,,,,,,,,,,,,,,,,,,,,,,2,,,,,,2,,,,136,0,0,0,0,2,,,,,,
"34-56-13-13","8605-001-01",11,1,500,300000,16,1,500,300000,5,2020,1,1,17,1,17,2,,,,,,,,,,,,2,,,,,2,,,,,,2,,,,400,0,0,100,0,2,,,,,,
"17-58-40-80","8605-001-04",11,2,,,,,,,,,,,,,,,,,,,,,,,,,,,,,,,1,232,4,2,,1,2,,,,90,2,0,0,0,2,,,,,,
"17-58-40-80","8605-001-04",50,1,200,210000,5,1,200,210000,5,2021,2,1,,1,2,2,,,,,,,,,,,,1,5,2,5,10000,2,,,,,,2,,,,0,0,0,0,0,2,,,,,,
"51-49-02-05","8605-001-05",11,1,8400,3150000,9,2,8400,3150000,6,2021,2,1,,1,2,2,,,,,,,,,,,,2,,,,,1,600,4,2,,1,2,,,,600,0,0,0,0,2,,,,,,
"51-49-02-05","8605-001-05",12,1,2800,1680000,9,2,2800,1680000,6,2021,2,1,,1,2,2,,,,,,,,,,,,2,,,,,1,1400,4,2,,2,2,,,,700,0,0,0,0,2,,,,,,
"51-49-02-05","8605-001-05",13,2,,,,,,,,,,,,,,,,,,,,,,,,,,,,,,,2,,,,,,2,,,,80,0,0,40,0,2,,,,,,
"51-49-02-05","8605-001-05",22,2,,,,,,,,,,,,,,,,,,,,,,,,,,,,,,,2,,,,,,2,,,,1500,0,0,0,0,2,,,,,,
"51-49-02-05","8605-001-05",33,1,1200,1500000,9,2,1200,1500000,3,2021,1,1,,1,2,2,,,,,,,,,,,,2,,,,,1,60,4,2,,1,2,,,,60,0,0,0,0,2,,,,,,
"47-61-91-39","8607-001-02",11,2,,,,,,,,,,,,,,,,,,,,,,,,,,,,,,,1,216,4,2,,1,2,,,,252,18,0,0,0,2,,,,,,
"32-69-81-91","8829-001-01",12,1,180,72000,16,1,180,72000,7,2020,1,1,2,1,2,2,,,,,,,,,,,,2,,,,,2,,,,,,2,,,,240,0,0,30,0,2,,,,,,
"32-69-81-91","8829-001-01",22,2,,,,,,,,,,,,,,,,,,,,,,,,,,,,,,,2,,,,,,2,,,,280,0,0,20,0,2,,,,,,
"48-50-38-14","8866-001-01",23,1,100,50000,9,1,100,50000,3,2021,1,1,,1,,2,,,,,,,,,,,,2,,,,,1,35,4,2,,1,2,,,,15,0,0,0,0,3,,,,,,
"34-20-55-17","8867-001-02",23,1,400,160000,9,1,400,160000,1,2021,1,2,,2,,2,,,,,,,,,,,,2,,,,,1,100,4,1,1,3,2,,,,100,100,0,0,0,3,,,,,,
"00-21-28-79","8868-001-01",11,2,,,,,,,,,,,,,,,,,,,,,,,,,,,,,,,2,,,,,,2,,,,280,0,0,44,0,4,,,,,,
"00-21-28-79","8868-001-01",23,1,1000,500000,9,1,1000,500000,3,2020,2,1,2,1,2,2,,,,,,,,,,,,2,,,,,2,,,,,,2,,,,100,400,0,50,0,2,,,,,,
"00-21-28-79","8868-001-01",86,1,300,300000,9,1,300,300000,3,2020,1,1,2,1,2,2,,,,,,,,,,,,2,,,,,2,,,,,,2,,,,20,0,0,0,0,2,,,,,,
"57-34-58-89","8869-001-01",11,2,,,,,,,,,,,,,,,,,,,,,,,,,,,,,,,2,,,,,,2,,,,160,0,0,0,0,3,,,,,,
"57-34-58-89","8869-001-01",23,1,175,1400000,9,1,175,1400000,2,2019,1,1,,1,2,2,,,,,,,,,,,,2,,,,,2,,,,,,2,,,,0,0,75,0,0,3,,,,,,
"57-34-58-89","8869-001-01",31,2,,,,,,,,,,,,,,,,,,,,,,,,,,,,,,,2,,,,,,2,,,,11,0,0,3,0,4,,,,,,
"22-97-00-78","8871-001-01",11,2,,,,,,,,,,,,,,,,,,,,,,,,,,,,,,,2,,,,,,2,,,,70,5,30,35,0,2,,,,,,
"22-97-00-78","8871-001-01",23,1,400,200000,9,1,400,200000,3,2020,1,1,6,1,6,2,,,,,,,,,,,,2,,,,,2,,,,,,2,,,,100,100,40,60,0,2,,,,,,
"83-91-97-40","8872-001-01",11,1,126,80000,16,1,126,80000,8,2020,1,1,,1,,2,,,,,,,,,,,,2,,,,,2,,,,,,2,,,,162,0,0,36,0,6,,,,,,
"83-91-97-40","8872-001-01",31,2,,,,,,,,,,,,,,,,,,,,,,,,,,,,,,,2,,,,,,2,,,,20,0,0,0,0,2,,,,,,
"23-87-83-61","8873-001-01",11,2,,,,,,,,,,,,,,,,,,,,,,,,,,,,,,,2,,,,,,2,,,,80,2,0,0,0,2,,,,,,
"23-87-83-61","8873-001-01",23,1,200,50000,9,2,200,50000,7,2020,1,1,2,1,2,2,,,,,,,,,,,,2,,,,,2,,,,,,2,,,,20,0,0,0,0,2,,,,,,
"71-60-85-76","8888-001-01",11,2,,,,,,,,,,,,,,,,,,,,,,,,,,,,,,,1,20,4,2,,1,2,,,,160,0,0,0,0,3,,,,,,
"81-76-53-58","8889-001-01",11,2,,,,,,,,,,,,,,,,,,,,,,,,,,,,,,,2,,,,,,2,,,,240,0,0,0,0,2,,,,,,
"26-06-09-83","8891-001-01",11,2,,,,,,,,,,,,,,,,,,,,,,,,,,,,,,,1,54,7,1,2,1,2,,,,0,0,0,0,0,2,,,,,,
"63-82-17-43","8904-001-01",11,1,165,60000,9,3,165,60000,12,2020,1,1,,1,,2,,,,,,,,,,,,2,,,,,2,,,,,,2,,,,55,0,0,0,0,2,,,,,,
"73-69-98-24","8905-001-01",11,1,800,240000,9,2,800,240000,2,2021,1,1,2,1,2,2,,,,,,,,,,,,2,,,,,1,36,5,2,,1,2,,,,194,0,0,0,0,4,,,,,,
"21-39-92-97","8906-001-01",11,1,36,10000,2,1,36,10000,3,2021,2,1,,1,,2,,,,,,,,,,,,1,6,2,1,0,2,,,,,,2,,,,67,5,0,0,0,2,,,,,,
"82-07-37-99","8908-001-01",11,1,60,21000,16,4,60,21000,2,2021,1,1,,1,,2,,,,,,,,,,,,1,4,2,1,0,2,,,,,,2,,,,20,0,0,40,0,2,,,,,,
"81-53-07-82","8910-001-01",11,1,120,30000,9,4,120,30000,2,2021,1,1,,1,,2,,,,,,,,,,,,2,,,,,2,,,,,,2,,,,0,0,0,0,0,2,,,,,,
"84-71-12-07","8910-001-02",11,2,,,,,,,,,,,,,,,,,,,,,,,,,,,,,,,1,60,1,2,,1,2,,,,60,0,0,0,0,3,,,,,,
"00-80-16-37","8942-001-01",11,2,,,,,,,,,,,,,,,,,,,,,,,,,,,,,,,1,184,1,2,,1,2,,,,120,20,0,0,0,2,,,,,,
"00-80-16-37","8942-001-01",32,1,54,30000,4,1,54,30000,2,2021,1,2,,2,,2,,,,,,,,,,,,1,2,1,6,2000,1,18,4,2,,1,2,,,,65,2,0,4,0,2,,,,,,
"95-62-22-44","8944-001-01",11,2,,,,,,,,,,,,,,,,,,,,,,,,,,,,,,,2,,,,,,2,,,,360,0,0,0,0,2,,,,,,
"36-99-86-88","8945-001-01",11,1,720,180000,9,1,720,180000,3,2021,1,1,,1,2,2,,,,,,,,,,,,1,1,1,6,2000,1,480,1,2,,1,2,,,,240,360,0,0,0,8,,,,,,
"86-38-44-19","8968-001-02",11,2,,,,,,,,,,,,,,,,,,,,,,,,,,,,,,,2,,,,,,2,,,,280,0,0,0,0,2,,,,,,
"75-06-10-65","9102-001-99",11,1,2025,800000,16,5,2025,800000,1,2020,1,1,,1,,2,,,,,,,,,,,,2,,,,,2,,,,,,2,,,,0,10,0,0,0,4,,,,,,
"18-40-65-77","9268-001-99",31,1,200,700000,9,4,200,700000,10,2020,1,1,,1,,2,,,,,,,,,,,,2,,,,,1,60,4,2,,1,2,,,,40,0,0,0,0,3,,,,,,
"68-52-75-14","9398-001-99",11,2,,,,,,,,,,,,,,,,,,,,,,,,,,,,,,,1,150,4,1,1,1,2,,,,250,0,0,0,0,2,,,,,,
"68-52-75-14","9398-001-99",31,2,,,,,,,,,,,,,,,,,,,,,,,,,,,,,,,2,,,,,,2,,,,15,0,0,0,0,2,,,,,,
"68-52-75-14","9398-001-99",43,2,,,,,,,,,,,,,,,,,,,,,,,,,,,,,,,2,,,,,,2,,,,15,0,0,0,0,2,,,,,,
"71-50-61-72","9607-001-99",11,2,,,,,,,,,,,,,,,,,,,,,,,,,,,,,,,1,500,3,2,,2,2,,,,0,0,0,0,0,2,,,,,,
"75-21-91-96","9639-001-99",11,1,80,40000,2,1,80,40000,10,2020,1,1,,1,,2,,,,,,,,,,,,2,,,,,2,,,,,,2,,,,50,0,0,50,0,2,,,,,,
"23-69-08-56","9643-001-99",11,2,,,,,,,,,,,,,,,,,,,,,,,,,,,,,,,2,,,,,,2,,,,78,2,0,20,0,2,,,,,,
