"interview__key","id_01","id_02","id_03","id_04","id_05","cmf01","cmf02","cmf03","cmf04","cmf05","village_gps__Latitude","village_gps__Longitude","village_gps__Altitude","village_gps__Timestamp","village_source","village_source_os","district_gps__Latitude","district_gps__Longitude","district_gps__Altitude","district_gps__Timestamp","district_source","district_source_os"
"00-25-04-46",12,128,272,3,4,12,122,72,2,9,"**CONFIDENTIAL**","**CONFIDENTIAL**",1590,"2021-08-16T12:23:47",1,,"**CONFIDENTIAL**","**CONFIDENTIAL**",,,,
"01-06-47-85",7,71,282,7,36,7,71,162,2,1,"**CONFIDENTIAL**","**CONFIDENTIAL**",109,"2021-07-20T08:26:10",1,,"**CONFIDENTIAL**","**CONFIDENTIAL**",,,,
"01-24-57-16",9,97,43,2,2,9,97,52,1,2,"**CONFIDENTIAL**","**CONFIDENTIAL**",415,"2021-10-13T07:22:56",1,,"**CONFIDENTIAL**","**CONFIDENTIAL**",,,,
"01-72-20-39",6,65,83,1,305,,69,,,,"**CONFIDENTIAL**","**CONFIDENTIAL**",138,"2021-09-28T10:43:03",1,,"**CONFIDENTIAL**","**CONFIDENTIAL**",141,"2021-09-28T10:43:50",1,
"01-82-05-19",2,23,182,4,3,,,,,,"**CONFIDENTIAL**","**CONFIDENTIAL**",1369,"2021-10-28T14:09:52",2,,"**CONFIDENTIAL**","**CONFIDENTIAL**",,,,
"02-08-04-64",1,15,231,1,13,1,15,32,4,5,"**CONFIDENTIAL**","**CONFIDENTIAL**",1103,"2021-08-27T08:32:34",2,,"**CONFIDENTIAL**","**CONFIDENTIAL**",,,,
"02-13-48-87",53,532,242,2,2,53,532,132,3,2,"**CONFIDENTIAL**","**CONFIDENTIAL**",-31.0496826171875,"2021-11-09T06:51:16",2,,"**CONFIDENTIAL**","**CONFIDENTIAL**",,,,
"02-42-01-91",2,23,1632,5,3,2,23,32,4,3,"**CONFIDENTIAL**","**CONFIDENTIAL**",1375,"2021-10-26T09:07:40",1,,"**CONFIDENTIAL**","**CONFIDENTIAL**",,,,
"02-47-01-60",18,188,11,6,7,18,188,91,1,9,"**CONFIDENTIAL**","**CONFIDENTIAL**",1326,"2021-05-25T09:09:31",2,,"**CONFIDENTIAL**","**CONFIDENTIAL**",,,,
"02-66-66-02",8,81,11,3,1,8,81,183,2,301,"**CONFIDENTIAL**","**CONFIDENTIAL**",-53,"2021-05-24T09:37:16",2,,"**CONFIDENTIAL**","**CONFIDENTIAL**",,,,
"03-22-58-12",2,23,132,3,13,2,23,32,4,3,"**CONFIDENTIAL**","**CONFIDENTIAL**",1323,"2021-03-04T10:18:45",3,"Genge","**CONFIDENTIAL**","**CONFIDENTIAL**",,,,
"03-45-67-62",2,23,192,2,6,2,23,32,4,3,"**CONFIDENTIAL**","**CONFIDENTIAL**",1326,"2021-08-24T08:14:04",3,"Gengeni","**CONFIDENTIAL**","**CONFIDENTIAL**",,,,
"03-46-31-84",24,243,21,4,2,,243,,,,"**CONFIDENTIAL**","**CONFIDENTIAL**",1128,"2020-12-19T15:36:07",2,,"**CONFIDENTIAL**","**CONFIDENTIAL**",1183,"2020-12-24T03:58:01",1,
"03-56-36-64",7,71,172,2,20,7,71,162,1,2,"**CONFIDENTIAL**","**CONFIDENTIAL**",-15,"2021-03-30T07:52:45",3,"Magenge","**CONFIDENTIAL**","**CONFIDENTIAL**",,,,
"03-77-08-35",14,143,131,3,6,14,146,72,5,1,"**CONFIDENTIAL**","**CONFIDENTIAL**",1206,"2021-02-11T09:44:12",2,,"**CONFIDENTIAL**","**CONFIDENTIAL**",,,,
"03-98-19-33",9,96,91,2,2,9,96,21,3,2,"**CONFIDENTIAL**","**CONFIDENTIAL**",320,"2021-07-25T10:37:43",2,,"**CONFIDENTIAL**","**CONFIDENTIAL**",,,,
"04-16-80-99",20,203,101,4,9,,205,,,,"**CONFIDENTIAL**","**CONFIDENTIAL**",1195,"2021-09-18T11:47:14",3,"GENGE","**CONFIDENTIAL**","**CONFIDENTIAL**",1145,"2021-09-23T07:06:44",1,
"04-20-86-53",7,73,132,1,7,7,73,262,1,27,"**CONFIDENTIAL**","**CONFIDENTIAL**",7,"2021-07-09T08:15:40",1,,"**CONFIDENTIAL**","**CONFIDENTIAL**",,,,
"04-31-96-12",6,67,42,2,11,,,,,,"**CONFIDENTIAL**","**CONFIDENTIAL**",,,1,,"**CONFIDENTIAL**","**CONFIDENTIAL**",,,,
"04-49-66-61",7,73,292,1,20,7,73,262,1,27,"**CONFIDENTIAL**","**CONFIDENTIAL**",-37,"2021-02-19T11:39:53",2,,"**CONFIDENTIAL**","**CONFIDENTIAL**",,,,
"04-72-35-98",1,15,123,1,8,1,15,32,4,5,"**CONFIDENTIAL**","**CONFIDENTIAL**",1046,"2021-01-29T10:54:32",3,"magenge","**CONFIDENTIAL**","**CONFIDENTIAL**",,,,
"05-18-84-95",9,94,111,1,3,,94,,,,"**CONFIDENTIAL**","**CONFIDENTIAL**",363,"2021-02-04T09:25:03",1,,"**CONFIDENTIAL**","**CONFIDENTIAL**",277,"2021-02-06T14:23:25",1,
"05-21-82-83",2,23,172,11,7,2,23,32,3,4,"**CONFIDENTIAL**","**CONFIDENTIAL**",1353,"2021-11-10T09:38:38",3,"Gengeni","**CONFIDENTIAL**","**CONFIDENTIAL**",,,,
"05-51-66-23",16,167,81,2,18,,167,,,,"**CONFIDENTIAL**","**CONFIDENTIAL**",1321,"2021-11-18T13:41:01",1,,"**CONFIDENTIAL**","**CONFIDENTIAL**",1231,"2021-11-19T07:39:55",1,
"05-55-20-57",7,72,252,2,12,7,72,82,3,24,"**CONFIDENTIAL**","**CONFIDENTIAL**",62,"2021-05-28T10:21:23",1,,"**CONFIDENTIAL**","**CONFIDENTIAL**",,,,
"05-55-54-25",20,206,21,2,4,,206,,,,"**CONFIDENTIAL**","**CONFIDENTIAL**",1195,"2021-09-21T08:35:34",3,"GENGE","**CONFIDENTIAL**","**CONFIDENTIAL**",1173,"2021-09-22T06:30:45",1,
"05-96-73-20",7,73,92,1,67,7,73,262,1,27,"**CONFIDENTIAL**","**CONFIDENTIAL**",29,"2021-05-22T07:03:34",1,,"**CONFIDENTIAL**","**CONFIDENTIAL**",,,,
"06-05-50-78",6,61,53,2,305,,,,,,"**CONFIDENTIAL**","**CONFIDENTIAL**",-34,"2021-05-25T08:12:09",1,,"**CONFIDENTIAL**","**CONFIDENTIAL**",-38,"2021-05-25T08:12:29",1,
"06-37-03-07",5,56,,,,,,,,,"**CONFIDENTIAL**","**CONFIDENTIAL**",1002,"2021-01-16T08:20:25",2,,"**CONFIDENTIAL**","**CONFIDENTIAL**",,,,
"06-47-61-53",14,141,231,5,2,,141,,,,"**CONFIDENTIAL**","**CONFIDENTIAL**",1084,"2021-02-03T11:59:01",1,,"**CONFIDENTIAL**","**CONFIDENTIAL**",1220,"2021-02-05T09:56:47",1,
"06-95-26-82",18,184,141,1,3,,184,,,,"**CONFIDENTIAL**","**CONFIDENTIAL**",1298,"2021-01-19T14:19:21",2,,"**CONFIDENTIAL**","**CONFIDENTIAL**",1429,"2021-01-18T08:16:55",1,
"06-95-53-32",12,127,181,1,1,,127,,,,"**CONFIDENTIAL**","**CONFIDENTIAL**",1094,"2021-08-25T11:14:32",2,,"**CONFIDENTIAL**","**CONFIDENTIAL**",1078,"2011-02-08T00:57:53",1,
"06-96-70-64",18,183,191,6,1,18,183,261,2,4,"**CONFIDENTIAL**","**CONFIDENTIAL**",1218,"2021-07-24T13:32:42",2,,"**CONFIDENTIAL**","**CONFIDENTIAL**",,,,
"07-12-97-68",13,133,41,4,1,,133,,,,"**CONFIDENTIAL**","**CONFIDENTIAL**",823,"2020-12-27T13:18:32",2,,"**CONFIDENTIAL**","**CONFIDENTIAL**",1252,"2020-12-28T07:08:06",1,
"07-19-26-64",19,193,92,2,2,19,193,92,10,3,"**CONFIDENTIAL**","**CONFIDENTIAL**",1227,"2021-10-14T08:26:10",1,,"**CONFIDENTIAL**","**CONFIDENTIAL**",,,,
"07-73-19-27",7,72,192,4,37,7,72,82,3,24,"**CONFIDENTIAL**","**CONFIDENTIAL**",24,"2021-03-03T09:30:52",1,,"**CONFIDENTIAL**","**CONFIDENTIAL**",,,,
"07-89-96-52",19,191,32,2,2,19,191,141,2,4,"**CONFIDENTIAL**","**CONFIDENTIAL**",1149,"2021-10-02T12:23:30",1,,"**CONFIDENTIAL**","**CONFIDENTIAL**",,,,
"08-20-01-66",18,187,91,2,2,,187,,,,"**CONFIDENTIAL**","**CONFIDENTIAL**",,,2,,"**CONFIDENTIAL**","**CONFIDENTIAL**",1157,"2020-12-23T06:12:33",1,
"08-26-26-27",20,205,92,4,1,,205,,,,"**CONFIDENTIAL**","**CONFIDENTIAL**",1188,"2021-06-26T07:49:28",2,,"**CONFIDENTIAL**","**CONFIDENTIAL**",,,,
"08-52-73-98",23,233,221,1,7,23,233,81,2,2,"**CONFIDENTIAL**","**CONFIDENTIAL**",915,"2021-05-05T13:43:03",2,,"**CONFIDENTIAL**","**CONFIDENTIAL**",,,,
"09-09-71-46",4,45,131,1,3,4,45,22,2,5,"**CONFIDENTIAL**","**CONFIDENTIAL**",52,"2021-10-12T10:30:08",1,,"**CONFIDENTIAL**","**CONFIDENTIAL**",,,,
"09-18-23-46",1,15,362,1,6,1,15,32,4,5,"**CONFIDENTIAL**","**CONFIDENTIAL**",1142,"2021-05-19T09:10:31",2,,"**CONFIDENTIAL**","**CONFIDENTIAL**",,,,
"09-74-42-02",19,193,112,2,2,19,193,92,10,3,"**CONFIDENTIAL**","**CONFIDENTIAL**",1158,"2021-03-30T10:17:39",2,,"**CONFIDENTIAL**","**CONFIDENTIAL**",,,,
"09-98-78-45",7,71,192,1,6,7,71,162,2,1,"**CONFIDENTIAL**","**CONFIDENTIAL**",69,"2021-02-22T10:52:11",2,,"**CONFIDENTIAL**","**CONFIDENTIAL**",,,,
"10-00-56-46",18,181,63,2,306,18,181,121,3,1,"**CONFIDENTIAL**","**CONFIDENTIAL**",1632,"2021-11-26T10:47:51",1,,"**CONFIDENTIAL**","**CONFIDENTIAL**",,,,
"10-15-01-02",7,73,72,1,33,7,73,262,1,27,"**CONFIDENTIAL**","**CONFIDENTIAL**",9,"2021-05-20T10:49:23",2,,"**CONFIDENTIAL**","**CONFIDENTIAL**",,,,
"10-61-60-35",24,244,241,2,6,,244,,,,"**CONFIDENTIAL**","**CONFIDENTIAL**",1242,"2021-08-08T10:39:21",1,,"**CONFIDENTIAL**","**CONFIDENTIAL**",1238,"2021-08-08T10:39:48",1,
"11-26-46-52",53,532,342,3,1,53,532,132,3,2,"**CONFIDENTIAL**","**CONFIDENTIAL**",4.0643310546875,"2021-05-18T06:55:05",2,,"**CONFIDENTIAL**","**CONFIDENTIAL**",,,,
"11-28-44-98",19,196,22,11,7,19,196,62,2,6,"**CONFIDENTIAL**","**CONFIDENTIAL**",1200,"2021-10-09T09:19:06",1,,"**CONFIDENTIAL**","**CONFIDENTIAL**",,,,
"11-62-61-27",21,212,231,2,2,21,212,11,1,6,"**CONFIDENTIAL**","**CONFIDENTIAL**",1480,"2021-07-12T10:20:27",3,"Gulio","**CONFIDENTIAL**","**CONFIDENTIAL**",,,,
"12-34-68-20",7,71,212,3,18,7,71,162,2,1,"**CONFIDENTIAL**","**CONFIDENTIAL**",25,"2021-02-24T10:08:12",1,,"**CONFIDENTIAL**","**CONFIDENTIAL**",,,,
"12-43-07-80",12,128,232,3,5,12,128,72,2,9,"**CONFIDENTIAL**","**CONFIDENTIAL**",1704,"2021-10-07T09:08:22",1,,"**CONFIDENTIAL**","**CONFIDENTIAL**",,,,
"12-87-61-13",25,255,13,3,6,,255,,,,"**CONFIDENTIAL**","**CONFIDENTIAL**",1161,"2021-01-23T11:00:02",1,,"**CONFIDENTIAL**","**CONFIDENTIAL**",1130,"2021-01-27T08:41:01",1,
"12-90-48-34",53,531,323,3,301,53,531,111,3,2,"**CONFIDENTIAL**","**CONFIDENTIAL**",8.47882080078125,"2021-07-26T09:17:36",2,,"**CONFIDENTIAL**","**CONFIDENTIAL**",,,,
"13-10-41-09",53,531,292,2,3,53,531,111,3,2,"**CONFIDENTIAL**","**CONFIDENTIAL**",48.9384155273438,"2021-03-30T07:03:30",2,,"**CONFIDENTIAL**","**CONFIDENTIAL**",,,,
"13-42-52-99",5,55,52,10,1,,55,,,,"**CONFIDENTIAL**","**CONFIDENTIAL**",496,"2021-01-05T08:07:32",2,,"**CONFIDENTIAL**","**CONFIDENTIAL**",480,"2021-01-06T11:37:34",1,
"13-43-11-98",21,213,262,2,1,,213,,,,"**CONFIDENTIAL**","**CONFIDENTIAL**",1735,"2021-11-20T10:08:20",3,"Gengeni","**CONFIDENTIAL**","**CONFIDENTIAL**",1726,"2021-11-21T07:14:32",1,
"13-75-01-91",7,72,212,2,48,7,72,82,3,24,"**CONFIDENTIAL**","**CONFIDENTIAL**",20,"2021-03-08T09:12:18",2,,"**CONFIDENTIAL**","**CONFIDENTIAL**",,,,
"13-86-41-70",18,182,161,3,6,18,182,51,2,11,"**CONFIDENTIAL**","**CONFIDENTIAL**",1188,"2021-10-04T13:13:13",1,,"**CONFIDENTIAL**","**CONFIDENTIAL**",,,,
"13-90-90-46",51,512,121,1,1,51,512,271,1,1,"**CONFIDENTIAL**","**CONFIDENTIAL**",-47.7018432617188,"2021-03-04T08:02:42",2,,"**CONFIDENTIAL**","**CONFIDENTIAL**",,,,
"13-91-33-31",18,185,111,5,4,18,185,51,5,12,"**CONFIDENTIAL**","**CONFIDENTIAL**",1759,"2021-11-23T11:03:41",1,,"**CONFIDENTIAL**","**CONFIDENTIAL**",,,,
"14-25-36-11",11,112,261,5,2,11,112,173,1,1,"**CONFIDENTIAL**","**CONFIDENTIAL**",1656,"2021-05-10T11:07:11",2,,"**CONFIDENTIAL**","**CONFIDENTIAL**",,,,
"14-78-98-65",19,193,101,1,8,19,193,92,10,3,"**CONFIDENTIAL**","**CONFIDENTIAL**",1145,"2021-07-05T08:25:19",1,,"**CONFIDENTIAL**","**CONFIDENTIAL**",,,,
"14-88-21-28",19,193,92,10,3,,193,,,,"**CONFIDENTIAL**","**CONFIDENTIAL**",1224,"2020-12-29T11:38:12",1,,"**CONFIDENTIAL**","**CONFIDENTIAL**",1128,"2021-03-17T12:05:00",1,
"15-14-18-98",19,193,32,6,14,19,193,92,10,3,"**CONFIDENTIAL**","**CONFIDENTIAL**",1222,"2021-01-14T14:39:31",1,,"**CONFIDENTIAL**","**CONFIDENTIAL**",,,,
"15-18-34-06",53,531,253,7,303,53,531,111,3,2,"**CONFIDENTIAL**","**CONFIDENTIAL**",-27.2648620605469,"2020-12-23T11:12:21",2,,"**CONFIDENTIAL**","**CONFIDENTIAL**",,,,
"15-18-39-59",7,72,12,3,23,7,72,82,3,24,"**CONFIDENTIAL**","**CONFIDENTIAL**",41,"2021-07-23T07:20:55",2,,"**CONFIDENTIAL**","**CONFIDENTIAL**",,,,
"15-37-10-99",24,243,231,3,1,24,243,21,4,2,"**CONFIDENTIAL**","**CONFIDENTIAL**",1338,"2020-12-22T10:41:33",2,,"**CONFIDENTIAL**","**CONFIDENTIAL**",,,,
"15-38-21-02",10,102,151,2,2,9,104,52,1,2,"**CONFIDENTIAL**","**CONFIDENTIAL**",1058,"2021-07-13T10:00:43",2,,"**CONFIDENTIAL**","**CONFIDENTIAL**",,,,
"15-43-13-32",9,94,221,1,3,9,94,111,1,3,"**CONFIDENTIAL**","**CONFIDENTIAL**",550,"2021-08-03T11:28:54",2,,"**CONFIDENTIAL**","**CONFIDENTIAL**",,,,
"15-72-61-48",7,72,52,2,37,7,72,162,2,1,"**CONFIDENTIAL**","**CONFIDENTIAL**",47,"2021-02-05T07:40:39",2,,"**CONFIDENTIAL**","**CONFIDENTIAL**",,,,
"15-76-36-37",52,521,281,2,1,52,521,131,1,1,"**CONFIDENTIAL**","**CONFIDENTIAL**",-33.54638671875,"2021-05-24T08:53:25",2,,"**CONFIDENTIAL**","**CONFIDENTIAL**",,,,
"15-95-84-19",7,74,,,,7,71,162,2,1,"**CONFIDENTIAL**","**CONFIDENTIAL**",21,"2021-01-27T09:59:34",1,,"**CONFIDENTIAL**","**CONFIDENTIAL**",,,,
"16-03-65-14",15,153,123,1,301,15,153,123,1,5,"**CONFIDENTIAL**","**CONFIDENTIAL**",763,"2021-06-16T06:49:43",1,,"**CONFIDENTIAL**","**CONFIDENTIAL**",,,,
"16-08-16-73",8,81,183,2,301,,81,,,,"**CONFIDENTIAL**","**CONFIDENTIAL**",-9,"2021-03-02T07:32:13",1,,"**CONFIDENTIAL**","**CONFIDENTIAL**",-8,"2021-03-04T06:04:08",1,
"16-19-85-85",2,21,61,2,1,,21,,,,"**CONFIDENTIAL**","**CONFIDENTIAL**",1327,"2021-07-16T09:27:13",2,,"**CONFIDENTIAL**","**CONFIDENTIAL**",1497,"2021-07-16T10:35:03",1,
"16-49-36-99",21,216,63,4,301,,216,,,,"**CONFIDENTIAL**","**CONFIDENTIAL**",1326,"2021-07-13T10:02:35",2,,"**CONFIDENTIAL**","**CONFIDENTIAL**",1318,"2021-07-13T10:02:15",1,
"16-88-05-29",6,61,153,4,1,,68,,,,"**CONFIDENTIAL**","**CONFIDENTIAL**",436,"2021-05-28T08:33:28",2,,"**CONFIDENTIAL**","**CONFIDENTIAL**",192,"2021-05-31T10:49:32",1,
"17-36-03-69",25,255,153,2,2,25,255,13,3,6,"**CONFIDENTIAL**","**CONFIDENTIAL**",1198,"2021-03-23T13:46:38",2,,"**CONFIDENTIAL**","**CONFIDENTIAL**",,,,
"17-40-86-49",3,33,181,3,5,,33,,,,"**CONFIDENTIAL**","**CONFIDENTIAL**",1299,"2021-01-15T07:26:21",1,,"**CONFIDENTIAL**","**CONFIDENTIAL**",869,"2021-01-13T06:53:21",1,
"17-79-17-09",14,141,321,8,5,14,141,231,5,2,"**CONFIDENTIAL**","**CONFIDENTIAL**",1178,"2021-03-20T14:03:45",2,,"**CONFIDENTIAL**","**CONFIDENTIAL**",,,,
"17-89-27-01",7,72,252,6,22,7,72,82,3,24,"**CONFIDENTIAL**","**CONFIDENTIAL**",99,"2021-01-09T08:59:48",,,"**CONFIDENTIAL**","**CONFIDENTIAL**",,,,
"18-08-37-11",7,72,142,2,14,7,72,82,3,24,"**CONFIDENTIAL**","**CONFIDENTIAL**",-16,"2020-12-21T14:20:05",1,,"**CONFIDENTIAL**","**CONFIDENTIAL**",,,,
"18-17-35-50",7,73,262,1,27,,73,,,,"**CONFIDENTIAL**","**CONFIDENTIAL**",-9,"2021-01-20T11:43:50",2,,"**CONFIDENTIAL**","**CONFIDENTIAL**",11,"2021-01-21T06:56:55",1,
"18-25-05-22",51,512,283,3,301,51,512,271,1,1,"**CONFIDENTIAL**","**CONFIDENTIAL**",71.9791870117188,"2021-08-09T09:26:17",2,,"**CONFIDENTIAL**","**CONFIDENTIAL**",,,,
"18-31-12-38",4,44,133,6,301,4,44,22,1,1,"**CONFIDENTIAL**","**CONFIDENTIAL**",-19,"2021-09-24T10:04:52",2,,"**CONFIDENTIAL**","**CONFIDENTIAL**",,,,
"18-57-85-56",2,22,33,4,4,2,22,103,3,304,"**CONFIDENTIAL**","**CONFIDENTIAL**",908,"2021-09-15T08:49:33",3,"Gulio","**CONFIDENTIAL**","**CONFIDENTIAL**",,,,
"18-69-36-93",9,93,83,7,315,,93,,,,"**CONFIDENTIAL**","**CONFIDENTIAL**",277,"2021-01-29T13:22:16",1,,"**CONFIDENTIAL**","**CONFIDENTIAL**",203,"2021-02-03T10:05:07",2,
"19-25-14-50",1,14,101,2,2,,14,,,,"**CONFIDENTIAL**","**CONFIDENTIAL**",876,"2021-07-15T11:12:16",2,,"**CONFIDENTIAL**","**CONFIDENTIAL**",1064,"2021-07-16T09:28:27",2,
"19-32-48-58",7,71,232,6,9,7,71,162,1,2,"**CONFIDENTIAL**","**CONFIDENTIAL**",16,"2021-03-03T08:54:35",2,,"**CONFIDENTIAL**","**CONFIDENTIAL**",,,,
"19-41-11-33",1,15,151,2,1,1,15,32,4,5,"**CONFIDENTIAL**","**CONFIDENTIAL**",1030,"2021-02-18T10:20:57",2,,"**CONFIDENTIAL**","**CONFIDENTIAL**",,,,
"19-62-24-10",4,44,203,2,4,4,44,22,1,1,"**CONFIDENTIAL**","**CONFIDENTIAL**",57,"2021-11-08T11:28:56",1,,"**CONFIDENTIAL**","**CONFIDENTIAL**",,,,
"19-86-35-77",12,129,121,4,4,,,,,,"**CONFIDENTIAL**","**CONFIDENTIAL**",1496,"2021-11-09T08:22:22",2,,"**CONFIDENTIAL**","**CONFIDENTIAL**",1543,"2021-11-11T07:10:07",1,
"20-14-91-34",7,71,242,5,37,7,71,162,2,1,"**CONFIDENTIAL**","**CONFIDENTIAL**",100,"2021-07-14T08:26:37",1,,"**CONFIDENTIAL**","**CONFIDENTIAL**",,,,
"20-70-41-87",19,193,62,2,6,19,193,122,7,3,"**CONFIDENTIAL**","**CONFIDENTIAL**",1238,"2021-06-22T08:15:24",1,,"**CONFIDENTIAL**","**CONFIDENTIAL**",,,,
"20-70-55-59",12,128,312,1,1,12,128,72,2,9,"**CONFIDENTIAL**","**CONFIDENTIAL**",1811,"2021-06-04T08:14:37",2,,"**CONFIDENTIAL**","**CONFIDENTIAL**",,,,
"20-81-51-95",2,23,82,6,1,2,23,32,4,3,"**CONFIDENTIAL**","**CONFIDENTIAL**",1337,"2021-08-26T10:44:33",3,"Gengeni","**CONFIDENTIAL**","**CONFIDENTIAL**",,,,
"20-99-51-49",8,85,101,1,4,,85,,,,"**CONFIDENTIAL**","**CONFIDENTIAL**",359,"2021-08-13T12:16:54",2,,"**CONFIDENTIAL**","**CONFIDENTIAL**",320,"2021-08-14T09:20:51",1,
"21-01-77-43",20,202,221,0,1,,202,,,,"**CONFIDENTIAL**","**CONFIDENTIAL**",1449,"2021-01-23T07:14:57",2,,"**CONFIDENTIAL**","**CONFIDENTIAL**",1608,"2021-01-25T06:14:01",1,
"21-06-86-31",5,53,83,3,311,,53,,,,"**CONFIDENTIAL**","**CONFIDENTIAL**",247,"2021-08-03T09:40:00",2,,"**CONFIDENTIAL**","**CONFIDENTIAL**",237,"2021-08-04T10:07:39",1,
"21-22-59-73",1,15,272,2,1,1,15,32,4,5,"**CONFIDENTIAL**","**CONFIDENTIAL**",1093,"2021-03-19T07:10:46",3,"Gengeni","**CONFIDENTIAL**","**CONFIDENTIAL**",,,,
"21-58-46-84",1,13,101,4,2,,13,,,,"**CONFIDENTIAL**","**CONFIDENTIAL**",1101,"2020-12-31T07:36:26",3,"Gengeni","**CONFIDENTIAL**","**CONFIDENTIAL**",1026,"2021-01-01T08:14:51",1,
"21-75-41-89",1,15,301,2,9,1,15,32,4,5,"**CONFIDENTIAL**","**CONFIDENTIAL**",1165,"2021-05-15T06:52:22",2,,"**CONFIDENTIAL**","**CONFIDENTIAL**",,,,
"21-77-87-53",24,241,252,5,7,24,241,73,2,2,"**CONFIDENTIAL**","**CONFIDENTIAL**",1290,"2021-11-20T12:02:47",1,,"**CONFIDENTIAL**","**CONFIDENTIAL**",,,,
"22-15-51-55",19,193,82,5,3,19,193,92,10,3,"**CONFIDENTIAL**","**CONFIDENTIAL**",1214,"2021-02-05T14:28:37",2,,"**CONFIDENTIAL**","**CONFIDENTIAL**",,,,
"22-31-06-49",10,103,63,1,316,,103,,,,"**CONFIDENTIAL**","**CONFIDENTIAL**",1321,"2021-07-18T11:47:08",2,,"**CONFIDENTIAL**","**CONFIDENTIAL**",1403,"2021-07-18T09:43:57",1,
"23-06-49-35",54,542,41,1,1,54,542,83,7,303,"**CONFIDENTIAL**","**CONFIDENTIAL**",-56.2610168457031,"2021-01-23T08:29:08",2,,"**CONFIDENTIAL**","**CONFIDENTIAL**",,,,
"23-20-71-88",5,,193,2,1,,,,,,"**CONFIDENTIAL**","**CONFIDENTIAL**",,,,,"**CONFIDENTIAL**","**CONFIDENTIAL**",,,,
"23-25-29-43",19,195,231,2,8,19,198,171,3,6,"**CONFIDENTIAL**","**CONFIDENTIAL**",1113,"2021-07-13T10:11:21",3,"GENGE","**CONFIDENTIAL**","**CONFIDENTIAL**",,,,
"23-37-02-38",25,251,81,1,16,,251,,,,"**CONFIDENTIAL**","**CONFIDENTIAL**",1177,"2021-01-28T13:37:10",1,,"**CONFIDENTIAL**","**CONFIDENTIAL**",1157,"2021-01-29T09:37:41",1,
"23-45-19-58",3,36,22,2,9,3,36,112,6,3,"**CONFIDENTIAL**","**CONFIDENTIAL**",763,"2021-05-05T10:16:27",1,,"**CONFIDENTIAL**","**CONFIDENTIAL**",,,,
"23-48-88-31",7,73,172,4,24,7,73,,,,"**CONFIDENTIAL**","**CONFIDENTIAL**",18,"2021-11-15T10:48:22",2,,"**CONFIDENTIAL**","**CONFIDENTIAL**",,,,
"23-59-46-86",7,73,302,1,48,7,73,262,1,27,"**CONFIDENTIAL**","**CONFIDENTIAL**",19,"2021-05-11T11:13:38",1,,"**CONFIDENTIAL**","**CONFIDENTIAL**",,,,
"23-96-87-25",14,146,72,5,1,,,,,,"**CONFIDENTIAL**","**CONFIDENTIAL**",,,,,"**CONFIDENTIAL**","**CONFIDENTIAL**",,,,
"24-61-44-03",11,112,173,1,1,,112,,,,"**CONFIDENTIAL**","**CONFIDENTIAL**",1929,"2021-01-18T09:27:08",2,,"**CONFIDENTIAL**","**CONFIDENTIAL**",1813,"2021-01-18T15:14:36",2,
"24-89-09-94",7,72,22,6,8,7,72,82,3,24,"**CONFIDENTIAL**","**CONFIDENTIAL**",87,"2021-09-17T10:01:02",2,,"**CONFIDENTIAL**","**CONFIDENTIAL**",,,,
"25-17-54-76",53,531,283,4,304,53,531,111,3,2,"**CONFIDENTIAL**","**CONFIDENTIAL**",-0.678680419921875,"2021-11-22T07:28:29",2,,"**CONFIDENTIAL**","**CONFIDENTIAL**",,,,
"25-18-70-60",15,153,,,,,153,,,,"**CONFIDENTIAL**","**CONFIDENTIAL**",780,"2021-02-02T10:11:01",2,,"**CONFIDENTIAL**","**CONFIDENTIAL**",1546,"2021-02-04T14:02:34",1,
"25-29-15-47",7,71,62,4,19,7,71,162,2,1,"**CONFIDENTIAL**","**CONFIDENTIAL**",15,"2021-01-04T08:12:16",1,,"**CONFIDENTIAL**","**CONFIDENTIAL**",,,,
"25-31-09-10",16,162,91,1,10,,168,,,,"**CONFIDENTIAL**","**CONFIDENTIAL**",1094,"2021-06-11T08:53:40",1,,"**CONFIDENTIAL**","**CONFIDENTIAL**",1293,"2021-06-12T07:07:35",1,
"25-48-61-60",2,23,182,7,4,2,23,32,4,3,"**CONFIDENTIAL**","**CONFIDENTIAL**",1331,"2021-06-24T08:38:24",3,"Gengeni","**CONFIDENTIAL**","**CONFIDENTIAL**",,,,
"25-61-70-00",21,212,0,6,212011006,,212,,,,"**CONFIDENTIAL**","**CONFIDENTIAL**",1475,"2020-12-20T14:06:55",2,,"**CONFIDENTIAL**","**CONFIDENTIAL**",1706,"2020-12-21T06:54:16",1,
"25-66-18-83",12,128,72,2,9,,128,,,,"**CONFIDENTIAL**","**CONFIDENTIAL**",479,"2020-12-29T10:28:39",1,,"**CONFIDENTIAL**","**CONFIDENTIAL**",1764,"2021-01-03T05:45:07",1,
"25-76-69-65",21,215,131,4,4,,215,,,,"**CONFIDENTIAL**","**CONFIDENTIAL**",1485,"2021-11-05T12:21:09",2,,"**CONFIDENTIAL**","**CONFIDENTIAL**",1516,"2021-11-06T06:36:03",1,
"25-83-12-16",55,551,91,2,1,55,551,262,2,1,"**CONFIDENTIAL**","**CONFIDENTIAL**",13.69091796875,"2021-01-16T09:33:32",2,,"**CONFIDENTIAL**","**CONFIDENTIAL**",,,,
"26-24-28-41",1,15,362,3,2,1,15,32,4,5,"**CONFIDENTIAL**","**CONFIDENTIAL**",,,2,,"**CONFIDENTIAL**","**CONFIDENTIAL**",,,,
"26-26-10-66",23,232,71,4,7,23,232,21,9,2,"**CONFIDENTIAL**","**CONFIDENTIAL**",762,"2021-11-09T09:54:04",1,,"**CONFIDENTIAL**","**CONFIDENTIAL**",,,,
"26-26-74-78",9,92,231,1,2,9,92,131,5,1,"**CONFIDENTIAL**","**CONFIDENTIAL**",647,"2021-05-02T12:07:33",2,,"**CONFIDENTIAL**","**CONFIDENTIAL**",,,,
"26-45-77-73",14,143,53,8,1,14,143,131,3,6,"**CONFIDENTIAL**","**CONFIDENTIAL**",1114,"2021-03-24T07:25:10",2,,"**CONFIDENTIAL**","**CONFIDENTIAL**",,,,
"26-49-97-56",9,93,83,5,8,9,97,52,1,2,"**CONFIDENTIAL**","**CONFIDENTIAL**",238,"2021-07-06T09:38:23",1,,"**CONFIDENTIAL**","**CONFIDENTIAL**",,,,
"26-70-20-65",9,92,41,4,1,9,92,131,5,1,"**CONFIDENTIAL**","**CONFIDENTIAL**",402,"2021-03-31T09:38:04",1,,"**CONFIDENTIAL**","**CONFIDENTIAL**",,,,
"27-01-55-62",7,72,82,3,24,,72,,,,"**CONFIDENTIAL**","**CONFIDENTIAL**",,,1,,"**CONFIDENTIAL**","**CONFIDENTIAL**",23,"2021-02-09T08:54:30",1,
"27-07-13-10",7,73,142,2,112,7,73,262,1,27,"**CONFIDENTIAL**","**CONFIDENTIAL**",-7,"2021-03-10T08:17:01",1,,"**CONFIDENTIAL**","**CONFIDENTIAL**",,,,
"27-07-69-25",12,128,102,3,2,12,128,72,2,9,"**CONFIDENTIAL**","**CONFIDENTIAL**",1804,"2021-01-12T11:54:08",1,,"**CONFIDENTIAL**","**CONFIDENTIAL**",,,,
"27-12-97-63",12,128,252,3,13,12,128,72,2,9,"**CONFIDENTIAL**","**CONFIDENTIAL**",1672,"2021-05-24T13:14:07",2,,"**CONFIDENTIAL**","**CONFIDENTIAL**",,,,
"27-21-42-62",2,23,122,3,7,2,23,32,4,3,"**CONFIDENTIAL**","**CONFIDENTIAL**",1418,"2021-09-11T10:01:35",1,,"**CONFIDENTIAL**","**CONFIDENTIAL**",,,,
"27-68-78-78",12,127,202,24,1,12,127,181,1,1,"**CONFIDENTIAL**","**CONFIDENTIAL**",1067,"2021-08-27T06:39:16",2,,"**CONFIDENTIAL**","**CONFIDENTIAL**",,,,
"27-75-52-18",12,128,22,1,3,12,128,22,1,3,"**CONFIDENTIAL**","**CONFIDENTIAL**",1702,"2020-12-31T07:18:02",1,,"**CONFIDENTIAL**","**CONFIDENTIAL**",,,,
"27-81-45-32",54,541,312,3,1,54,541,201,1,2,"**CONFIDENTIAL**","**CONFIDENTIAL**",-14.5236206054688,"2021-07-05T09:33:43",2,,"**CONFIDENTIAL**","**CONFIDENTIAL**",,,,
"28-01-45-62",55,551,132,3,2,55,551,262,2,1,"**CONFIDENTIAL**","**CONFIDENTIAL**",45.32958984375,"2021-06-09T08:47:02",2,,"**CONFIDENTIAL**","**CONFIDENTIAL**",,,,
"28-02-63-88",7,72,92,3,39,,,,,,"**CONFIDENTIAL**","**CONFIDENTIAL**",,,,,"**CONFIDENTIAL**","**CONFIDENTIAL**",,,,
"28-25-64-39",1,11,121,1,1,1,17,91,2,17,"**CONFIDENTIAL**","**CONFIDENTIAL**",1341,"2021-11-23T09:37:36",2,,"**CONFIDENTIAL**","**CONFIDENTIAL**",,,,
"28-34-63-03",14,147,81,2,2,,147,,,,"**CONFIDENTIAL**","**CONFIDENTIAL**",1096,"2021-01-02T11:04:59",2,,"**CONFIDENTIAL**","**CONFIDENTIAL**",1079,"2021-01-03T07:57:31",1,
"29-04-41-56",7,73,192,6,3,7,71,262,1,27,"**CONFIDENTIAL**","**CONFIDENTIAL**",30,"2021-03-11T09:32:53",2,,"**CONFIDENTIAL**","**CONFIDENTIAL**",,,,
"29-13-94-87",6,63,41,4,1,,,,,,"**CONFIDENTIAL**","**CONFIDENTIAL**",136,"2021-02-16T11:51:09",2,,"**CONFIDENTIAL**","**CONFIDENTIAL**",,,,
"29-30-93-92",12,122,101,1,6,,122,,,,"**CONFIDENTIAL**","**CONFIDENTIAL**",1432,"2021-05-17T09:16:03",2,,"**CONFIDENTIAL**","**CONFIDENTIAL**",1399,"2021-05-17T13:56:51",1,
"29-40-51-88",53,531,283,1,303,53,531,111,3,2,"**CONFIDENTIAL**","**CONFIDENTIAL**",-32.9906921386719,"2021-06-02T10:05:27",2,,"**CONFIDENTIAL**","**CONFIDENTIAL**",,,,
"29-41-98-71",24,244,161,1,2,24,244,,,,"**CONFIDENTIAL**","**CONFIDENTIAL**",1266,"2021-02-09T15:26:15",2,,"**CONFIDENTIAL**","**CONFIDENTIAL**",,,,
"29-76-24-49",53,531,33,4,302,53,531,111,3,2,"**CONFIDENTIAL**","**CONFIDENTIAL**",-6.60812377929688,"2021-11-17T08:07:12",1,,"**CONFIDENTIAL**","**CONFIDENTIAL**",,,,
"29-90-32-99",7,73,102,1,7,7,73,262,1,27,"**CONFIDENTIAL**","**CONFIDENTIAL**",18,"2021-03-05T11:54:39",2,,"**CONFIDENTIAL**","**CONFIDENTIAL**",,,,
"30-32-58-80",14,146,72,5,1,,146,,,,"**CONFIDENTIAL**","**CONFIDENTIAL**",1190,"2021-02-07T08:20:43",1,,"**CONFIDENTIAL**","**CONFIDENTIAL**",1199,"2021-02-07T09:18:23",1,
"31-02-15-72",51,511,361,2,2,51,511,211,4,1,"**CONFIDENTIAL**","**CONFIDENTIAL**",0.57635498046875,"2021-10-12T08:25:58",2,,"**CONFIDENTIAL**","**CONFIDENTIAL**",,,,
"31-38-01-30",20,207,181,3,11,,,,,,"**CONFIDENTIAL**","**CONFIDENTIAL**",1246,"2021-01-18T15:58:33",2,,"**CONFIDENTIAL**","**CONFIDENTIAL**",1496,"2021-01-18T14:06:56",2,
"31-39-34-32",4,44,42,4,1,,,,,,"**CONFIDENTIAL**","**CONFIDENTIAL**",-7,"2021-07-04T08:35:45",1,,"**CONFIDENTIAL**","**CONFIDENTIAL**",,,,
"31-58-49-44",7,71,122,3,4,7,71,162,2,1,"**CONFIDENTIAL**","**CONFIDENTIAL**",,,1,,"**CONFIDENTIAL**","**CONFIDENTIAL**",,,,
"31-71-96-41",55,551,262,2,1,,551,,,,"**CONFIDENTIAL**","**CONFIDENTIAL**",-5.33474731445313,"2021-01-18T10:47:41",2,,"**CONFIDENTIAL**","**CONFIDENTIAL**",8.90444946289063,"2021-01-18T07:57:11",1,
"32-23-82-81",17,175,143,1,305,17,175,103,2,4,"**CONFIDENTIAL**","**CONFIDENTIAL**",1197,"2021-08-19T13:44:35",2,,"**CONFIDENTIAL**","**CONFIDENTIAL**",,,,
"32-24-12-67",24,242,153,4,6,24,242,141,1,7,"**CONFIDENTIAL**","**CONFIDENTIAL**",1285,"2021-06-13T09:54:02",2,,"**CONFIDENTIAL**","**CONFIDENTIAL**",,,,
"32-36-85-03",18,181,21,3,15,,181,,,,"**CONFIDENTIAL**","**CONFIDENTIAL**",1627,"2021-01-14T10:02:32",2,,"**CONFIDENTIAL**","**CONFIDENTIAL**",1641,"2021-01-14T14:47:43",1,
"32-60-26-67",24,245,63,4,313,24,245,63,,6,"**CONFIDENTIAL**","**CONFIDENTIAL**",1155,"2021-06-04T14:40:22",1,,"**CONFIDENTIAL**","**CONFIDENTIAL**",,,,
"32-66-27-87",16,164,182,3,20,16,164,62,3,5,"**CONFIDENTIAL**","**CONFIDENTIAL**",838,"2021-10-22T09:27:22",2,,"**CONFIDENTIAL**","**CONFIDENTIAL**",,,,
"32-78-57-97",53,531,383,2,301,53,531,111,3,2,"**CONFIDENTIAL**","**CONFIDENTIAL**",-23.0130310058594,"2021-03-03T09:07:18",2,,"**CONFIDENTIAL**","**CONFIDENTIAL**",,,,
"33-09-36-22",17,174,343,2,2,,176,,,,"**CONFIDENTIAL**","**CONFIDENTIAL**",1138,"2020-12-29T10:06:36",1,,"**CONFIDENTIAL**","**CONFIDENTIAL**",1169,"2020-12-29T16:04:31",1,
"33-28-65-96",18,181,191,2,3,18,181,21,3,15,"**CONFIDENTIAL**","**CONFIDENTIAL**",1345,"2021-02-10T09:18:32",1,,"**CONFIDENTIAL**","**CONFIDENTIAL**",,,,
"33-31-71-25",9,93,151,7,2,9,93,83,7,315,"**CONFIDENTIAL**","**CONFIDENTIAL**",284,"2021-03-12T08:01:20",2,,"**CONFIDENTIAL**","**CONFIDENTIAL**",,,,
"33-50-28-47",20,207,61,2,5,,,,,,"**CONFIDENTIAL**","**CONFIDENTIAL**",1388,"2021-06-19T09:17:31",1,,"**CONFIDENTIAL**","**CONFIDENTIAL**",,,,
"33-68-65-40",7,71,342,6,50,7,71,162,2,1,"**CONFIDENTIAL**","**CONFIDENTIAL**",30,"2021-03-15T09:28:08",2,,"**CONFIDENTIAL**","**CONFIDENTIAL**",,,,
"33-69-81-55",52,521,131,1,1,,521,,,,"**CONFIDENTIAL**","**CONFIDENTIAL**",30.25732421875,"2021-03-11T08:44:09",2,,"**CONFIDENTIAL**","**CONFIDENTIAL**",-34.6960754394531,"2021-05-26T09:27:38",1,
"33-77-33-77",7,72,102,4,1,7,72,82,3,24,"**CONFIDENTIAL**","**CONFIDENTIAL**",15,"2021-06-04T08:27:35",1,,"**CONFIDENTIAL**","**CONFIDENTIAL**",,,,
"33-93-86-11",12,128,152,3,1,12,128,72,2,9,"**CONFIDENTIAL**","**CONFIDENTIAL**",1709,"2021-01-10T11:41:37",2,,"**CONFIDENTIAL**","**CONFIDENTIAL**",,,,
"34-15-64-27",18,182,263,4,4,18,186,52,2,6,"**CONFIDENTIAL**","**CONFIDENTIAL**",1174,"2021-08-03T10:05:24",2,,"**CONFIDENTIAL**","**CONFIDENTIAL**",,,,
"34-16-82-94",22,222,161,4,1,22,222,11,6,4,"**CONFIDENTIAL**","**CONFIDENTIAL**",1707,"2021-10-11T09:01:58",2,,"**CONFIDENTIAL**","**CONFIDENTIAL**",,,,
"34-64-64-19",25,254,133,4,329,,,,,,"**CONFIDENTIAL**","**CONFIDENTIAL**",1231,"2021-08-25T07:39:29",1,,"**CONFIDENTIAL**","**CONFIDENTIAL**",1229,"2021-08-25T07:40:05",1,
"34-76-48-19",15,152,91,6,1,,152,,,,"**CONFIDENTIAL**","**CONFIDENTIAL**",812,"2021-06-19T13:17:07",2,,"**CONFIDENTIAL**","**CONFIDENTIAL**",1541,"2021-06-21T10:21:46",1,
"34-80-29-34",14,147,21,4,2,14,147,21,4,2,"**CONFIDENTIAL**","**CONFIDENTIAL**",1062,"2021-07-15T07:30:21",1,,"**CONFIDENTIAL**","**CONFIDENTIAL**",,,,
"35-69-84-11",17,173,31,3,1,,173,,,,"**CONFIDENTIAL**","**CONFIDENTIAL**",1183,"2021-05-17T11:03:39",2,,"**CONFIDENTIAL**","**CONFIDENTIAL**",1166,"2021-05-18T08:40:56",1,
"36-72-54-66",18,183,343,2,9,18,183,261,2,4,"**CONFIDENTIAL**","**CONFIDENTIAL**",1549,"2021-07-28T10:38:54",2,,"**CONFIDENTIAL**","**CONFIDENTIAL**",,,,
"36-78-86-78",8,82,141,3,7,,82,,,,"**CONFIDENTIAL**","**CONFIDENTIAL**",166,"2021-01-25T07:20:27",1,,"**CONFIDENTIAL**","**CONFIDENTIAL**",93,"2021-01-26T06:45:33",1,
"36-81-06-00",17,174,281,2,3,17,174,343,2,2,"**CONFIDENTIAL**","**CONFIDENTIAL**",1194,"2021-06-02T11:39:30",2,,"**CONFIDENTIAL**","**CONFIDENTIAL**",,,,
"36-91-68-94",23,232,83,1,307,23,232,62,1,4,"**CONFIDENTIAL**","**CONFIDENTIAL**",766,"2021-06-11T15:19:31",1,,"**CONFIDENTIAL**","**CONFIDENTIAL**",,,,
"36-98-89-49",7,71,282,3,7,7,71,162,1,2,"**CONFIDENTIAL**","**CONFIDENTIAL**",94,"2021-03-09T11:05:20",2,,"**CONFIDENTIAL**","**CONFIDENTIAL**",,,,
"37-27-71-31",7,71,162,,,,71,,,,"**CONFIDENTIAL**","**CONFIDENTIAL**",14,"2020-12-30T07:39:51",1,,"**CONFIDENTIAL**","**CONFIDENTIAL**",-95,"2021-02-09T10:18:59",1,
"37-37-76-26",19,197,11,3,2,,197,,,,"**CONFIDENTIAL**","**CONFIDENTIAL**",1163,"2021-03-11T10:09:37",2,,"**CONFIDENTIAL**","**CONFIDENTIAL**",1139,"2021-03-12T09:32:31",1,
"37-75-00-81",17,172,41,8,6,19,172,33,5,309,"**CONFIDENTIAL**","**CONFIDENTIAL**",1193,"2021-05-11T11:50:35",2,,"**CONFIDENTIAL**","**CONFIDENTIAL**",,,,
"37-96-00-16",11,112,41,3,5,11,112,173,1,1,"**CONFIDENTIAL**","**CONFIDENTIAL**",1898,"2021-08-03T09:52:16",2,,"**CONFIDENTIAL**","**CONFIDENTIAL**",,,,
"38-26-54-21",16,168,82,5,5,16,162,91,1,10,"**CONFIDENTIAL**","**CONFIDENTIAL**",1304,"2021-06-21T14:16:44",1,,"**CONFIDENTIAL**","**CONFIDENTIAL**",,,,
"38-37-35-74",25,252,21,1,1,,252,,,,"**CONFIDENTIAL**","**CONFIDENTIAL**",1184,"2021-07-17T07:48:39",2,,"**CONFIDENTIAL**","**CONFIDENTIAL**",1199,"2021-07-15T09:31:06",1,
"38-69-00-13",19,194,31,4,1,,194,,,,"**CONFIDENTIAL**","**CONFIDENTIAL**",1199,"2021-03-13T14:08:22",2,,"**CONFIDENTIAL**","**CONFIDENTIAL**",1204,"2021-03-15T14:30:59",1,
"38-70-89-36",20,204,,,,,204,,,,"**CONFIDENTIAL**","**CONFIDENTIAL**",1178,"2021-01-11T12:57:30",2,,"**CONFIDENTIAL**","**CONFIDENTIAL**",1087,"2021-01-12T08:22:08",1,
"38-78-05-37",10,101,91,3,2,10,101,271,2,4,"**CONFIDENTIAL**","**CONFIDENTIAL**",368,"2021-03-25T07:44:04",1,,"**CONFIDENTIAL**","**CONFIDENTIAL**",,,,
"38-87-40-88",18,182,51,2,11,,182,,,,"**CONFIDENTIAL**","**CONFIDENTIAL**",1248,"2021-03-24T07:39:40",2,,"**CONFIDENTIAL**","**CONFIDENTIAL**",1141,"2021-03-25T07:21:04",1,
"39-13-14-77",3,34,191,6,1,3,34,112,1,3,"**CONFIDENTIAL**","**CONFIDENTIAL**",1146,"2021-03-09T08:22:03",3,,"**CONFIDENTIAL**","**CONFIDENTIAL**",,,,
"39-17-14-72",9,95,52,5,3,,95,,,,"**CONFIDENTIAL**","**CONFIDENTIAL**",-10,"2021-05-10T08:56:06",1,,"**CONFIDENTIAL**","**CONFIDENTIAL**",-2,"2021-05-12T13:15:04",,
"39-26-59-48",55,551,251,2,5,55,551,262,2,1,"**CONFIDENTIAL**","**CONFIDENTIAL**",25.3473510742188,"2021-06-07T08:47:43",2,,"**CONFIDENTIAL**","**CONFIDENTIAL**",,,,
"39-27-42-33",19,193,92,9,5,19,193,92,10,3,"**CONFIDENTIAL**","**CONFIDENTIAL**",1225,"2021-03-16T07:06:11",2,,"**CONFIDENTIAL**","**CONFIDENTIAL**",,,,
"39-89-72-02",4,44,142,9,6,4,44,22,1,1,"**CONFIDENTIAL**","**CONFIDENTIAL**",-28,"2021-05-30T08:16:00",2,,"**CONFIDENTIAL**","**CONFIDENTIAL**",,,,
"40-32-55-76",21,211,71,1,2,21,216,63,4,301,"**CONFIDENTIAL**","**CONFIDENTIAL**",1395,"2021-07-08T13:21:20",1,,"**CONFIDENTIAL**","**CONFIDENTIAL**",,,,
"40-34-18-65",7,71,82,4,15,7,71,162,2,1,"**CONFIDENTIAL**","**CONFIDENTIAL**",75,"2021-09-03T07:44:34",1,,"**CONFIDENTIAL**","**CONFIDENTIAL**",,,,
"40-75-08-64",7,73,22,2,23,7,73,,,,"**CONFIDENTIAL**","**CONFIDENTIAL**",-18,"2021-11-18T09:52:16",2,,"**CONFIDENTIAL**","**CONFIDENTIAL**",,,,
"40-86-20-47",5,55,162,3,2,,,,,,"**CONFIDENTIAL**","**CONFIDENTIAL**",,,,,"**CONFIDENTIAL**","**CONFIDENTIAL**",,,,
"41-07-41-06",1,12,131,4,5,,12,,,,"**CONFIDENTIAL**","**CONFIDENTIAL**",830,"2021-07-12T12:41:01",2,,"**CONFIDENTIAL**","**CONFIDENTIAL**",981,"2021-07-13T10:29:38",1,
"41-21-75-34",16,165,61,1,6,16,165,,,,"**CONFIDENTIAL**","**CONFIDENTIAL**",764,"2021-11-04T10:40:24",1,,"**CONFIDENTIAL**","**CONFIDENTIAL**",,,,
"41-23-85-75",16,165,103,2,3,,165,,,,"**CONFIDENTIAL**","**CONFIDENTIAL**",1081,"2021-05-30T16:03:13",2,,"**CONFIDENTIAL**","**CONFIDENTIAL**",960,"2021-05-31T08:44:34",1,
"41-50-91-05",12,128,192,8,9,12,128,72,2,9,"**CONFIDENTIAL**","**CONFIDENTIAL**",1698,"2021-03-06T10:44:11",2,,"**CONFIDENTIAL**","**CONFIDENTIAL**",,,,
"41-59-36-73",8,83,111,3,3,8,83,211,3,2,"**CONFIDENTIAL**","**CONFIDENTIAL**",374,"2021-10-05T14:26:33",1,,"**CONFIDENTIAL**","**CONFIDENTIAL**",,,,
"41-73-91-91",9,92,131,5,1,,92,,,,"**CONFIDENTIAL**","**CONFIDENTIAL**",486,"2020-12-18T11:22:56",2,,"**CONFIDENTIAL**","**CONFIDENTIAL**",687,"2020-12-19T17:37:45",1,
"41-91-51-72",51,511,81,2,1,51,511,211,4,1,"**CONFIDENTIAL**","**CONFIDENTIAL**",24.4071655273438,"2021-10-19T07:59:55",2,,"**CONFIDENTIAL**","**CONFIDENTIAL**",,,,
"41-96-69-59",13,134,133,1,309,,134,,,,"**CONFIDENTIAL**","**CONFIDENTIAL**",1521,"2021-11-01T08:31:45",2,,"**CONFIDENTIAL**","**CONFIDENTIAL**",1496,"2021-11-01T13:35:11",1,
"42-06-63-62",4,41,331,3,3,,41,,,,"**CONFIDENTIAL**","**CONFIDENTIAL**",1531,"2021-01-21T12:24:34",2,,"**CONFIDENTIAL**","**CONFIDENTIAL**",1352,"2021-01-22T09:11:44",1,
"42-50-49-96",19,194,161,4,3,19,194,31,4,1,"**CONFIDENTIAL**","**CONFIDENTIAL**",1223,"2021-06-09T09:50:34",1,,"**CONFIDENTIAL**","**CONFIDENTIAL**",,,,
"42-50-81-42",4,47,201,5,2,4,47,61,3,1,"**CONFIDENTIAL**","**CONFIDENTIAL**",1065,"2021-08-13T11:18:26",2,,"**CONFIDENTIAL**","**CONFIDENTIAL**",,,,
"42-84-08-46",22,222,11,6,4,,222,,,,"**CONFIDENTIAL**","**CONFIDENTIAL**",1302,"2021-05-09T11:56:25",2,,"**CONFIDENTIAL**","**CONFIDENTIAL**",1447,"2021-05-10T09:03:33",1,
"42-90-14-91",6,65,101,2,4,6,69,83,1,305,"**CONFIDENTIAL**","**CONFIDENTIAL**",93,"2021-11-12T11:29:08",1,,"**CONFIDENTIAL**","**CONFIDENTIAL**",,,,
"42-94-68-65",53,531,163,5,305,53,531,111,3,2,"**CONFIDENTIAL**","**CONFIDENTIAL**",28.8143920898438,"2021-11-19T07:58:36",2,,"**CONFIDENTIAL**","**CONFIDENTIAL**",,,,
"42-96-10-47",7,71,262,6,53,7,71,162,2,1,"**CONFIDENTIAL**","**CONFIDENTIAL**",127,"2021-07-16T11:00:29",1,,"**CONFIDENTIAL**","**CONFIDENTIAL**",,,,
"43-13-50-12",5,55,162,3,2,5,55,52,10,1,"**CONFIDENTIAL**","**CONFIDENTIAL**",413,"2021-03-23T15:13:45",2,,"**CONFIDENTIAL**","**CONFIDENTIAL**",,,,
"43-18-08-76",3,37,111,2,8,,37,,,,"**CONFIDENTIAL**","**CONFIDENTIAL**",1413,"2021-07-24T09:08:25",1,,"**CONFIDENTIAL**","**CONFIDENTIAL**",1279,"2021-07-25T07:29:41",1,
"43-26-90-09",52,522,91,1,2,52,521,131,1,1,"**CONFIDENTIAL**","**CONFIDENTIAL**",-45.1881713867188,"2020-12-24T11:04:01",2,,"**CONFIDENTIAL**","**CONFIDENTIAL**",,,,
"43-51-92-35",11,114,201,4,3,11,114,91,5,3,"**CONFIDENTIAL**","**CONFIDENTIAL**",1420,"2021-03-30T11:54:31",2,,"**CONFIDENTIAL**","**CONFIDENTIAL**",,,,
"44-04-67-22",23,232,21,9,2,23,232,62,1,4,"**CONFIDENTIAL**","**CONFIDENTIAL**",1288,"2021-06-07T10:41:19",1,,"**CONFIDENTIAL**","**CONFIDENTIAL**",,,,
"44-09-88-30",53,532,412,4,3,53,532,132,3,2,"**CONFIDENTIAL**","**CONFIDENTIAL**",-11.4086303710938,"2021-01-04T09:41:26",2,,"**CONFIDENTIAL**","**CONFIDENTIAL**",,,,
"44-15-06-31",14,143,211,4,1,14,143,53,8,1,"**CONFIDENTIAL**","**CONFIDENTIAL**",1209,"2021-07-23T12:09:25",1,,"**CONFIDENTIAL**","**CONFIDENTIAL**",,,,
"44-19-72-77",20,202,11,4,6,,202,,,,"**CONFIDENTIAL**","**CONFIDENTIAL**",1303,"2021-09-10T08:58:01",2,,"**CONFIDENTIAL**","**CONFIDENTIAL**",1600,"2021-09-08T11:21:11",1,
"44-33-82-64",18,188,91,2,9,,188,,,,"**CONFIDENTIAL**","**CONFIDENTIAL**",1661,"2020-12-21T09:30:04",2,,"**CONFIDENTIAL**","**CONFIDENTIAL**",1320,"2020-12-20T14:06:04",2,
"45-09-73-29",4,41,53,2,5,4,41,331,3,3,"**CONFIDENTIAL**","**CONFIDENTIAL**",1419,"2021-01-19T07:23:16",2,,"**CONFIDENTIAL**","**CONFIDENTIAL**",,,,
"45-27-93-47",7,73,82,1,42,7,73,262,1,27,"**CONFIDENTIAL**","**CONFIDENTIAL**",65,"2021-02-18T08:37:27",2,,"**CONFIDENTIAL**","**CONFIDENTIAL**",,,,
"45-38-70-12",12,,51,1,,12,,121,1,14,"**CONFIDENTIAL**","**CONFIDENTIAL**",1580,"2021-11-14T10:08:28",1,,"**CONFIDENTIAL**","**CONFIDENTIAL**",,,,
"45-38-95-83",10,103,191,4,1,10,103,63,1,316,"**CONFIDENTIAL**","**CONFIDENTIAL**",1024,"2021-11-21T09:26:32",2,,"**CONFIDENTIAL**","**CONFIDENTIAL**",,,,
"45-95-41-62",7,71,222,3,15,,71,162,1,2,"**CONFIDENTIAL**","**CONFIDENTIAL**",8,"2021-03-19T10:54:34",3,"MAGENGE","**CONFIDENTIAL**","**CONFIDENTIAL**",,,,
"45-99-53-45",4,44,192,2,5,4,44,22,1,1,"**CONFIDENTIAL**","**CONFIDENTIAL**",-18,"2021-06-09T07:50:42",2,,"**CONFIDENTIAL**","**CONFIDENTIAL**",,,,
"46-07-65-01",8,86,32,1,1,8,82,31,1,9,"**CONFIDENTIAL**","**CONFIDENTIAL**",12,"2021-08-10T09:13:28",2,,"**CONFIDENTIAL**","**CONFIDENTIAL**",,,,
"46-09-15-00",14,142,5,101,6,14,142,13,3,250,"**CONFIDENTIAL**","**CONFIDENTIAL**",1111,"2021-10-04T08:52:35",2,,"**CONFIDENTIAL**","**CONFIDENTIAL**",,,,
"46-18-31-36",12,127,43,3,1,,127,,,,"**CONFIDENTIAL**","**CONFIDENTIAL**",1082,"2020-12-18T09:48:02",2,,"**CONFIDENTIAL**","**CONFIDENTIAL**",1293,"2020-12-18T13:33:48",1,
"46-33-31-20",53,531,233,3,303,53,531,111,3,2,"**CONFIDENTIAL**","**CONFIDENTIAL**",17.854248046875,"2021-05-20T08:26:50",2,,"**CONFIDENTIAL**","**CONFIDENTIAL**",,,,
"46-33-98-51",54,541,192,1,1,54,541,201,1,2,"**CONFIDENTIAL**","**CONFIDENTIAL**",28.4795532226563,"2021-01-13T12:18:42",2,,"**CONFIDENTIAL**","**CONFIDENTIAL**",,,,
"46-49-76-04",14,145,31,2,5,14,145,151,1,8,"**CONFIDENTIAL**","**CONFIDENTIAL**",1145,"2021-03-25T09:55:26",2,,"**CONFIDENTIAL**","**CONFIDENTIAL**",,,,
"46-65-58-97",3,36,112,3,3,,34,,,,"**CONFIDENTIAL**","**CONFIDENTIAL**",761,"2021-02-13T05:30:23",2,,"**CONFIDENTIAL**","**CONFIDENTIAL**",833,"2021-02-13T11:26:12",1,
"46-90-51-46",9,91,131,4,4,9,91,231,1,5,"**CONFIDENTIAL**","**CONFIDENTIAL**",28,"2021-05-07T08:39:08",1,,"**CONFIDENTIAL**","**CONFIDENTIAL**",,,,
"47-37-57-81",17,174,111,1,1,17,174,23,3,14,"**CONFIDENTIAL**","**CONFIDENTIAL**",1144,"2021-08-25T12:10:04",2,,"**CONFIDENTIAL**","**CONFIDENTIAL**",,,,
"47-77-49-35",53,531,342,3,1,53,531,111,3,2,"**CONFIDENTIAL**","**CONFIDENTIAL**",-6.19427490234375,"2021-08-23T06:22:41",2,,"**CONFIDENTIAL**","**CONFIDENTIAL**",,,,
"48-55-19-05",2,23,162,6,1,2,23,32,4,3,"**CONFIDENTIAL**","**CONFIDENTIAL**",1185,"2021-05-24T08:49:26",3,"GENGENI","**CONFIDENTIAL**","**CONFIDENTIAL**",,,,
"48-58-41-94",12,122,223,2,301,12,122,101,1,6,"**CONFIDENTIAL**","**CONFIDENTIAL**",1426,"2021-10-27T10:38:00",2,,"**CONFIDENTIAL**","**CONFIDENTIAL**",,,,
"48-88-74-27",8,82,31,1,9,,82,,,,"**CONFIDENTIAL**","**CONFIDENTIAL**",21,"2021-05-18T09:48:48",2,,"**CONFIDENTIAL**","**CONFIDENTIAL**",-39,"2021-05-20T10:44:49",1,
"49-03-92-63",55,552,271,1,2,,552,,,,"**CONFIDENTIAL**","**CONFIDENTIAL**",-16.985107421875,"2021-02-07T10:25:06",2,,"**CONFIDENTIAL**","**CONFIDENTIAL**",-76.1917114257813,"2021-02-08T06:44:18",1,
"49-19-04-48",1,15,131,1,35,1,15,32,4,5,"**CONFIDENTIAL**","**CONFIDENTIAL**",1151,"2021-08-10T13:02:58",2,,"**CONFIDENTIAL**","**CONFIDENTIAL**",,,,
"49-19-23-22",53,532,72,3,3,53,532,132,3,2,"**CONFIDENTIAL**","**CONFIDENTIAL**",-8.86135864257813,"2021-08-12T07:56:20",2,,"**CONFIDENTIAL**","**CONFIDENTIAL**",,,,
"49-22-31-97",53,532,132,3,2,,532,,,,"**CONFIDENTIAL**","**CONFIDENTIAL**",1.95468139648438,"2021-03-16T10:35:30",2,,"**CONFIDENTIAL**","**CONFIDENTIAL**",-32.060791015625,"2021-05-19T07:27:32",1,
"49-42-36-30",7,72,92,1,5,7,72,82,3,24,"**CONFIDENTIAL**","**CONFIDENTIAL**",61,"2021-06-25T09:31:57",1,,"**CONFIDENTIAL**","**CONFIDENTIAL**",,,,
"49-48-82-73",7,74,,,,7,71,162,2,1,"**CONFIDENTIAL**","**CONFIDENTIAL**",147,"2020-12-30T09:31:39",2,,"**CONFIDENTIAL**","**CONFIDENTIAL**",,,,
"49-73-13-47",1,16,71,3,7,,16,,,,"**CONFIDENTIAL**","**CONFIDENTIAL**",807,"2021-06-19T08:24:19",2,,"**CONFIDENTIAL**","**CONFIDENTIAL**",822,"2021-08-22T07:48:41",2,
"49-75-61-59",7,71,302,4,30,7,71,162,2,1,"**CONFIDENTIAL**","**CONFIDENTIAL**",,,2,,"**CONFIDENTIAL**","**CONFIDENTIAL**",,,,
"50-01-79-95",53,531,273,5,303,53,531,111,3,2,"**CONFIDENTIAL**","**CONFIDENTIAL**",33.6595458984375,"2021-03-22T07:27:43",2,,"**CONFIDENTIAL**","**CONFIDENTIAL**",,,,
"50-02-42-53",14,141,151,2,12,14,141,231,5,2,"**CONFIDENTIAL**","**CONFIDENTIAL**",1220,"2021-07-04T13:58:19",1,,"**CONFIDENTIAL**","**CONFIDENTIAL**",,,,
"51-19-61-40",7,74,112,32,,7,74,162,2,1,"**CONFIDENTIAL**","**CONFIDENTIAL**",9,"2021-01-05T10:07:04",1,,"**CONFIDENTIAL**","**CONFIDENTIAL**",,,,
"51-92-61-27",7,72,92,3,39,7,72,82,3,24,"**CONFIDENTIAL**","**CONFIDENTIAL**",34,"2021-02-11T07:47:30",2,,"**CONFIDENTIAL**","**CONFIDENTIAL**",,,,
"51-99-24-51",8,82,251,2,6,8,82,31,1,9,"**CONFIDENTIAL**","**CONFIDENTIAL**",278,"2021-05-21T10:02:19",2,,"**CONFIDENTIAL**","**CONFIDENTIAL**",,,,
"52-01-16-40",21,213,231,2,3,21,213,262,2,1,"**CONFIDENTIAL**","**CONFIDENTIAL**",1922,"2021-11-24T09:17:34",2,,"**CONFIDENTIAL**","**CONFIDENTIAL**",,,,
"52-15-61-09",51,511,162,3,3,51,511,211,4,1,"**CONFIDENTIAL**","**CONFIDENTIAL**",-45.0169067382813,"2021-10-08T07:23:34",2,,"**CONFIDENTIAL**","**CONFIDENTIAL**",,,,
"52-45-58-27",17,175,103,2,4,,175,,,,"**CONFIDENTIAL**","**CONFIDENTIAL**",1213,"2021-08-14T14:11:31",2,,"**CONFIDENTIAL**","**CONFIDENTIAL**",1239,"2021-08-16T08:37:28",1,
"52-62-72-95",25,251,283,2,3,25,251,13,3,6,"**CONFIDENTIAL**","**CONFIDENTIAL**",1314,"2021-02-02T09:08:50",1,,"**CONFIDENTIAL**","**CONFIDENTIAL**",,,,
"52-93-64-32",18,184,71,4,4,18,184,141,1,3,"**CONFIDENTIAL**","**CONFIDENTIAL**",1297,"2021-08-17T14:25:31",2,,"**CONFIDENTIAL**","**CONFIDENTIAL**",,,,
"53-07-49-56",14,142,163,3,7,14,142,13,3,350,"**CONFIDENTIAL**","**CONFIDENTIAL**",1174,"2021-07-27T11:07:09",2,,"**CONFIDENTIAL**","**CONFIDENTIAL**",,,,
"53-15-69-56",3,34,31,2,3,3,36,112,1,3,"**CONFIDENTIAL**","**CONFIDENTIAL**",1376,"2021-08-04T12:24:34",1,,"**CONFIDENTIAL**","**CONFIDENTIAL**",,,,
"53-16-29-99",19,193,72,4,1,19,193,92,10,3,"**CONFIDENTIAL**","**CONFIDENTIAL**",1162,"2021-02-03T11:29:03",2,,"**CONFIDENTIAL**","**CONFIDENTIAL**",,,,
"53-20-64-93",14,147,141,3,1,14,147,21,4,2,"**CONFIDENTIAL**","**CONFIDENTIAL**",1196,"2021-07-18T07:36:14",3,"Genge","**CONFIDENTIAL**","**CONFIDENTIAL**",,,,
"53-26-71-37",53,531,222,1,5,53,531,111,3,2,"**CONFIDENTIAL**","**CONFIDENTIAL**",2.91744995117188,"2021-08-02T09:39:08",2,,"**CONFIDENTIAL**","**CONFIDENTIAL**",,,,
"53-51-12-15",3,33,262,1,9,3,33,181,3,5,"**CONFIDENTIAL**","**CONFIDENTIAL**",838,"2021-10-21T06:44:28",2,,"**CONFIDENTIAL**","**CONFIDENTIAL**",,,,
"53-69-50-52",7,73,272,5,43,7,73,262,1,27,"**CONFIDENTIAL**","**CONFIDENTIAL**",54,"2021-01-12T07:54:41",1,,"**CONFIDENTIAL**","**CONFIDENTIAL**",,,,
"54-28-20-71",54,541,201,1,2,,541,,,,"**CONFIDENTIAL**","**CONFIDENTIAL**",17.1847534179688,"2021-01-09T09:08:34",2,,"**CONFIDENTIAL**","**CONFIDENTIAL**",-22.1777954101563,"2021-01-14T07:15:18",1,
"54-36-46-92",53,531,333,7,301,53,531,111,3,2,"**CONFIDENTIAL**","**CONFIDENTIAL**",-29.0835876464844,"2020-12-26T10:53:31",2,,"**CONFIDENTIAL**","**CONFIDENTIAL**",,,,
"54-45-30-51",1,15,212,2,1,1,15,32,4,5,"**CONFIDENTIAL**","**CONFIDENTIAL**",1213,"2021-02-22T10:32:53",2,,"**CONFIDENTIAL**","**CONFIDENTIAL**",,,,
"54-56-92-33",7,73,272,1,7,7,73,262,1,27,"**CONFIDENTIAL**","**CONFIDENTIAL**",54,"2021-05-18T11:25:04",1,,"**CONFIDENTIAL**","**CONFIDENTIAL**",,,,
"54-57-91-17",11,111,181,4,3,,113,52,10,4,"**CONFIDENTIAL**","**CONFIDENTIAL**",1262,"2021-11-15T11:48:55",2,,"**CONFIDENTIAL**","**CONFIDENTIAL**",,,,
"54-74-34-13",18,183,261,2,4,,183,,,,"**CONFIDENTIAL**","**CONFIDENTIAL**",1401,"2021-01-16T12:35:28",2,,"**CONFIDENTIAL**","**CONFIDENTIAL**",1249,"2021-01-17T08:02:01",1,
"54-87-63-82",5,53,73,5,12,5,53,83,3,311,"**CONFIDENTIAL**","**CONFIDENTIAL**",283,"2021-08-12T07:22:22",1,,"**CONFIDENTIAL**","**CONFIDENTIAL**",,,,
"55-10-59-08",7,71,342,3,30,7,71,162,2,1,"**CONFIDENTIAL**","**CONFIDENTIAL**",-5,"2021-06-15T09:31:48",1,,"**CONFIDENTIAL**","**CONFIDENTIAL**",,,,
"55-49-79-96",25,251,211,2,8,25,251,81,1,16,"**CONFIDENTIAL**","**CONFIDENTIAL**",1365,"2021-07-20T09:07:11",1,,"**CONFIDENTIAL**","**CONFIDENTIAL**",,,,
"55-52-88-39",12,124,211,2,8,,124,,,,"**CONFIDENTIAL**","**CONFIDENTIAL**",1122,"2021-01-14T09:59:21",2,,"**CONFIDENTIAL**","**CONFIDENTIAL**",1491,"2021-01-16T10:40:03",1,
"55-64-91-20",19,193,62,4,5,19,193,92,10,3,"**CONFIDENTIAL**","**CONFIDENTIAL**",1228,"2021-08-12T08:47:57",3,"Magenge","**CONFIDENTIAL**","**CONFIDENTIAL**",,,,
"55-81-07-30",17,174,23,3,14,,174,,,,"**CONFIDENTIAL**","**CONFIDENTIAL**",1245,"2021-03-04T12:26:40",2,,"**CONFIDENTIAL**","**CONFIDENTIAL**",1220,"2021-03-08T08:38:54",2,
"55-82-98-30",2,27,21,2,3,2,23,32,4,3,"**CONFIDENTIAL**","**CONFIDENTIAL**",1759,"2021-02-23T13:16:03",2,,"**CONFIDENTIAL**","**CONFIDENTIAL**",,,,
"55-96-15-98",2,23,32,4,3,,23,,,,"**CONFIDENTIAL**","**CONFIDENTIAL**",1437,"2020-12-28T08:15:27",1,,"**CONFIDENTIAL**","**CONFIDENTIAL**",1432,"2020-12-28T09:02:35",1,
"56-06-88-30",8,83,211,3,2,,83,,,,"**CONFIDENTIAL**","**CONFIDENTIAL**",439,"2021-08-17T09:32:49",2,,"**CONFIDENTIAL**","**CONFIDENTIAL**",416,"2021-08-18T10:20:10",1,
"56-41-32-21",15,151,123,1,5,,151,,,,"**CONFIDENTIAL**","**CONFIDENTIAL**",1532,"2021-01-27T15:34:33",2,,"**CONFIDENTIAL**","**CONFIDENTIAL**",1735,"2021-01-29T09:26:12",1,
"56-47-04-88",2,23,102,2,3,2,23,32,4,3,"**CONFIDENTIAL**","**CONFIDENTIAL**",1289,"2021-02-06T08:44:55",2,,"**CONFIDENTIAL**","**CONFIDENTIAL**",,,,
"56-48-48-64",4,43,231,4,2,,43,,,,"**CONFIDENTIAL**","**CONFIDENTIAL**",880,"2021-06-12T11:29:51",2,,"**CONFIDENTIAL**","**CONFIDENTIAL**",186,"2021-06-13T08:21:16",1,
"56-81-75-32",17,172,131,2,3,17,172,33,5,309,"**CONFIDENTIAL**","**CONFIDENTIAL**",1057,"2021-03-01T12:13:43",2,,"**CONFIDENTIAL**","**CONFIDENTIAL**",,,,
"56-89-21-48",17,173,201,4,1,17,,,,,"**CONFIDENTIAL**","**CONFIDENTIAL**",1117,"2021-05-30T11:42:25",2,,"**CONFIDENTIAL**","**CONFIDENTIAL**",,,,
"56-98-97-09",1,15,62,1,3,1,15,32,4,5,"**CONFIDENTIAL**","**CONFIDENTIAL**",1113,"2021-06-27T08:29:23",2,,"**CONFIDENTIAL**","**CONFIDENTIAL**",,,,
"57-17-70-66",1,15,332,2,9,1,15,32,4,5,"**CONFIDENTIAL**","**CONFIDENTIAL**",1084,"2021-10-08T07:13:40",1,,"**CONFIDENTIAL**","**CONFIDENTIAL**",,,,
"57-18-27-73",5,51,193,2,1,,,,,,"**CONFIDENTIAL**","**CONFIDENTIAL**",695,"2021-02-10T10:53:38",2,,"**CONFIDENTIAL**","**CONFIDENTIAL**",,,,
"57-18-56-44",55,552,111,4,1,55,552,271,1,2,"**CONFIDENTIAL**","**CONFIDENTIAL**",-16.3819274902344,"2021-06-11T07:50:25",2,,"**CONFIDENTIAL**","**CONFIDENTIAL**",,,,
"57-42-63-42",9,93,31,2,4,9,97,52,1,2,"**CONFIDENTIAL**","**CONFIDENTIAL**",374,"2021-11-25T08:00:42",1,,"**CONFIDENTIAL**","**CONFIDENTIAL**",,,,
"57-57-47-64",53,531,373,6,305,53,531,111,3,2,"**CONFIDENTIAL**","**CONFIDENTIAL**",9.847900390625,"2021-03-29T08:55:32",2,,"**CONFIDENTIAL**","**CONFIDENTIAL**",,,,
"57-64-79-66",22,225,181,3,4,,225,,,,"**CONFIDENTIAL**","**CONFIDENTIAL**",1273,"2021-01-06T10:37:54",2,,"**CONFIDENTIAL**","**CONFIDENTIAL**",1327,"2021-01-07T05:10:34",1,
"58-00-91-11",1,15,372,5,4,1,15,32,4,5,"**CONFIDENTIAL**","**CONFIDENTIAL**",1075,"2021-11-19T10:29:49",2,,"**CONFIDENTIAL**","**CONFIDENTIAL**",,,,
"58-26-44-48",7,71,42,2,38,7,71,162,2,1,"**CONFIDENTIAL**","**CONFIDENTIAL**",34,"2021-10-08T09:55:33",1,,"**CONFIDENTIAL**","**CONFIDENTIAL**",,,,
"58-39-06-09",19,196,62,6,6,19,196,22,11,7,"**CONFIDENTIAL**","**CONFIDENTIAL**",1190,"2021-05-26T10:01:09",2,,"**CONFIDENTIAL**","**CONFIDENTIAL**",,,,
"58-80-03-38",3,34,261,3,1,3,36,112,3,3,"**CONFIDENTIAL**","**CONFIDENTIAL**",908,"2021-02-18T11:00:10",3,"Gengemni","**CONFIDENTIAL**","**CONFIDENTIAL**",,,,
"59-08-38-46",12,128,82,4,1,12,128,72,2,9,"**CONFIDENTIAL**","**CONFIDENTIAL**",1787,"2021-07-11T11:26:06",1,,"**CONFIDENTIAL**","**CONFIDENTIAL**",,,,
"59-13-03-49",4,42,201,1,1,,42,,,,"**CONFIDENTIAL**","**CONFIDENTIAL**",560,"2021-01-31T11:38:58",2,,"**CONFIDENTIAL**","**CONFIDENTIAL**",257,"2021-02-01T06:46:39",1,
"59-26-85-37",4,44,173,2,5,4,44,82,1,3,"**CONFIDENTIAL**","**CONFIDENTIAL**",39,"2021-10-16T07:32:39",2,,"**CONFIDENTIAL**","**CONFIDENTIAL**",,,,
"59-80-69-00",3,31,121,3,5,,31,,,,"**CONFIDENTIAL**","**CONFIDENTIAL**",1714,"2021-01-11T13:21:27",3,"Gengeni","**CONFIDENTIAL**","**CONFIDENTIAL**",1364,"2021-01-12T09:24:16",1,
"59-99-46-02",7,72,24,2,25,7,72,82,3,24,"**CONFIDENTIAL**","**CONFIDENTIAL**",,,1,,"**CONFIDENTIAL**","**CONFIDENTIAL**",,,,
"60-08-15-27",1,15,42,5,5,1,15,32,4,5,"**CONFIDENTIAL**","**CONFIDENTIAL**",1095,"2021-10-31T07:55:32",1,,"**CONFIDENTIAL**","**CONFIDENTIAL**",,,,
"60-22-91-24",7,74,262,1,21,7,71,162,2,1,"**CONFIDENTIAL**","**CONFIDENTIAL**",128,"2021-01-29T08:17:47",3,"Magenge","**CONFIDENTIAL**","**CONFIDENTIAL**",,,,
"60-33-56-84",5,55,102,2,5,5,55,52,10,1,"**CONFIDENTIAL**","**CONFIDENTIAL**",495,"2021-10-27T08:33:07",1,,"**CONFIDENTIAL**","**CONFIDENTIAL**",,,,
"60-38-63-60",51,511,211,4,1,,511,,,,"**CONFIDENTIAL**","**CONFIDENTIAL**",73.3828125,"2021-05-06T09:03:50",2,,"**CONFIDENTIAL**","**CONFIDENTIAL**",42.8595581054688,"2021-05-09T06:27:46",1,
"60-82-23-67",7,71,22,6,16,7,71,162,2,1,"**CONFIDENTIAL**","**CONFIDENTIAL**",-9,"2021-03-31T10:35:33",1,,"**CONFIDENTIAL**","**CONFIDENTIAL**",,,,
"61-67-58-19",10,104,72,5,6,10,104,202,2,3,"**CONFIDENTIAL**","**CONFIDENTIAL**",1117,"2021-10-16T11:02:26",1,,"**CONFIDENTIAL**","**CONFIDENTIAL**",,,,
"61-94-13-01",24,242,,,,,242,,,,"**CONFIDENTIAL**","**CONFIDENTIAL**",1417,"2021-02-13T13:38:24",2,,"**CONFIDENTIAL**","**CONFIDENTIAL**",1343,"2021-02-15T06:05:15",2,
"61-95-67-05",2,23,42,4,4,2,23,32,4,3,"**CONFIDENTIAL**","**CONFIDENTIAL**",1434,"2021-07-20T08:36:08",3,"MAGENGE YALIYO PAMOJA","**CONFIDENTIAL**","**CONFIDENTIAL**",,,,
"62-74-07-27",5,52,31,1,5,5,52,201,3,2,"**CONFIDENTIAL**","**CONFIDENTIAL**",112,"2021-03-19T09:01:00",1,,"**CONFIDENTIAL**","**CONFIDENTIAL**",,,,
"63-70-86-47",19,193,12,5,9,19,193,92,10,3,"**CONFIDENTIAL**","**CONFIDENTIAL**",1125,"2021-01-01T08:18:37",2,,"**CONFIDENTIAL**","**CONFIDENTIAL**",,,,
"63-90-91-25",13,136,121,3,5,,136,,,,"**CONFIDENTIAL**","**CONFIDENTIAL**",1523,"2021-07-28T06:16:30",2,,"**CONFIDENTIAL**","**CONFIDENTIAL**",1528,"2021-07-29T09:21:30",2,
"64-07-32-05",5,54,241,2,3,,54,,,,"**CONFIDENTIAL**","**CONFIDENTIAL**",326,"2021-08-26T12:05:52",2,,"**CONFIDENTIAL**","**CONFIDENTIAL**",1005,"2021-08-27T08:09:47",1,
"64-59-58-64",11,111,83,1,6,11,112,113,5,307,"**CONFIDENTIAL**","**CONFIDENTIAL**",1768,"2021-05-05T09:23:15",1,,"**CONFIDENTIAL**","**CONFIDENTIAL**",,,,
"64-65-01-44",24,241,211,4,3,24,241,141,1,7,"**CONFIDENTIAL**","**CONFIDENTIAL**",1258,"2021-06-08T11:03:44",2,,"**CONFIDENTIAL**","**CONFIDENTIAL**",,,,
"64-73-64-28",11,112,113,5,307,11,112,173,1,1,"**CONFIDENTIAL**","**CONFIDENTIAL**",1853,"2021-01-13T13:34:34",2,,"**CONFIDENTIAL**","**CONFIDENTIAL**",,,,
"64-74-56-94",5,57,63,3,5,,57,,,,"**CONFIDENTIAL**","**CONFIDENTIAL**",1249,"2021-03-30T11:16:25",2,,"**CONFIDENTIAL**","**CONFIDENTIAL**",1248,"2021-04-01T16:05:41",2,
"64-90-86-83",17,173,101,6,2,,173,,,,"**CONFIDENTIAL**","**CONFIDENTIAL**",1204,"2020-12-20T15:03:49",1,,"**CONFIDENTIAL**","**CONFIDENTIAL**",1097,"2020-12-30T15:40:03",2,
"65-13-11-41",18,183,421,3,2,18,183,261,2,4,"**CONFIDENTIAL**","**CONFIDENTIAL**",1152,"2021-02-06T09:42:10",2,,"**CONFIDENTIAL**","**CONFIDENTIAL**",,,,
"65-81-67-44",10,105,31,6,2,,105,,,,"**CONFIDENTIAL**","**CONFIDENTIAL**",847,"2021-07-09T07:45:34",1,,"**CONFIDENTIAL**","**CONFIDENTIAL**",878,"2021-07-10T08:49:29",1,
"66-60-19-68",53,531,93,3,302,53,531,111,3,2,"**CONFIDENTIAL**","**CONFIDENTIAL**",56.0709838867188,"2021-08-17T06:56:29",2,,"**CONFIDENTIAL**","**CONFIDENTIAL**",,,,
"66-87-67-48",18,183,81,5,3,18,183,261,2,4,"**CONFIDENTIAL**","**CONFIDENTIAL**",1239,"2021-10-08T09:32:00",3,"Vigenge","**CONFIDENTIAL**","**CONFIDENTIAL**",,,,
"67-18-71-96",9,91,231,1,5,,91,,,,"**CONFIDENTIAL**","**CONFIDENTIAL**",-24,"2021-03-07T09:35:28",2,,"**CONFIDENTIAL**","**CONFIDENTIAL**",-111,"2021-05-09T10:07:09",1,
"67-43-52-36",19,191,71,1,7,19,191,141,2,4,"**CONFIDENTIAL**","**CONFIDENTIAL**",1111,"2021-10-04T12:57:22",1,,"**CONFIDENTIAL**","**CONFIDENTIAL**",,,,
"67-53-49-12",19,193,122,7,3,19,193,92,10,3,"**CONFIDENTIAL**","**CONFIDENTIAL**",1245,"2021-05-06T08:53:31",1,,"**CONFIDENTIAL**","**CONFIDENTIAL**",,,,
"67-53-62-24",19,198,171,1,6,,198,,,,"**CONFIDENTIAL**","**CONFIDENTIAL**",1175,"2020-12-25T08:56:37",2,,"**CONFIDENTIAL**","**CONFIDENTIAL**",1200,"2020-12-27T06:38:36",1,
"67-88-35-02",18,181,121,3,1,,181,,,,"**CONFIDENTIAL**","**CONFIDENTIAL**",1217,"2021-05-28T10:33:00",2,,"**CONFIDENTIAL**","**CONFIDENTIAL**",1632,"2021-05-29T09:13:47",1,
"67-97-74-04",13,135,181,2,5,,135,,,,"**CONFIDENTIAL**","**CONFIDENTIAL**",1252,"2021-11-08T09:01:24",2,,"**CONFIDENTIAL**","**CONFIDENTIAL**",1490,"2021-11-05T08:08:06",2,
"68-27-78-23",7,73,212,2,18,7,73,262,1,27,"**CONFIDENTIAL**","**CONFIDENTIAL**",28,"2021-03-24T10:08:03",2,,"**CONFIDENTIAL**","**CONFIDENTIAL**",,,,
"68-28-46-82",23,234,161,1,3,,234,,,,"**CONFIDENTIAL**","**CONFIDENTIAL**",1010,"2021-01-05T11:22:09",3,"GENGE  LA KIJIJI CHA MIRUMBA","**CONFIDENTIAL**","**CONFIDENTIAL**",913,"2021-01-06T11:54:38",1,
"68-31-19-50",17,171,1,21,3,,171,,,,"**CONFIDENTIAL**","**CONFIDENTIAL**",1125,"2021-10-18T07:04:50",1,,"**CONFIDENTIAL**","**CONFIDENTIAL**",1086,"2021-10-18T08:41:12",1,
"68-41-25-91",25,251,11,2,16,,256,,,,"**CONFIDENTIAL**","**CONFIDENTIAL**",1170,"2021-03-20T13:51:06",2,,"**CONFIDENTIAL**","**CONFIDENTIAL**",1127,"2021-03-22T08:09:01",1,
"68-44-83-99",53,531,23,4,303,53,531,111,3,2,"**CONFIDENTIAL**","**CONFIDENTIAL**",-13.33544921875,"2021-07-15T08:05:12",2,,"**CONFIDENTIAL**","**CONFIDENTIAL**",,,,
"68-53-75-05",1,15,171,3,3,1,15,32,4,5,"**CONFIDENTIAL**","**CONFIDENTIAL**",1062,"2021-08-25T13:11:07",2,,"**CONFIDENTIAL**","**CONFIDENTIAL**",,,,
"68-65-93-02",13,133,303,4,1,13,133,41,4,1,"**CONFIDENTIAL**","**CONFIDENTIAL**",1268,"2021-07-23T10:08:20",2,,"**CONFIDENTIAL**","**CONFIDENTIAL**",,,,
"68-73-55-08",10,104,202,2,3,,104,,,,"**CONFIDENTIAL**","**CONFIDENTIAL**",1120,"2021-03-20T07:24:19",2,,"**CONFIDENTIAL**","**CONFIDENTIAL**",1118,"2021-03-21T07:49:02",1,
"69-21-22-84",23,233,81,2,2,,233,,,,"**CONFIDENTIAL**","**CONFIDENTIAL**",1199,"2021-03-29T14:46:37",2,,"**CONFIDENTIAL**","**CONFIDENTIAL**",1168,"2021-04-01T09:15:53",1,
"69-31-53-12",22,226,22,1,3,,221,,,,"**CONFIDENTIAL**","**CONFIDENTIAL**",1640,"2021-05-04T09:38:57",2,,"**CONFIDENTIAL**","**CONFIDENTIAL**",1648,"2021-05-05T08:12:57",1,
"69-43-45-37",4,44,82,1,3,4,44,22,1,1,"**CONFIDENTIAL**","**CONFIDENTIAL**",-1,"2021-01-09T11:39:48",2,,"**CONFIDENTIAL**","**CONFIDENTIAL**",,,,
"69-50-05-57",6,62,103,5,307,,62,,,,"**CONFIDENTIAL**","**CONFIDENTIAL**",50,"2021-11-12T09:39:05",1,,"**CONFIDENTIAL**","**CONFIDENTIAL**",52,"2021-11-13T07:39:19",1,
"69-86-63-02",11,113,132,11,1,11,113,52,10,4,"**CONFIDENTIAL**","**CONFIDENTIAL**",1478,"2021-11-11T09:40:56",2,,"**CONFIDENTIAL**","**CONFIDENTIAL**",,,,
"69-86-71-39",21,214,161,1,11,,214,,,,"**CONFIDENTIAL**","**CONFIDENTIAL**",930,"2021-05-29T08:46:55",1,,"**CONFIDENTIAL**","**CONFIDENTIAL**",1342,"2021-05-26T13:48:57",,
"70-46-01-49",9,97,52,1,2,,97,,,,"**CONFIDENTIAL**","**CONFIDENTIAL**",387,"2021-03-16T10:41:57",2,,"**CONFIDENTIAL**","**CONFIDENTIAL**",362,"2021-03-17T13:12:41",1,
"70-54-85-53",5,57,63,4,315,5,57,63,3,5,"**CONFIDENTIAL**","**CONFIDENTIAL**",1273,"2021-03-31T10:07:42",2,,"**CONFIDENTIAL**","**CONFIDENTIAL**",,,,
"70-77-10-40",20,206,131,3,2,20,206,21,2,4,"**CONFIDENTIAL**","**CONFIDENTIAL**",1463,"2021-11-16T10:35:03",1,,"**CONFIDENTIAL**","**CONFIDENTIAL**",,,,
"70-88-77-37",1,15,282,6,9,1,15,32,4,5,"**CONFIDENTIAL**","**CONFIDENTIAL**",1112,"2021-09-02T12:16:39",2,,"**CONFIDENTIAL**","**CONFIDENTIAL**",,,,
"70-88-93-42",2,26,11,2,4,2,23,32,4,3,"**CONFIDENTIAL**","**CONFIDENTIAL**",1742,"2021-11-13T13:27:02",1,,"**CONFIDENTIAL**","**CONFIDENTIAL**",,,,
"71-14-74-57",24,244,81,2,4,24,244,161,1,2,"**CONFIDENTIAL**","**CONFIDENTIAL**",1165,"2021-08-05T08:42:18",2,,"**CONFIDENTIAL**","**CONFIDENTIAL**",,,,
"71-44-36-11",19,197,141,1,6,19,197,11,3,2,"**CONFIDENTIAL**","**CONFIDENTIAL**",1219,"2021-06-28T08:15:29",1,,"**CONFIDENTIAL**","**CONFIDENTIAL**",,,,
"71-46-61-43",12,,61,2,4,,,,,,"**CONFIDENTIAL**","**CONFIDENTIAL**",1925,"2021-07-14T11:34:21",2,,"**CONFIDENTIAL**","**CONFIDENTIAL**",1343,"2021-07-15T11:03:08",1,
"71-49-76-64",51,512,271,1,1,,512,,,,"**CONFIDENTIAL**","**CONFIDENTIAL**",-2.9923095703125,"2021-08-05T07:31:19",2,,"**CONFIDENTIAL**","**CONFIDENTIAL**",28.1852416992188,"2021-08-07T07:02:17",1,
"71-55-62-56",7,73,212,5,89,7,73,262,1,27,"**CONFIDENTIAL**","**CONFIDENTIAL**",36,"2021-01-22T10:43:54",3,"Genge","**CONFIDENTIAL**","**CONFIDENTIAL**",,,,
"71-62-74-52",4,44,102,1,3,4,44,82,1,3,"**CONFIDENTIAL**","**CONFIDENTIAL**",-6,"2021-08-19T09:47:37",3,"Gengeni","**CONFIDENTIAL**","**CONFIDENTIAL**",,,,
"71-69-84-38",16,166,61,2,7,,166,,,,"**CONFIDENTIAL**","**CONFIDENTIAL**",1327,"2021-01-09T13:03:02",1,,"**CONFIDENTIAL**","**CONFIDENTIAL**",1493,"2021-01-11T07:08:37",1,
"72-09-40-52",53,531,353,4,302,53,531,111,3,2,"**CONFIDENTIAL**","**CONFIDENTIAL**",-60.5385437011719,"2021-01-02T08:46:56",2,,"**CONFIDENTIAL**","**CONFIDENTIAL**",,,,
"72-21-11-65",19,193,122,2,1,19,193,92,10,3,"**CONFIDENTIAL**","**CONFIDENTIAL**",1183,"2021-08-17T11:49:39",3,"Kigenge","**CONFIDENTIAL**","**CONFIDENTIAL**",,,,
"72-83-64-12",3,32,163,2,302,3,32,171,2,5,"**CONFIDENTIAL**","**CONFIDENTIAL**",645,"2021-06-05T07:17:28",2,,"**CONFIDENTIAL**","**CONFIDENTIAL**",,,,
"73-11-12-85",10,101,271,2,4,,101,,,,"**CONFIDENTIAL**","**CONFIDENTIAL**",509,"2021-01-16T08:42:28",2,,"**CONFIDENTIAL**","**CONFIDENTIAL**",625,"2021-01-21T15:39:45",1,
"73-17-49-24",9,91,41,5,3,,,,,,"**CONFIDENTIAL**","**CONFIDENTIAL**",29,"2020-12-26T12:38:30",1,,"**CONFIDENTIAL**","**CONFIDENTIAL**",,,,
"73-18-91-78",18,185,201,1,27,18,185,51,5,12,"**CONFIDENTIAL**","**CONFIDENTIAL**",1561,"2021-08-11T09:16:31",1,,"**CONFIDENTIAL**","**CONFIDENTIAL**",,,,
"73-35-38-38",7,71,202,1,23,7,71,162,2,1,"**CONFIDENTIAL**","**CONFIDENTIAL**",-9,"2021-06-11T09:14:50",1,,"**CONFIDENTIAL**","**CONFIDENTIAL**",,,,
"73-49-58-61",3,34,111,3,4,3,36,112,3,3,"**CONFIDENTIAL**","**CONFIDENTIAL**",1521,"2021-02-10T07:36:24",2,,"**CONFIDENTIAL**","**CONFIDENTIAL**",,,,
"73-84-08-59",3,36,192,4,4,3,36,112,1,3,"**CONFIDENTIAL**","**CONFIDENTIAL**",772,"2021-07-29T09:18:31",1,,"**CONFIDENTIAL**","**CONFIDENTIAL**",,,,
"74-08-21-61",20,204,13,1,304,20,204,121,3,3,"**CONFIDENTIAL**","**CONFIDENTIAL**",1373,"2021-11-10T12:27:27",1,,"**CONFIDENTIAL**","**CONFIDENTIAL**",,,,
"74-63-46-98",13,132,11,3,2,,134,,,,"**CONFIDENTIAL**","**CONFIDENTIAL**",1554,"2021-06-17T09:16:21",2,,"**CONFIDENTIAL**","**CONFIDENTIAL**",1501,"2021-06-18T08:22:54",1,
"75-04-18-43",19,192,101,2,2,19,192,13,1,3,"**CONFIDENTIAL**","**CONFIDENTIAL**",1181,"2021-06-17T13:40:42",1,,"**CONFIDENTIAL**","**CONFIDENTIAL**",,,,
"75-48-08-27",12,128,252,1,5,12,128,72,2,9,"**CONFIDENTIAL**","**CONFIDENTIAL**",1601,"2021-10-27T13:16:56",1,,"**CONFIDENTIAL**","**CONFIDENTIAL**",,,,
"75-50-63-56",4,42,51,4,3,4,42,201,1,1,"**CONFIDENTIAL**","**CONFIDENTIAL**",316,"2021-06-16T12:32:19",2,,"**CONFIDENTIAL**","**CONFIDENTIAL**",,,,
"75-62-04-49",11,113,52,10,4,,113,,,,"**CONFIDENTIAL**","**CONFIDENTIAL**",1556,"2021-07-25T09:16:51",1,,"**CONFIDENTIAL**","**CONFIDENTIAL**",1594,"2021-07-26T09:42:46",1,
"75-70-17-13",7,73,102,5,32,7,73,82,3,24,"**CONFIDENTIAL**","**CONFIDENTIAL**",52,"2021-06-09T07:44:54",1,,"**CONFIDENTIAL**","**CONFIDENTIAL**",,,,
"75-74-23-94",19,194,252,14,4,19,194,31,4,1,"**CONFIDENTIAL**","**CONFIDENTIAL**",1230,"2021-06-12T09:50:01",1,,"**CONFIDENTIAL**","**CONFIDENTIAL**",,,,
"75-92-25-12",9,94,31,1,2,9,94,111,1,3,"**CONFIDENTIAL**","**CONFIDENTIAL**",211,"2021-08-06T08:37:50",2,,"**CONFIDENTIAL**","**CONFIDENTIAL**",,,,
"76-08-59-31",55,552,133,5,302,55,552,271,1,2,"**CONFIDENTIAL**","**CONFIDENTIAL**",11.8914184570313,"2021-06-14T07:54:44",2,,"**CONFIDENTIAL**","**CONFIDENTIAL**",,,,
"76-71-24-28",22,221,32,1,8,,221,,,,"**CONFIDENTIAL**","**CONFIDENTIAL**",1924,"2021-09-06T09:28:02",2,,"**CONFIDENTIAL**","**CONFIDENTIAL**",1908,"2021-09-07T09:39:33",1,
"76-93-90-55",7,72,202,5,8,,,,,,"**CONFIDENTIAL**","**CONFIDENTIAL**",,,1,,"**CONFIDENTIAL**","**CONFIDENTIAL**",,,,
"77-22-18-51",14,142,13,3,350,,142,,,,"**CONFIDENTIAL**","**CONFIDENTIAL**",1060,"2021-07-09T08:33:48",1,,"**CONFIDENTIAL**","**CONFIDENTIAL**",1077,"2021-07-09T08:26:21",1,
"77-42-97-77",12,124,31,1,2,12,124,211,2,8,"**CONFIDENTIAL**","**CONFIDENTIAL**",1536,"2021-05-20T11:45:12",2,,"**CONFIDENTIAL**","**CONFIDENTIAL**",,,,
"77-52-04-97",2,23,102,7,5,2,,,,,"**CONFIDENTIAL**","**CONFIDENTIAL**",1372,"2021-05-20T09:26:31",1,,"**CONFIDENTIAL**","**CONFIDENTIAL**",,,,
"77-76-56-50",54,542,131,5,2,54,542,83,7,303,"**CONFIDENTIAL**","**CONFIDENTIAL**",-10.5752563476563,"2021-01-11T10:36:04",2,,"**CONFIDENTIAL**","**CONFIDENTIAL**",,,,
"77-90-43-10",25,254,21,1,8,25,254,92,10,3,"**CONFIDENTIAL**","**CONFIDENTIAL**",0,"2021-09-28T13:44:38",3,"Kigenge","**CONFIDENTIAL**","**CONFIDENTIAL**",,,,
"78-44-73-52",18,186,52,2,6,,186,,,,"**CONFIDENTIAL**","**CONFIDENTIAL**",1135,"2021-03-20T09:51:41",1,,"**CONFIDENTIAL**","**CONFIDENTIAL**",1142,"2021-03-22T08:21:36",1,
"78-83-02-82",19,193,102,6,1,19,193,92,10,3,"**CONFIDENTIAL**","**CONFIDENTIAL**",1231,"2021-11-06T11:11:47",3,"SOKO LA IGWAMBITI","**CONFIDENTIAL**","**CONFIDENTIAL**",,,,
"78-97-99-58",11,115,22,4,5,11,112,173,1,1,"**CONFIDENTIAL**","**CONFIDENTIAL**",1827,"2021-07-29T09:21:47",1,,"**CONFIDENTIAL**","**CONFIDENTIAL**",,,,
"79-01-64-21",54,541,12,2,2,54,541,201,1,2,"**CONFIDENTIAL**","**CONFIDENTIAL**",-7.18463134765625,"2021-07-07T07:14:15",2,,"**CONFIDENTIAL**","**CONFIDENTIAL**",,,,
"79-09-08-53",4,46,131,3,1,,41,,,,"**CONFIDENTIAL**","**CONFIDENTIAL**",369,"2021-03-28T12:20:03",1,,"**CONFIDENTIAL**","**CONFIDENTIAL**",684,"2021-03-29T06:03:10",1,
"79-27-57-79",15,154,52,5,5,,154,,,,"**CONFIDENTIAL**","**CONFIDENTIAL**",1794,"2021-11-05T08:05:39",1,,"**CONFIDENTIAL**","**CONFIDENTIAL**",1807,"2021-11-07T10:02:04",1,
"79-41-82-58",7,72,232,1,31,7,72,82,3,24,"**CONFIDENTIAL**","**CONFIDENTIAL**",25,"2021-06-22T09:04:11",1,,"**CONFIDENTIAL**","**CONFIDENTIAL**",,,,
"79-42-29-08",18,185,51,5,12,,185,,,,"**CONFIDENTIAL**","**CONFIDENTIAL**",1440,"2021-08-07T14:22:22",2,,"**CONFIDENTIAL**","**CONFIDENTIAL**",1812,"2021-08-09T08:25:37",1,
"79-44-80-79",12,128,42,1,2,12,128,72,2,9,"**CONFIDENTIAL**","**CONFIDENTIAL**",2089,"2021-06-25T10:28:39",1,,"**CONFIDENTIAL**","**CONFIDENTIAL**",,,,
"79-53-96-30",16,163,101,1,8,16,163,11,2,11,"**CONFIDENTIAL**","**CONFIDENTIAL**",744,"2021-06-28T11:26:01",3,"GENGE","**CONFIDENTIAL**","**CONFIDENTIAL**",,,,
"79-57-43-88",17,172,33,5,309,,172,,,,"**CONFIDENTIAL**","**CONFIDENTIAL**",1175,"2021-02-18T14:11:48",2,,"**CONFIDENTIAL**","**CONFIDENTIAL**",1119,"2021-02-19T09:24:01",1,
"80-69-14-11",20,201,121,3,13,,201,,,,"**CONFIDENTIAL**","**CONFIDENTIAL**",1179,"2021-01-20T14:11:21",2,,"**CONFIDENTIAL**","**CONFIDENTIAL**",1565,"2021-01-20T12:32:03",2,
"80-72-14-74",53,531,373,3,301,53,531,111,3,2,"**CONFIDENTIAL**","**CONFIDENTIAL**",-2.64898681640625,"2021-11-26T07:14:30",2,,"**CONFIDENTIAL**","**CONFIDENTIAL**",,,,
"81-09-47-30",7,73,232,7,2,7,73,262,1,27,"**CONFIDENTIAL**","**CONFIDENTIAL**",-4,"2021-03-26T08:37:01",2,,"**CONFIDENTIAL**","**CONFIDENTIAL**",,,,
"81-60-33-05",7,72,42,3,66,,,,,,"**CONFIDENTIAL**","**CONFIDENTIAL**",27,"2021-08-24T09:12:03",1,,"**CONFIDENTIAL**","**CONFIDENTIAL**",,,,
"81-63-39-16",24,243,121,3,2,24,243,21,4,2,"**CONFIDENTIAL**","**CONFIDENTIAL**",1031,"2021-09-04T11:24:08",2,,"**CONFIDENTIAL**","**CONFIDENTIAL**",,,,
"81-64-65-29",2,26,111,2,3,2,23,32,4,3,"**CONFIDENTIAL**","**CONFIDENTIAL**",1650,"2021-06-01T14:17:31",3,"gengeni","**CONFIDENTIAL**","**CONFIDENTIAL**",,,,
"82-00-70-67",12,128,142,3,6,12,128,72,2,9,"**CONFIDENTIAL**","**CONFIDENTIAL**",94,"2021-08-14T09:24:39",2,,"**CONFIDENTIAL**","**CONFIDENTIAL**",,,,
"82-17-90-70",54,541,71,1,1,54,541,201,1,2,"**CONFIDENTIAL**","**CONFIDENTIAL**",-47.453857421875,"2021-07-03T10:29:43",2,,"**CONFIDENTIAL**","**CONFIDENTIAL**",,,,
"82-26-76-44",16,161,71,1,5,,161,,,,"**CONFIDENTIAL**","**CONFIDENTIAL**",1361,"2021-06-08T11:19:49",1,,"**CONFIDENTIAL**","**CONFIDENTIAL**",1471,"2021-06-09T09:21:33",1,
"82-75-74-79",11,114,91,5,307,,114,,,,"**CONFIDENTIAL**","**CONFIDENTIAL**",1830,"2021-01-20T09:25:34",2,,"**CONFIDENTIAL**","**CONFIDENTIAL**",1959,"2021-01-21T14:04:39",2,
"82-77-75-50",2,,23,102,13,2,23,32,4,3,"**CONFIDENTIAL**","**CONFIDENTIAL**",1264,"2021-02-27T10:02:14",2,,"**CONFIDENTIAL**","**CONFIDENTIAL**",,,,
"82-84-35-90",6,64,81,1,6,,64,,,,"**CONFIDENTIAL**","**CONFIDENTIAL**",67,"2021-09-21T12:13:40",1,,"**CONFIDENTIAL**","**CONFIDENTIAL**",101,"2021-09-22T07:43:33",1,
"83-10-26-33",53,531,362,4,1,53,531,111,3,2,"**CONFIDENTIAL**","**CONFIDENTIAL**",14.2822265625,"2021-05-10T08:14:00",2,,"**CONFIDENTIAL**","**CONFIDENTIAL**",,,,
"83-16-59-09",53,531,41,4,1,53,531,111,3,2,"**CONFIDENTIAL**","**CONFIDENTIAL**",64.862548828125,"2021-03-24T09:32:33",2,,"**CONFIDENTIAL**","**CONFIDENTIAL**",,,,
"83-19-75-78",1,15,101,1,2,1,15,32,4,5,"**CONFIDENTIAL**","**CONFIDENTIAL**",1080,"2021-01-23T15:09:10",1,,"**CONFIDENTIAL**","**CONFIDENTIAL**",,,,
"83-31-96-57",7,71,52,3,17,7,71,162,2,1,"**CONFIDENTIAL**","**CONFIDENTIAL**",0,"2021-09-23T10:20:55",1,,"**CONFIDENTIAL**","**CONFIDENTIAL**",,,,
"84-07-21-54",24,241,141,2,7,,241,,,,"**CONFIDENTIAL**","**CONFIDENTIAL**",1171,"2021-01-27T10:16:27",2,,"**CONFIDENTIAL**","**CONFIDENTIAL**",1237,"2021-01-28T09:44:47",1,
"84-08-31-48",7,71,102,5,3,7,71,162,2,1,"**CONFIDENTIAL**","**CONFIDENTIAL**",,,1,,"**CONFIDENTIAL**","**CONFIDENTIAL**",,,,
"84-53-49-90",12,128,182,2,1,12,128,72,2,9,"**CONFIDENTIAL**","**CONFIDENTIAL**",1715,"2021-02-07T08:13:08",2,,"**CONFIDENTIAL**","**CONFIDENTIAL**",,,,
"84-56-25-62",53,531,222,6,1,53,531,111,3,2,"**CONFIDENTIAL**","**CONFIDENTIAL**",9.56964111328125,"2020-12-30T08:53:52",2,,"**CONFIDENTIAL**","**CONFIDENTIAL**",,,,
"84-60-65-99",7,72,192,2,45,7,72,82,3,24,"**CONFIDENTIAL**","**CONFIDENTIAL**",18,"2021-08-03T09:05:30",1,,"**CONFIDENTIAL**","**CONFIDENTIAL**",,,,
"84-69-14-20",14,144,81,2,2,,144,,,,"**CONFIDENTIAL**","**CONFIDENTIAL**",1121,"2020-12-29T10:44:37",1,,"**CONFIDENTIAL**","**CONFIDENTIAL**",1096,"2020-12-31T09:23:10",1,
"84-73-49-07",8,84,151,1,2,,84,,,,"**CONFIDENTIAL**","**CONFIDENTIAL**",495,"2021-10-09T07:08:34",1,,"**CONFIDENTIAL**","**CONFIDENTIAL**",,,1,
"85-22-26-85",6,61,11,2,12,6,68,153,4,1,"**CONFIDENTIAL**","**CONFIDENTIAL**",172,"2021-10-20T08:37:04",1,,"**CONFIDENTIAL**","**CONFIDENTIAL**",,,,
"85-50-79-16",4,47,61,3,1,,47,,,,"**CONFIDENTIAL**","**CONFIDENTIAL**",677,"2021-01-26T10:35:38",2,,"**CONFIDENTIAL**","**CONFIDENTIAL**",1128,"2021-01-27T06:59:51",1,
"85-58-55-89",3,32,171,2,5,,32,,,,"**CONFIDENTIAL**","**CONFIDENTIAL**",950,"2021-04-02T09:51:13",3,"gengeni","**CONFIDENTIAL**","**CONFIDENTIAL**",814,"2021-04-02T14:51:44",1,
"86-02-90-85",53,531,303,1,304,53,531,111,3,2,"**CONFIDENTIAL**","**CONFIDENTIAL**",46.1721801757813,"2021-02-16T07:16:40",2,,"**CONFIDENTIAL**","**CONFIDENTIAL**",,,,
"86-10-69-35",7,71,322,3,38,7,71,162,2,1,"**CONFIDENTIAL**","**CONFIDENTIAL**",96,"2021-03-12T10:12:20",2,,"**CONFIDENTIAL**","**CONFIDENTIAL**",,,,
"86-49-04-76",16,163,11,2,11,,163,,,,"**CONFIDENTIAL**","**CONFIDENTIAL**",735,"2021-03-05T10:33:13",2,,"**CONFIDENTIAL**","**CONFIDENTIAL**",967,"2021-03-07T08:31:01",1,
"86-80-40-00",2,22,131,2,5,2,21,103,3,304,"**CONFIDENTIAL**","**CONFIDENTIAL**",1280,"2021-05-13T09:15:45",2,,"**CONFIDENTIAL**","**CONFIDENTIAL**",,,,
"86-90-96-40",53,532,182,3,1,53,532,132,3,2,"**CONFIDENTIAL**","**CONFIDENTIAL**",11.0592346191406,"2021-09-16T06:23:39",2,,"**CONFIDENTIAL**","**CONFIDENTIAL**",,,,
"86-92-25-33",12,123,31,2,1,,123,,,,"**CONFIDENTIAL**","**CONFIDENTIAL**",466,"2021-01-02T08:53:03",2,,"**CONFIDENTIAL**","**CONFIDENTIAL**",459,"2021-01-02T12:31:09",1,
"86-98-23-70",54,542,83,7,303,,542,,,,"**CONFIDENTIAL**","**CONFIDENTIAL**",-40.9249267578125,"2021-01-20T10:39:27",2,,"**CONFIDENTIAL**","**CONFIDENTIAL**",21.0720825195313,"2021-01-20T08:14:24",1,
"87-06-46-28",8,81,131,2,2,8,81,183,2,301,"**CONFIDENTIAL**","**CONFIDENTIAL**",13,"2021-11-17T11:23:41",1,,"**CONFIDENTIAL**","**CONFIDENTIAL**",,,,
"87-17-52-54",53,531,242,1,3,53,531,111,3,2,"**CONFIDENTIAL**","**CONFIDENTIAL**",34.8665161132813,"2021-03-17T08:07:42",2,,"**CONFIDENTIAL**","**CONFIDENTIAL**",,,,
"87-30-25-18",7,73,282,2,108,7,73,262,1,27,"**CONFIDENTIAL**","**CONFIDENTIAL**",30,"2021-08-20T07:55:38",1,,"**CONFIDENTIAL**","**CONFIDENTIAL**",,,,
"87-38-35-52",25,251,352,12,1,25,256,11,2,16,"**CONFIDENTIAL**","**CONFIDENTIAL**",1252,"2021-10-19T08:55:32",2,,"**CONFIDENTIAL**","**CONFIDENTIAL**",,,,
"87-46-51-34",3,35,31,3,1,3,35,121,3,5,"**CONFIDENTIAL**","**CONFIDENTIAL**",1337,"2021-05-10T11:28:59",1,,"**CONFIDENTIAL**","**CONFIDENTIAL**",,,,
"87-55-65-27",24,241,73,2,2,,241,,,,"**CONFIDENTIAL**","**CONFIDENTIAL**",1326,"2021-06-09T08:33:09",2,,"**CONFIDENTIAL**","**CONFIDENTIAL**",1248,"2021-06-10T09:55:33",1,
"87-66-47-57",14,142,231,4,3,14,142,13,3,250,"**CONFIDENTIAL**","**CONFIDENTIAL**",1146,"2021-10-08T14:27:08",2,,"**CONFIDENTIAL**","**CONFIDENTIAL**",,,,
"88-06-41-65",19,194,291,3,4,19,194,31,4,1,"**CONFIDENTIAL**","**CONFIDENTIAL**",1185,"2021-03-17T09:08:27",2,,"**CONFIDENTIAL**","**CONFIDENTIAL**",,,,
"88-16-97-35",2,23,62,4,7,2,23,32,4,3,"**CONFIDENTIAL**","**CONFIDENTIAL**",1417,"2020-12-28T09:01:06",1,,"**CONFIDENTIAL**","**CONFIDENTIAL**",,,,
"88-25-09-57",24,245,63,6,6,,245,,,,"**CONFIDENTIAL**","**CONFIDENTIAL**",1111,"2021-01-07T09:23:39",2,,"**CONFIDENTIAL**","**CONFIDENTIAL**",1139,"2021-02-22T11:22:33",3,
"88-59-39-10",53,531,13,5,301,53,531,111,3,2,"**CONFIDENTIAL**","**CONFIDENTIAL**",-1.286376953125,"2021-09-09T08:27:34",2,,"**CONFIDENTIAL**","**CONFIDENTIAL**",,,,
"88-67-87-75",1,15,81,1,12,1,15,32,4,5,"**CONFIDENTIAL**","**CONFIDENTIAL**",1030,"2021-01-11T12:32:38",2,,"**CONFIDENTIAL**","**CONFIDENTIAL**",,,,
"89-52-41-90",5,51,193,3,318,,,,,,"**CONFIDENTIAL**","**CONFIDENTIAL**",479,"2021-02-16T06:19:26",1,,"**CONFIDENTIAL**","**CONFIDENTIAL**",,,,
"89-55-49-95",7,73,112,11,1,7,73,262,1,27,"**CONFIDENTIAL**","**CONFIDENTIAL**",30,"2021-10-16T06:43:31",1,,"**CONFIDENTIAL**","**CONFIDENTIAL**",,,,
"89-59-80-00",3,31,111,2,4,3,31,193,1,9,"**CONFIDENTIAL**","**CONFIDENTIAL**",1497,"2021-08-08T08:33:33",3,"GENGENI","**CONFIDENTIAL**","**CONFIDENTIAL**",,,,
"89-61-03-23",16,168,71,2,4,16,168,91,1,10,"**CONFIDENTIAL**","**CONFIDENTIAL**",1319,"2021-06-16T13:54:05",1,,"**CONFIDENTIAL**","**CONFIDENTIAL**",,,,
"90-01-93-17",23,231,62,1,4,,231,,,,"**CONFIDENTIAL**","**CONFIDENTIAL**",1036,"2021-03-09T09:30:14",3,"GENGE LA MTAA","**CONFIDENTIAL**","**CONFIDENTIAL**",1088,"2021-03-11T08:08:51",1,
"90-06-89-54",22,224,31,4,6,,222,,,,"**CONFIDENTIAL**","**CONFIDENTIAL**",1777,"2021-07-20T11:01:04",2,,"**CONFIDENTIAL**","**CONFIDENTIAL**",1819,"2021-07-20T12:43:09",1,
"90-18-13-09",2,22,103,3,304,,22,,,,"**CONFIDENTIAL**","**CONFIDENTIAL**",1066,"2020-12-23T06:01:03",3,"Gengeni","**CONFIDENTIAL**","**CONFIDENTIAL**",1304,"2020-12-23T13:32:11",1,
"90-23-51-75",19,195,91,4,3,,195,,,,"**CONFIDENTIAL**","**CONFIDENTIAL**",1125,"2021-07-08T08:58:29",3,"GENGE","**CONFIDENTIAL**","**CONFIDENTIAL**",1156,"2021-07-09T08:59:48",1,
"90-43-84-85",5,52,201,3,2,,52,,,,"**CONFIDENTIAL**","**CONFIDENTIAL**",1023,"2021-02-18T08:54:23",2,,"**CONFIDENTIAL**","**CONFIDENTIAL**",235,"2021-02-20T10:01:52",1,
"90-96-74-86",53,531,303,2,1,53,531,111,3,2,"**CONFIDENTIAL**","**CONFIDENTIAL**",16.8826904296875,"2021-11-05T07:58:17",2,,"**CONFIDENTIAL**","**CONFIDENTIAL**",,,,
"91-22-98-76",53,531,263,3,302,53,531,111,3,2,"**CONFIDENTIAL**","**CONFIDENTIAL**",-18.7957763671875,"2021-09-06T09:17:38",2,,"**CONFIDENTIAL**","**CONFIDENTIAL**",,,,
"91-47-83-73",5,54,11,1,8,,,,,,"**CONFIDENTIAL**","**CONFIDENTIAL**",232,"2021-11-06T10:52:33",1,,"**CONFIDENTIAL**","**CONFIDENTIAL**",,,,
"91-50-98-00",7,73,182,2,32,7,73,262,1,27,"**CONFIDENTIAL**","**CONFIDENTIAL**",11,"2021-08-17T09:10:58",1,,"**CONFIDENTIAL**","**CONFIDENTIAL**",,,,
"92-21-22-44",54,542,241,2,1,54,542,83,7,303,"**CONFIDENTIAL**","**CONFIDENTIAL**",-15.2322692871094,"2021-07-09T11:16:41",2,,"**CONFIDENTIAL**","**CONFIDENTIAL**",,,,
"92-34-52-51",18,188,151,2,5,18,188,91,1,9,"**CONFIDENTIAL**","**CONFIDENTIAL**",1326,"2021-05-22T10:02:54",1,,"**CONFIDENTIAL**","**CONFIDENTIAL**",,,,
"92-42-20-01",19,192,13,1,3,,192,,,,"**CONFIDENTIAL**","**CONFIDENTIAL**",1266,"2021-03-26T07:08:09",2,,"**CONFIDENTIAL**","**CONFIDENTIAL**",1126,"2021-02-24T11:34:50",1,
"92-52-40-53",4,44,22,1,1,,44,,,,"**CONFIDENTIAL**","**CONFIDENTIAL**",44,"2021-01-01T13:56:38",1,,"**CONFIDENTIAL**","**CONFIDENTIAL**",21,"2021-01-01T13:41:38",1,
"92-83-23-71",16,164,62,3,5,,164,,,,"**CONFIDENTIAL**","**CONFIDENTIAL**",822,"2021-06-02T09:49:21",1,,"**CONFIDENTIAL**","**CONFIDENTIAL**",778,"2021-06-03T09:03:33",1,
"92-94-58-28",1,15,32,4,5,,15,,,,"**CONFIDENTIAL**","**CONFIDENTIAL**",1118,"2021-01-04T10:58:49",1,,"**CONFIDENTIAL**","**CONFIDENTIAL**",1110,"2021-01-04T13:02:46",1,
"93-23-21-02",4,45,22,2,5,,41,,,,"**CONFIDENTIAL**","**CONFIDENTIAL**",-14,"2021-03-24T12:45:28",1,,"**CONFIDENTIAL**","**CONFIDENTIAL**",-8,"2021-03-24T13:12:59",1,
"93-27-32-02",7,71,22,1,5,7,74,162,2,1,"**CONFIDENTIAL**","**CONFIDENTIAL**",-22,"2021-10-04T09:46:34",1,,"**CONFIDENTIAL**","**CONFIDENTIAL**",,,,
"93-53-46-59",12,,121,1,14,,,,,,"**CONFIDENTIAL**","**CONFIDENTIAL**",1554,"2021-07-03T11:05:57",2,,"**CONFIDENTIAL**","**CONFIDENTIAL**",1570,"2021-07-07T11:03:16",1,
"93-63-55-05",1,15,101,2,8,1,15,32,4,5,"**CONFIDENTIAL**","**CONFIDENTIAL**",966,"2021-07-08T07:19:10",1,,"**CONFIDENTIAL**","**CONFIDENTIAL**",,,,
"93-65-03-20",14,141,51,1,4,,141,,,,"**CONFIDENTIAL**","**CONFIDENTIAL**",1216,"2021-01-02T07:30:32",2,,"**CONFIDENTIAL**","**CONFIDENTIAL**",1204,"2021-01-03T06:20:57",1,
"93-88-74-31",7,74,,,,7,71,162,2,1,"**CONFIDENTIAL**","**CONFIDENTIAL**",60,"2021-02-03T07:47:21",2,,"**CONFIDENTIAL**","**CONFIDENTIAL**",,,,
"94-00-25-76",9,96,21,3,2,,96,,,,"**CONFIDENTIAL**","**CONFIDENTIAL**",325,"2021-02-03T07:28:04",1,,"**CONFIDENTIAL**","**CONFIDENTIAL**",377,"2021-02-03T06:59:01",1,
"94-11-66-50",19,193,82,1,3,19,193,92,10,3,"**CONFIDENTIAL**","**CONFIDENTIAL**",1254,"2021-09-16T07:33:45",1,,"**CONFIDENTIAL**","**CONFIDENTIAL**",,,,
"94-54-13-76",10,106,41,1,5,,106,,,,"**CONFIDENTIAL**","**CONFIDENTIAL**",456,"2020-12-23T07:57:28",1,,"**CONFIDENTIAL**","**CONFIDENTIAL**",485,"2020-12-23T04:47:16",2,
"95-00-37-30",12,128,192,2,1,12,128,72,2,9,"**CONFIDENTIAL**","**CONFIDENTIAL**",1705,"2021-09-20T12:26:53",1,,"**CONFIDENTIAL**","**CONFIDENTIAL**",,,,
"95-30-66-57",53,531,111,3,2,,531,,,,"**CONFIDENTIAL**","**CONFIDENTIAL**",74.587890625,"2021-05-03T09:03:27",2,,"**CONFIDENTIAL**","**CONFIDENTIAL**",-35.2927856445313,"2021-05-05T08:25:52",1,
"95-41-63-83",4,44,112,1,2,4,44,22,1,1,"**CONFIDENTIAL**","**CONFIDENTIAL**",9,"2021-03-13T11:52:21",1,,"**CONFIDENTIAL**","**CONFIDENTIAL**",,,,
"95-55-41-56",2,23,102,6,4,2,23,32,4,3,"**CONFIDENTIAL**","**CONFIDENTIAL**",1342,"2021-09-07T09:06:38",3,"Gengeni","**CONFIDENTIAL**","**CONFIDENTIAL**",,,,
"95-57-44-06",1,17,91,2,17,,17,,,,"**CONFIDENTIAL**","**CONFIDENTIAL**",1374,"2021-01-05T07:44:02",2,,"**CONFIDENTIAL**","**CONFIDENTIAL**",1341,"2021-01-07T15:30:23",1,
"95-75-07-94",12,121,211,1,3,,121,,,,"**CONFIDENTIAL**","**CONFIDENTIAL**",1167,"2020-12-21T11:22:04",1,,"**CONFIDENTIAL**","**CONFIDENTIAL**",949,"2021-01-03T12:52:38",1,
"96-25-20-51",2,24,61,5,1,,24,,,,"**CONFIDENTIAL**","**CONFIDENTIAL**",1030,"2021-11-17T05:36:42",2,,"**CONFIDENTIAL**","**CONFIDENTIAL**",1506,"2021-11-18T07:34:38",1,
"96-43-03-98",19,191,141,2,4,,191,,,,"**CONFIDENTIAL**","**CONFIDENTIAL**",1202,"2021-06-03T12:22:21",1,,"**CONFIDENTIAL**","**CONFIDENTIAL**",1112,"2021-06-05T07:57:51",1,
"96-62-91-73",12,128,162,2,14,12,128,72,2,9,"**CONFIDENTIAL**","**CONFIDENTIAL**",1719,"2021-09-23T09:35:23",2,,"**CONFIDENTIAL**","**CONFIDENTIAL**",,,,
"96-88-99-60",3,35,121,3,5,,35,,,,"**CONFIDENTIAL**","**CONFIDENTIAL**",728,"2021-01-08T09:30:49",3,"Gengeni","**CONFIDENTIAL**","**CONFIDENTIAL**",935,"2021-01-08T13:20:32",1,
"96-97-54-52",7,72,262,4,11,7,72,82,3,24,"**CONFIDENTIAL**","**CONFIDENTIAL**",-122,"2021-05-09T08:08:51",1,,"**CONFIDENTIAL**","**CONFIDENTIAL**",,,,
"97-23-41-07",2,25,51,1,1,,25,,,,"**CONFIDENTIAL**","**CONFIDENTIAL**",1226,"2021-06-28T12:49:45",2,,"**CONFIDENTIAL**","**CONFIDENTIAL**",2043,"2021-06-29T06:12:43",2,
"97-25-96-57",24,241,11,1,1,24,241,73,2,2,"**CONFIDENTIAL**","**CONFIDENTIAL**",1300,"2021-10-24T10:35:24",3,"GENGE","**CONFIDENTIAL**","**CONFIDENTIAL**",,,,
"97-67-70-17",13,133,13,2,318,13,133,41,4,1,"**CONFIDENTIAL**","**CONFIDENTIAL**",1209,"2021-07-19T12:44:36",2,,"**CONFIDENTIAL**","**CONFIDENTIAL**",,,,
"98-22-62-82",53,531,242,5,9,53,531,111,3,2,"**CONFIDENTIAL**","**CONFIDENTIAL**",17.698486328125,"2021-03-27T08:05:22",2,,"**CONFIDENTIAL**","**CONFIDENTIAL**",,,,
"98-46-12-09",25,253,41,1,1,,253,,,,"**CONFIDENTIAL**","**CONFIDENTIAL**",1229,"2021-10-24T15:05:33",2,,"**CONFIDENTIAL**","**CONFIDENTIAL**",1158,"2021-10-26T09:45:06",1,
"98-48-60-73",14,145,151,1,8,,145,,,,"**CONFIDENTIAL**","**CONFIDENTIAL**",1102,"2021-02-13T12:51:41",2,,"**CONFIDENTIAL**","**CONFIDENTIAL**",1119,"2021-02-14T11:06:39",1,
"98-92-34-51",16,166,141,4,7,,,,,,"**CONFIDENTIAL**","**CONFIDENTIAL**",1668,"2021-06-04T13:43:33",1,,"**CONFIDENTIAL**","**CONFIDENTIAL**",,,,
"99-08-48-89",4,41,191,3,3,4,41,331,3,3,"**CONFIDENTIAL**","**CONFIDENTIAL**",1986,"2021-03-30T13:04:57",3,"Gengeni","**CONFIDENTIAL**","**CONFIDENTIAL**",,,,
"99-33-61-18",7,71,152,2,26,7,71,162,2,1,"**CONFIDENTIAL**","**CONFIDENTIAL**",-5,"2021-06-02T08:57:32",1,,"**CONFIDENTIAL**","**CONFIDENTIAL**",,,,
"99-85-48-00",7,72,72,2,31,7,72,82,3,24,"**CONFIDENTIAL**","**CONFIDENTIAL**",-23,"2021-05-05T08:38:01",2,,"**CONFIDENTIAL**","**CONFIDENTIAL**",,,,
