"interview__key","interview__id","event_id","cm_d04","cm_d05m","cm_d05y","cm_d06","cm_d07"
"00-25-04-46",,1,0,,,,
"00-25-04-46",,2,0,,,,
"00-25-04-46",,3,0,,,,
"01-06-47-85",,1,0,,,,
"01-06-47-85",,2,0,,,,
"01-06-47-85",,3,0,,,,
"01-24-57-16",,1,0,,,,
"01-24-57-16",,2,0,,,,
"01-24-57-16",,3,0,,,,
"01-72-20-39",,1,0,,,,
"01-72-20-39",,2,0,,,,
"01-72-20-39",,3,0,,,,
"01-82-05-19",,1,0,,,,
"01-82-05-19",,2,0,,,,
"01-82-05-19",,3,0,,,,
"02-08-04-64",,1,0,,,,
"02-08-04-64",,2,0,,,,
"02-08-04-64",,3,0,,,,
"02-13-48-87",,1,0,,,,
"02-13-48-87",,2,0,,,,
"02-13-48-87",,3,0,,,,
"02-42-01-91",,1,0,,,,
"02-42-01-91",,2,0,,,,
"02-42-01-91",,3,0,,,,
"02-47-01-60",,1,0,,,,
"02-47-01-60",,2,0,,,,
"02-47-01-60",,3,0,,,,
"02-66-66-02",,1,0,,,,
"02-66-66-02",,2,0,,,,
"02-66-66-02",,3,0,,,,
"03-22-58-12",,1,0,,,,
"03-22-58-12",,2,0,,,,
"03-22-58-12",,3,0,,,,
"03-45-67-62",,1,0,,,,
"03-45-67-62",,2,0,,,,
"03-45-67-62",,3,0,,,,
"03-46-31-84",,1,0,,,,
"03-46-31-84",,2,0,,,,
"03-46-31-84",,3,0,,,,
"03-56-36-64",,1,0,,,,
"03-56-36-64",,2,0,,,,
"03-56-36-64",,3,0,,,,
"03-77-08-35",,1,0,,,,
"03-77-08-35",,2,0,,,,
"03-77-08-35",,3,0,,,,
"03-98-19-33",,1,0,,,,
"03-98-19-33",,2,0,,,,
"03-98-19-33",,3,0,,,,
"04-16-80-99",,1,0,,,,
"04-16-80-99",,2,0,,,,
"04-16-80-99",,3,0,,,,
"04-20-86-53",,1,0,,,,
"04-20-86-53",,2,0,,,,
"04-20-86-53",,3,0,,,,
"04-31-96-12",,1,0,,,,
"04-31-96-12",,2,0,,,,
"04-31-96-12",,3,0,,,,
"04-49-66-61",,1,0,,,,
"04-49-66-61",,2,0,,,,
"04-49-66-61",,3,0,,,,
"04-72-35-98",,1,0,,,,
"04-72-35-98",,2,0,,,,
"04-72-35-98",,3,0,,,,
"05-18-84-95",,1,0,,,,
"05-18-84-95",,2,0,,,,
"05-18-84-95",,3,0,,,,
"05-21-82-83",,1,0,,,,
"05-21-82-83",,2,0,,,,
"05-21-82-83",,3,0,,,,
"05-51-66-23",,1,0,,,,
"05-51-66-23",,2,0,,,,
"05-51-66-23",,3,0,,,,
"05-55-20-57",,1,0,,,,
"05-55-20-57",,2,0,,,,
"05-55-20-57",,3,0,,,,
"05-55-54-25",,1,0,,,,
"05-55-54-25",,2,0,,,,
"05-55-54-25",,3,0,,,,
"05-96-73-20",,1,0,,,,
"05-96-73-20",,2,0,,,,
"05-96-73-20",,3,0,,,,
"06-05-50-78",,1,0,,,,
"06-05-50-78",,2,0,,,,
"06-05-50-78",,3,0,,,,
"06-37-03-07",,1,0,,,,
"06-37-03-07",,2,0,,,,
"06-37-03-07",,3,0,,,,
"06-47-61-53",,1,0,,,,
"06-47-61-53",,2,0,,,,
"06-47-61-53",,3,0,,,,
"06-95-26-82",,1,0,,,,
"06-95-26-82",,2,0,,,,
"06-95-26-82",,3,0,,,,
"06-95-53-32",,1,0,,,,
"06-95-53-32",,2,0,,,,
"06-95-53-32",,3,0,,,,
"06-96-70-64",,1,0,,,,
"06-96-70-64",,2,0,,,,
"06-96-70-64",,3,0,,,,
"07-12-97-68",,1,0,,,,
"07-12-97-68",,2,0,,,,
"07-12-97-68",,3,0,,,,
"07-19-26-64",,1,0,,,,
"07-19-26-64",,2,0,,,,
"07-19-26-64",,3,0,,,,
"07-73-19-27",,1,0,,,,
"07-73-19-27",,2,0,,,,
"07-73-19-27",,3,0,,,,
"07-89-96-52",,1,0,,,,
"07-89-96-52",,2,0,,,,
"07-89-96-52",,3,0,,,,
"08-20-01-66",,1,0,,,,
"08-20-01-66",,2,0,,,,
"08-20-01-66",,3,0,,,,
"08-26-26-27",,1,0,,,,
"08-26-26-27",,2,0,,,,
"08-26-26-27",,3,0,,,,
"08-52-73-98",,1,0,,,,
"08-52-73-98",,2,0,,,,
"08-52-73-98","1bb43407e5e14e4ea2f6a12758f985b5",3,1,,,1,1250000
"09-09-71-46",,1,0,,,,
"09-09-71-46",,2,0,,,,
"09-09-71-46",,3,0,,,,
"09-18-23-46",,1,0,,,,
"09-18-23-46",,2,0,,,,
"09-18-23-46",,3,0,,,,
"09-74-42-02",,1,0,,,,
"09-74-42-02",,2,0,,,,
"09-74-42-02",,3,0,,,,
"09-98-78-45",,1,0,,,,
"09-98-78-45",,2,0,,,,
"09-98-78-45",,3,0,,,,
"10-00-56-46",,1,0,,,,
"10-00-56-46",,2,0,,,,
"10-00-56-46",,3,0,,,,
"10-15-01-02",,1,0,,,,
"10-15-01-02",,2,0,,,,
"10-15-01-02",,3,0,,,,
"10-61-60-35",,1,0,,,,
"10-61-60-35",,2,0,,,,
"10-61-60-35",,3,0,,,,
"11-26-46-52",,1,0,,,,
"11-26-46-52",,2,0,,,,
"11-26-46-52",,3,0,,,,
"11-28-44-98",,1,0,,,,
"11-28-44-98",,2,0,,,,
"11-28-44-98",,3,0,,,,
"11-62-61-27",,1,0,,,,
"11-62-61-27",,2,0,,,,
"11-62-61-27",,3,0,,,,
"12-34-68-20",,1,0,,,,
"12-34-68-20",,2,0,,,,
"12-34-68-20",,3,0,,,,
"12-43-07-80",,1,0,,,,
"12-43-07-80",,2,0,,,,
"12-43-07-80",,3,0,,,,
"12-87-61-13",,1,0,,,,
"12-87-61-13",,2,0,,,,
"12-87-61-13",,3,0,,,,
"12-90-48-34",,1,0,,,,
"12-90-48-34",,2,0,,,,
"12-90-48-34",,3,0,,,,
"13-10-41-09",,1,0,,,,
"13-10-41-09",,2,0,,,,
"13-10-41-09",,3,0,,,,
"13-42-52-99",,1,0,,,,
"13-42-52-99",,2,0,,,,
"13-42-52-99",,3,0,,,,
"13-43-11-98",,1,0,,,,
"13-43-11-98",,2,0,,,,
"13-43-11-98",,3,0,,,,
"13-75-01-91",,1,0,,,,
"13-75-01-91",,2,0,,,,
"13-75-01-91",,3,0,,,,
"13-86-41-70",,1,0,,,,
"13-86-41-70",,2,0,,,,
"13-86-41-70",,3,0,,,,
"13-90-90-46",,1,0,,,,
"13-90-90-46",,2,0,,,,
"13-90-90-46",,3,0,,,,
"13-91-33-31",,1,0,,,,
"13-91-33-31",,2,0,,,,
"13-91-33-31",,3,0,,,,
"14-25-36-11",,1,0,,,,
"14-25-36-11",,2,0,,,,
"14-25-36-11",,3,0,,,,
"14-78-98-65",,1,0,,,,
"14-78-98-65",,2,0,,,,
"14-78-98-65",,3,0,,,,
"14-88-21-28",,1,0,,,,
"14-88-21-28",,2,0,,,,
"14-88-21-28",,3,0,,,,
"15-14-18-98",,1,0,,,,
"15-14-18-98",,2,0,,,,
"15-14-18-98",,3,0,,,,
"15-18-34-06",,1,0,,,,
"15-18-34-06",,2,0,,,,
"15-18-34-06",,3,0,,,,
"15-18-39-59",,1,0,,,,
"15-18-39-59",,2,0,,,,
"15-18-39-59",,3,0,,,,
"15-37-10-99",,1,0,,,,
"15-37-10-99",,2,0,,,,
"15-37-10-99",,3,0,,,,
"15-38-21-02",,1,0,,,,
"15-38-21-02",,2,0,,,,
"15-38-21-02",,3,0,,,,
"15-43-13-32",,1,0,,,,
"15-43-13-32",,2,0,,,,
"15-43-13-32",,3,0,,,,
"15-72-61-48",,1,0,,,,
"15-72-61-48",,2,0,,,,
"15-72-61-48",,3,0,,,,
"15-76-36-37",,1,0,,,,
"15-76-36-37",,2,0,,,,
"15-76-36-37",,3,0,,,,
"15-95-84-19",,1,0,,,,
"15-95-84-19",,2,0,,,,
"15-95-84-19",,3,0,,,,
"16-03-65-14",,1,0,,,,
"16-03-65-14",,2,0,,,,
"16-03-65-14",,3,0,,,,
"16-08-16-73",,1,0,,,,
"16-08-16-73",,2,0,,,,
"16-08-16-73",,3,0,,,,
"16-19-85-85",,1,0,,,,
"16-19-85-85",,2,0,,,,
"16-19-85-85",,3,0,,,,
"16-49-36-99",,1,0,,,,
"16-49-36-99",,2,0,,,,
"16-49-36-99",,3,0,,,,
"16-88-05-29",,1,0,,,,
"16-88-05-29",,2,0,,,,
"16-88-05-29",,3,0,,,,
"17-36-03-69",,1,0,,,,
"17-36-03-69",,2,0,,,,
"17-36-03-69",,3,0,,,,
"17-40-86-49",,1,0,,,,
"17-40-86-49",,2,0,,,,
"17-40-86-49",,3,0,,,,
"17-79-17-09",,1,0,,,,
"17-79-17-09",,2,0,,,,
"17-79-17-09",,3,0,,,,
"17-89-27-01",,1,0,,,,
"17-89-27-01",,2,0,,,,
"17-89-27-01",,3,0,,,,
"18-08-37-11",,1,0,,,,
"18-08-37-11",,2,0,,,,
"18-08-37-11",,3,0,,,,
"18-17-35-50",,1,0,,,,
"18-17-35-50",,2,0,,,,
"18-17-35-50",,3,0,,,,
"18-25-05-22",,1,0,,,,
"18-25-05-22",,2,0,,,,
"18-25-05-22",,3,0,,,,
"18-31-12-38",,1,0,,,,
"18-31-12-38",,2,0,,,,
"18-31-12-38",,3,0,,,,
"18-57-85-56",,1,0,,,,
"18-57-85-56",,2,0,,,,
"18-57-85-56",,3,0,,,,
"18-69-36-93",,1,0,,,,
"18-69-36-93",,2,0,,,,
"18-69-36-93",,3,0,,,,
"19-25-14-50",,1,0,,,,
"19-25-14-50",,2,0,,,,
"19-25-14-50",,3,0,,,,
"19-32-48-58",,1,0,,,,
"19-32-48-58",,2,0,,,,
"19-32-48-58",,3,0,,,,
"19-41-11-33",,1,0,,,,
"19-41-11-33",,2,0,,,,
"19-41-11-33",,3,0,,,,
"19-62-24-10",,1,0,,,,
"19-62-24-10",,2,0,,,,
"19-62-24-10",,3,0,,,,
"19-86-35-77",,1,0,,,,
"19-86-35-77",,2,0,,,,
"19-86-35-77",,3,0,,,,
"20-14-91-34",,1,0,,,,
"20-14-91-34",,2,0,,,,
"20-14-91-34",,3,0,,,,
"20-70-41-87",,1,0,,,,
"20-70-41-87",,2,0,,,,
"20-70-41-87",,3,0,,,,
"20-70-55-59",,1,0,,,,
"20-70-55-59",,2,0,,,,
"20-70-55-59",,3,0,,,,
"20-81-51-95",,1,0,,,,
"20-81-51-95",,2,0,,,,
"20-81-51-95",,3,0,,,,
"20-99-51-49",,1,0,,,,
"20-99-51-49",,2,0,,,,
"20-99-51-49",,3,0,,,,
"21-01-77-43",,1,0,,,,
"21-01-77-43",,2,0,,,,
"21-01-77-43",,3,0,,,,
"21-06-86-31",,1,0,,,,
"21-06-86-31",,2,0,,,,
"21-06-86-31",,3,0,,,,
"21-22-59-73",,1,0,,,,
"21-22-59-73",,2,0,,,,
"21-22-59-73",,3,0,,,,
"21-58-46-84",,1,0,,,,
"21-58-46-84",,2,0,,,,
"21-58-46-84","e167edae1264402caad7fd6007f8ebce",3,1,,,3,750000
"21-75-41-89",,1,0,,,,
"21-75-41-89",,2,0,,,,
"21-75-41-89","b4688b9b5df1411fb72588d659f08550",3,1,,,10,
"21-77-87-53",,1,0,,,,
"21-77-87-53",,2,0,,,,
"21-77-87-53",,3,0,,,,
"22-15-51-55",,1,0,,,,
"22-15-51-55",,2,0,,,,
"22-15-51-55",,3,0,,,,
"22-31-06-49",,1,0,,,,
"22-31-06-49",,2,0,,,,
"22-31-06-49",,3,0,,,,
"23-06-49-35",,1,0,,,,
"23-06-49-35",,2,0,,,,
"23-06-49-35",,3,0,,,,
"23-20-71-88",,1,,,,,
"23-20-71-88",,2,,,,,
"23-20-71-88",,3,,,,,
"23-25-29-43",,1,0,,,,
"23-25-29-43",,2,0,,,,
"23-25-29-43",,3,0,,,,
"23-37-02-38",,1,0,,,,
"23-37-02-38",,2,0,,,,
"23-37-02-38",,3,0,,,,
"23-45-19-58",,1,0,,,,
"23-45-19-58",,2,0,,,,
"23-45-19-58",,3,0,,,,
"23-48-88-31",,1,0,,,,
"23-48-88-31",,2,0,,,,
"23-48-88-31",,3,0,,,,
"23-59-46-86",,1,0,,,,
"23-59-46-86",,2,0,,,,
"23-59-46-86",,3,0,,,,
"23-96-87-25",,1,,,,,
"23-96-87-25",,2,,,,,
"23-96-87-25",,3,,,,,
"24-61-44-03",,1,0,,,,
"24-61-44-03",,2,0,,,,
"24-61-44-03",,3,0,,,,
"24-89-09-94",,1,0,,,,
"24-89-09-94",,2,0,,,,
"24-89-09-94","e7dfecff6ffe4286aa2195d8bcb3486d",3,1,,,0,0
"25-17-54-76",,1,0,,,,
"25-17-54-76",,2,0,,,,
"25-17-54-76",,3,0,,,,
"25-18-70-60",,1,0,,,,
"25-18-70-60","c2b5fc68a90d40849ab1387e4f8d82df",2,1,,,,
"25-18-70-60",,3,0,,,,
"25-29-15-47",,1,0,,,,
"25-29-15-47",,2,0,,,,
"25-29-15-47",,3,0,,,,
"25-31-09-10",,1,0,,,,
"25-31-09-10",,2,0,,,,
"25-31-09-10",,3,0,,,,
"25-48-61-60",,1,0,,,,
"25-48-61-60",,2,0,,,,
"25-48-61-60",,3,0,,,,
"25-61-70-00",,1,0,,,,
"25-61-70-00",,2,0,,,,
"25-61-70-00",,3,0,,,,
"25-66-18-83",,1,0,,,,
"25-66-18-83",,2,0,,,,
"25-66-18-83",,3,0,,,,
"25-76-69-65",,1,0,,,,
"25-76-69-65",,2,0,,,,
"25-76-69-65",,3,0,,,,
"25-83-12-16",,1,0,,,,
"25-83-12-16",,2,0,,,,
"25-83-12-16",,3,0,,,,
"26-24-28-41",,1,0,,,,
"26-24-28-41",,2,0,,,,
"26-24-28-41",,3,0,,,,
"26-26-10-66",,1,0,,,,
"26-26-10-66",,2,0,,,,
"26-26-10-66",,3,0,,,,
"26-26-74-78",,1,0,,,,
"26-26-74-78",,2,0,,,,
"26-26-74-78",,3,0,,,,
"26-45-77-73",,1,0,,,,
"26-45-77-73",,2,0,,,,
"26-45-77-73",,3,0,,,,
"26-49-97-56",,1,0,,,,
"26-49-97-56",,2,0,,,,
"26-49-97-56",,3,0,,,,
"26-70-20-65",,1,0,,,,
"26-70-20-65",,2,0,,,,
"26-70-20-65",,3,0,,,,
"27-01-55-62",,1,0,,,,
"27-01-55-62",,2,0,,,,
"27-01-55-62",,3,0,,,,
"27-07-13-10",,1,0,,,,
"27-07-13-10",,2,0,,,,
"27-07-13-10",,3,0,,,,
"27-07-69-25",,1,0,,,,
"27-07-69-25",,2,0,,,,
"27-07-69-25",,3,0,,,,
"27-12-97-63",,1,0,,,,
"27-12-97-63",,2,0,,,,
"27-12-97-63",,3,0,,,,
"27-21-42-62",,1,0,,,,
"27-21-42-62",,2,0,,,,
"27-21-42-62",,3,0,,,,
"27-68-78-78",,1,0,,,,
"27-68-78-78",,2,0,,,,
"27-68-78-78",,3,0,,,,
"27-75-52-18",,1,0,,,,
"27-75-52-18",,2,0,,,,
"27-75-52-18",,3,0,,,,
"27-81-45-32",,1,0,,,,
"27-81-45-32",,2,0,,,,
"27-81-45-32",,3,0,,,,
"28-01-45-62",,1,0,,,,
"28-01-45-62",,2,0,,,,
"28-01-45-62",,3,0,,,,
"28-02-63-88",,1,0,,,,
"28-02-63-88",,2,0,,,,
"28-02-63-88",,3,0,,,,
"28-25-64-39",,1,0,,,,
"28-25-64-39",,2,0,,,,
"28-25-64-39",,3,0,,,,
"28-34-63-03",,1,0,,,,
"28-34-63-03",,2,0,,,,
"28-34-63-03",,3,0,,,,
"29-04-41-56",,1,0,,,,
"29-04-41-56",,2,0,,,,
"29-04-41-56",,3,0,,,,
"29-13-94-87","1857815e7ccc4c3c80183ee70f1a522c",1,1,99,2007,0,0
"29-13-94-87",,2,0,,,,
"29-13-94-87",,3,0,,,,
"29-30-93-92",,1,0,,,,
"29-30-93-92",,2,0,,,,
"29-30-93-92",,3,0,,,,
"29-40-51-88",,1,0,,,,
"29-40-51-88",,2,0,,,,
"29-40-51-88",,3,0,,,,
"29-41-98-71",,1,0,,,,
"29-41-98-71",,2,0,,,,
"29-41-98-71",,3,0,,,,
"29-76-24-49",,1,0,,,,
"29-76-24-49",,2,0,,,,
"29-76-24-49",,3,0,,,,
"29-90-32-99",,1,0,,,,
"29-90-32-99",,2,0,,,,
"29-90-32-99",,3,0,,,,
"30-32-58-80",,1,0,,,,
"30-32-58-80",,2,0,,,,
"30-32-58-80",,3,0,,,,
"31-02-15-72",,1,0,,,,
"31-02-15-72",,2,0,,,,
"31-02-15-72",,3,0,,,,
"31-38-01-30",,1,0,,,,
"31-38-01-30",,2,0,,,,
"31-38-01-30",,3,0,,,,
"31-39-34-32","1098202b04f14babb73327314f5983ab",1,1,,,0,0
"31-39-34-32",,2,0,,,,
"31-39-34-32",,3,0,,,,
"31-58-49-44",,1,0,,,,
"31-58-49-44",,2,0,,,,
"31-58-49-44",,3,0,,,,
"31-71-96-41",,1,0,,,,
"31-71-96-41",,2,0,,,,
"31-71-96-41",,3,0,,,,
"32-23-82-81",,1,0,,,,
"32-23-82-81",,2,0,,,,
"32-23-82-81",,3,0,,,,
"32-24-12-67",,1,0,,,,
"32-24-12-67",,2,0,,,,
"32-24-12-67",,3,0,,,,
"32-36-85-03",,1,0,,,,
"32-36-85-03",,2,0,,,,
"32-36-85-03",,3,0,,,,
"32-60-26-67",,1,,,,,
"32-60-26-67",,2,,,,,
"32-60-26-67",,3,,,,,
"32-66-27-87",,1,0,,,,
"32-66-27-87",,2,0,,,,
"32-66-27-87",,3,0,,,,
"32-78-57-97",,1,0,,,,
"32-78-57-97",,2,0,,,,
"32-78-57-97",,3,0,,,,
"33-09-36-22",,1,0,,,,
"33-09-36-22",,2,0,,,,
"33-09-36-22",,3,0,,,,
"33-28-65-96",,1,0,,,,
"33-28-65-96",,2,0,,,,
"33-28-65-96",,3,0,,,,
"33-31-71-25",,1,0,,,,
"33-31-71-25",,2,0,,,,
"33-31-71-25",,3,0,,,,
"33-50-28-47",,1,0,,,,
"33-50-28-47",,2,0,,,,
"33-50-28-47",,3,0,,,,
"33-68-65-40",,1,0,,,,
"33-68-65-40",,2,0,,,,
"33-68-65-40",,3,0,,,,
"33-69-81-55",,1,0,,,,
"33-69-81-55",,2,0,,,,
"33-69-81-55",,3,0,,,,
"33-77-33-77",,1,0,,,,
"33-77-33-77",,2,0,,,,
"33-77-33-77",,3,0,,,,
"33-93-86-11",,1,0,,,,
"33-93-86-11",,2,0,,,,
"33-93-86-11",,3,0,,,,
"34-15-64-27",,1,0,,,,
"34-15-64-27",,2,0,,,,
"34-15-64-27",,3,0,,,,
"34-16-82-94",,1,0,,,,
"34-16-82-94",,2,0,,,,
"34-16-82-94",,3,0,,,,
"34-64-64-19",,1,0,,,,
"34-64-64-19",,2,0,,,,
"34-64-64-19",,3,0,,,,
"34-76-48-19",,1,0,,,,
"34-76-48-19",,2,0,,,,
"34-76-48-19",,3,0,,,,
"34-80-29-34",,1,0,,,,
"34-80-29-34",,2,0,,,,
"34-80-29-34",,3,0,,,,
"35-69-84-11",,1,0,,,,
"35-69-84-11",,2,0,,,,
"35-69-84-11",,3,0,,,,
"36-72-54-66",,1,0,,,,
"36-72-54-66",,2,0,,,,
"36-72-54-66",,3,0,,,,
"36-78-86-78",,1,0,,,,
"36-78-86-78",,2,0,,,,
"36-78-86-78",,3,0,,,,
"36-81-06-00",,1,0,,,,
"36-81-06-00",,2,0,,,,
"36-81-06-00",,3,0,,,,
"36-91-68-94",,1,0,,,,
"36-91-68-94",,2,0,,,,
"36-91-68-94",,3,0,,,,
"36-98-89-49",,1,0,,,,
"36-98-89-49",,2,0,,,,
"36-98-89-49",,3,0,,,,
"37-27-71-31",,1,0,,,,
"37-27-71-31",,2,0,,,,
"37-27-71-31",,3,0,,,,
"37-37-76-26",,1,0,,,,
"37-37-76-26",,2,0,,,,
"37-37-76-26",,3,0,,,,
"37-75-00-81",,1,0,,,,
"37-75-00-81",,2,0,,,,
"37-75-00-81",,3,0,,,,
"37-96-00-16",,1,0,,,,
"37-96-00-16","e95cc212f78342788a95b2a64485d521",2,1,,,50,0
"37-96-00-16",,3,0,,,,
"38-26-54-21",,1,0,,,,
"38-26-54-21",,2,0,,,,
"38-26-54-21",,3,0,,,,
"38-37-35-74",,1,0,,,,
"38-37-35-74",,2,0,,,,
"38-37-35-74",,3,0,,,,
"38-69-00-13",,1,0,,,,
"38-69-00-13",,2,0,,,,
"38-69-00-13",,3,0,,,,
"38-70-89-36",,1,0,,,,
"38-70-89-36",,2,0,,,,
"38-70-89-36",,3,0,,,,
"38-78-05-37",,1,0,,,,
"38-78-05-37",,2,0,,,,
"38-78-05-37",,3,0,,,,
"38-87-40-88",,1,0,,,,
"38-87-40-88",,2,0,,,,
"38-87-40-88",,3,0,,,,
"39-13-14-77","fcd2bd96e91b45698d7973b3821889ca",1,1,,,0,0
"39-13-14-77",,2,0,,,,
"39-13-14-77",,3,0,,,,
"39-17-14-72",,1,0,,,,
"39-17-14-72",,2,0,,,,
"39-17-14-72",,3,0,,,,
"39-26-59-48",,1,0,,,,
"39-26-59-48",,2,0,,,,
"39-26-59-48",,3,0,,,,
"39-27-42-33",,1,0,,,,
"39-27-42-33",,2,0,,,,
"39-27-42-33",,3,0,,,,
"39-89-72-02",,1,0,,,,
"39-89-72-02",,2,0,,,,
"39-89-72-02",,3,0,,,,
"40-32-55-76",,1,0,,,,
"40-32-55-76",,2,0,,,,
"40-32-55-76",,3,0,,,,
"40-34-18-65",,1,0,,,,
"40-34-18-65",,2,0,,,,
"40-34-18-65",,3,0,,,,
"40-75-08-64",,1,0,,,,
"40-75-08-64",,2,0,,,,
"40-75-08-64",,3,0,,,,
"40-86-20-47",,1,,,,,
"40-86-20-47",,2,,,,,
"40-86-20-47",,3,,,,,
"41-07-41-06",,1,0,,,,
"41-07-41-06",,2,0,,,,
"41-07-41-06",,3,0,,,,
"41-21-75-34",,1,0,,,,
"41-21-75-34",,2,0,,,,
"41-21-75-34",,3,0,,,,
"41-23-85-75",,1,0,,,,
"41-23-85-75",,2,0,,,,
"41-23-85-75",,3,0,,,,
"41-50-91-05",,1,0,,,,
"41-50-91-05",,2,0,,,,
"41-50-91-05",,3,0,,,,
"41-59-36-73",,1,0,,,,
"41-59-36-73",,2,0,,,,
"41-59-36-73",,3,0,,,,
"41-73-91-91",,1,0,,,,
"41-73-91-91",,2,0,,,,
"41-73-91-91",,3,0,,,,
"41-91-51-72",,1,0,,,,
"41-91-51-72",,2,0,,,,
"41-91-51-72",,3,0,,,,
"41-96-69-59",,1,0,,,,
"41-96-69-59",,2,0,,,,
"41-96-69-59",,3,0,,,,
"42-06-63-62",,1,0,,,,
"42-06-63-62",,2,0,,,,
"42-06-63-62",,3,0,,,,
"42-50-49-96",,1,0,,,,
"42-50-49-96",,2,0,,,,
"42-50-49-96",,3,0,,,,
"42-50-81-42",,1,0,,,,
"42-50-81-42",,2,0,,,,
"42-50-81-42",,3,0,,,,
"42-84-08-46",,1,0,,,,
"42-84-08-46",,2,0,,,,
"42-84-08-46",,3,0,,,,
"42-90-14-91",,1,0,,,,
"42-90-14-91",,2,0,,,,
"42-90-14-91",,3,0,,,,
"42-94-68-65",,1,0,,,,
"42-94-68-65",,2,0,,,,
"42-94-68-65",,3,0,,,,
"42-96-10-47",,1,0,,,,
"42-96-10-47",,2,0,,,,
"42-96-10-47",,3,0,,,,
"43-13-50-12",,1,0,,,,
"43-13-50-12",,2,0,,,,
"43-13-50-12",,3,0,,,,
"43-18-08-76",,1,0,,,,
"43-18-08-76",,2,0,,,,
"43-18-08-76",,3,0,,,,
"43-26-90-09","2b9f26641bce46f9bc9c1c07fc7c6595",1,1,,,0,0
"43-26-90-09","2b9f26641bce46f9bc9c1c07fc7c6595",2,1,,,0,0
"43-26-90-09","2b9f26641bce46f9bc9c1c07fc7c6595",3,1,,,3,0
"43-51-92-35",,1,0,,,,
"43-51-92-35",,2,0,,,,
"43-51-92-35",,3,0,,,,
"44-04-67-22",,1,0,,,,
"44-04-67-22",,2,0,,,,
"44-04-67-22",,3,0,,,,
"44-09-88-30",,1,0,,,,
"44-09-88-30",,2,0,,,,
"44-09-88-30",,3,0,,,,
"44-15-06-31",,1,0,,,,
"44-15-06-31",,2,0,,,,
"44-15-06-31",,3,0,,,,
"44-19-72-77",,1,0,,,,
"44-19-72-77",,2,0,,,,
"44-19-72-77",,3,0,,,,
"44-33-82-64",,1,0,,,,
"44-33-82-64",,2,0,,,,
"44-33-82-64",,3,0,,,,
"45-09-73-29",,1,0,,,,
"45-09-73-29",,2,0,,,,
"45-09-73-29",,3,0,,,,
"45-27-93-47",,1,0,,,,
"45-27-93-47",,2,0,,,,
"45-27-93-47",,3,0,,,,
"45-38-70-12",,1,0,,,,
"45-38-70-12",,2,0,,,,
"45-38-70-12",,3,0,,,,
"45-38-95-83",,1,0,,,,
"45-38-95-83",,2,0,,,,
"45-38-95-83",,3,0,,,,
"45-95-41-62",,1,0,,,,
"45-95-41-62",,2,0,,,,
"45-95-41-62",,3,0,,,,
"45-99-53-45",,1,0,,,,
"45-99-53-45",,2,0,,,,
"45-99-53-45",,3,0,,,,
"46-07-65-01",,1,0,,,,
"46-07-65-01",,2,0,,,,
"46-07-65-01",,3,0,,,,
"46-09-15-00",,1,0,,,,
"46-09-15-00",,2,0,,,,
"46-09-15-00",,3,0,,,,
"46-18-31-36",,1,0,,,,
"46-18-31-36",,2,0,,,,
"46-18-31-36",,3,0,,,,
"46-33-31-20",,1,0,,,,
"46-33-31-20",,2,0,,,,
"46-33-31-20",,3,0,,,,
"46-33-98-51",,1,0,,,,
"46-33-98-51",,2,0,,,,
"46-33-98-51",,3,0,,,,
"46-49-76-04",,1,0,,,,
"46-49-76-04",,2,0,,,,
"46-49-76-04",,3,0,,,,
"46-65-58-97",,1,0,,,,
"46-65-58-97",,2,0,,,,
"46-65-58-97",,3,0,,,,
"46-90-51-46",,1,0,,,,
"46-90-51-46",,2,0,,,,
"46-90-51-46",,3,0,,,,
"47-37-57-81",,1,0,,,,
"47-37-57-81",,2,0,,,,
"47-37-57-81",,3,0,,,,
"47-77-49-35",,1,0,,,,
"47-77-49-35",,2,0,,,,
"47-77-49-35",,3,0,,,,
"48-55-19-05",,1,0,,,,
"48-55-19-05",,2,0,,,,
"48-55-19-05",,3,0,,,,
"48-58-41-94",,1,0,,,,
"48-58-41-94",,2,0,,,,
"48-58-41-94",,3,0,,,,
"48-88-74-27",,1,0,,,,
"48-88-74-27",,2,0,,,,
"48-88-74-27",,3,0,,,,
"49-03-92-63",,1,0,,,,
"49-03-92-63",,2,0,,,,
"49-03-92-63",,3,0,,,,
"49-19-04-48",,1,0,,,,
"49-19-04-48",,2,0,,,,
"49-19-04-48","367de8c2b21047c483736e9d470df962",3,1,,,500,31
"49-19-23-22",,1,0,,,,
"49-19-23-22",,2,0,,,,
"49-19-23-22",,3,0,,,,
"49-22-31-97",,1,0,,,,
"49-22-31-97",,2,0,,,,
"49-22-31-97",,3,0,,,,
"49-42-36-30",,1,0,,,,
"49-42-36-30",,2,0,,,,
"49-42-36-30",,3,0,,,,
"49-48-82-73",,1,0,,,,
"49-48-82-73",,2,0,,,,
"49-48-82-73",,3,0,,,,
"49-73-13-47",,1,0,,,,
"49-73-13-47",,2,0,,,,
"49-73-13-47","e9e9f54b90d4480db2d5c5a7292e7d7e",3,1,,,29,20000000
"49-75-61-59",,1,0,,,,
"49-75-61-59",,2,0,,,,
"49-75-61-59",,3,0,,,,
"50-01-79-95",,1,0,,,,
"50-01-79-95",,2,0,,,,
"50-01-79-95",,3,0,,,,
"50-02-42-53",,1,0,,,,
"50-02-42-53",,2,0,,,,
"50-02-42-53",,3,0,,,,
"51-19-61-40",,1,0,,,,
"51-19-61-40",,2,0,,,,
"51-19-61-40",,3,0,,,,
"51-92-61-27",,1,0,,,,
"51-92-61-27",,2,0,,,,
"51-92-61-27",,3,0,,,,
"51-99-24-51",,1,0,,,,
"51-99-24-51",,2,0,,,,
"51-99-24-51",,3,0,,,,
"52-01-16-40",,1,0,,,,
"52-01-16-40",,2,0,,,,
"52-01-16-40",,3,0,,,,
"52-15-61-09",,1,0,,,,
"52-15-61-09",,2,0,,,,
"52-15-61-09",,3,0,,,,
"52-45-58-27",,1,0,,,,
"52-45-58-27",,2,0,,,,
"52-45-58-27",,3,0,,,,
"52-62-72-95",,1,0,,,,
"52-62-72-95",,2,0,,,,
"52-62-72-95",,3,0,,,,
"52-93-64-32",,1,0,,,,
"52-93-64-32",,2,0,,,,
"52-93-64-32",,3,0,,,,
"53-07-49-56",,1,0,,,,
"53-07-49-56",,2,0,,,,
"53-07-49-56",,3,0,,,,
"53-15-69-56",,1,0,,,,
"53-15-69-56",,2,0,,,,
"53-15-69-56",,3,0,,,,
"53-16-29-99",,1,0,,,,
"53-16-29-99",,2,0,,,,
"53-16-29-99",,3,0,,,,
"53-20-64-93",,1,0,,,,
"53-20-64-93",,2,0,,,,
"53-20-64-93","918b7e85940e40ad88f1d82ca73410dc",3,1,,,8,3750000
"53-26-71-37",,1,0,,,,
"53-26-71-37",,2,0,,,,
"53-26-71-37",,3,0,,,,
"53-51-12-15",,1,0,,,,
"53-51-12-15",,2,0,,,,
"53-51-12-15",,3,0,,,,
"53-69-50-52",,1,0,,,,
"53-69-50-52",,2,0,,,,
"53-69-50-52",,3,0,,,,
"54-28-20-71",,1,0,,,,
"54-28-20-71",,2,0,,,,
"54-28-20-71","ca9e1929e6174446bae6647c91b28d29",3,1,,,0,0
"54-36-46-92",,1,0,,,,
"54-36-46-92",,2,0,,,,
"54-36-46-92",,3,0,,,,
"54-45-30-51",,1,0,,,,
"54-45-30-51",,2,0,,,,
"54-45-30-51",,3,0,,,,
"54-56-92-33",,1,0,,,,
"54-56-92-33",,2,0,,,,
"54-56-92-33",,3,0,,,,
"54-57-91-17",,1,0,,,,
"54-57-91-17",,2,0,,,,
"54-57-91-17",,3,0,,,,
"54-74-34-13",,1,0,,,,
"54-74-34-13",,2,0,,,,
"54-74-34-13",,3,0,,,,
"54-87-63-82",,1,0,,,,
"54-87-63-82",,2,0,,,,
"54-87-63-82",,3,0,,,,
"55-10-59-08",,1,0,,,,
"55-10-59-08",,2,0,,,,
"55-10-59-08",,3,0,,,,
"55-49-79-96",,1,0,,,,
"55-49-79-96",,2,0,,,,
"55-49-79-96",,3,0,,,,
"55-52-88-39",,1,0,,,,
"55-52-88-39",,2,0,,,,
"55-52-88-39",,3,0,,,,
"55-64-91-20",,1,0,,,,
"55-64-91-20",,2,0,,,,
"55-64-91-20",,3,0,,,,
"55-81-07-30",,1,0,,,,
"55-81-07-30",,2,0,,,,
"55-81-07-30",,3,0,,,,
"55-82-98-30",,1,0,,,,
"55-82-98-30",,2,0,,,,
"55-82-98-30",,3,0,,,,
"55-96-15-98",,1,0,,,,
"55-96-15-98",,2,0,,,,
"55-96-15-98",,3,0,,,,
"56-06-88-30",,1,0,,,,
"56-06-88-30",,2,0,,,,
"56-06-88-30",,3,0,,,,
"56-41-32-21",,1,0,,,,
"56-41-32-21",,2,0,,,,
"56-41-32-21",,3,0,,,,
"56-47-04-88",,1,0,,,,
"56-47-04-88",,2,0,,,,
"56-47-04-88",,3,0,,,,
"56-48-48-64",,1,0,,,,
"56-48-48-64",,2,0,,,,
"56-48-48-64",,3,0,,,,
"56-81-75-32",,1,0,,,,
"56-81-75-32",,2,0,,,,
"56-81-75-32",,3,0,,,,
"56-89-21-48",,1,0,,,,
"56-89-21-48",,2,0,,,,
"56-89-21-48",,3,0,,,,
"56-98-97-09",,1,0,,,,
"56-98-97-09",,2,0,,,,
"56-98-97-09","840d80d072714235a6013a397e1a2115",3,1,,,0,0
"57-17-70-66",,1,0,,,,
"57-17-70-66",,2,0,,,,
"57-17-70-66",,3,0,,,,
"57-18-27-73",,1,0,,,,
"57-18-27-73",,2,0,,,,
"57-18-27-73",,3,0,,,,
"57-18-56-44",,1,0,,,,
"57-18-56-44",,2,0,,,,
"57-18-56-44",,3,0,,,,
"57-42-63-42",,1,0,,,,
"57-42-63-42",,2,0,,,,
"57-42-63-42",,3,0,,,,
"57-57-47-64",,1,0,,,,
"57-57-47-64",,2,0,,,,
"57-57-47-64",,3,0,,,,
"57-64-79-66",,1,0,,,,
"57-64-79-66",,2,0,,,,
"57-64-79-66",,3,0,,,,
"58-00-91-11",,1,0,,,,
"58-00-91-11",,2,0,,,,
"58-00-91-11",,3,0,,,,
"58-26-44-48",,1,0,,,,
"58-26-44-48",,2,0,,,,
"58-26-44-48",,3,0,,,,
"58-39-06-09",,1,0,,,,
"58-39-06-09",,2,0,,,,
"58-39-06-09",,3,0,,,,
"58-80-03-38",,1,0,,,,
"58-80-03-38",,2,0,,,,
"58-80-03-38",,3,0,,,,
"59-08-38-46",,1,0,,,,
"59-08-38-46",,2,0,,,,
"59-08-38-46",,3,0,,,,
"59-13-03-49",,1,0,,,,
"59-13-03-49",,2,0,,,,
"59-13-03-49",,3,0,,,,
"59-26-85-37",,1,0,,,,
"59-26-85-37",,2,0,,,,
"59-26-85-37",,3,0,,,,
"59-80-69-00",,1,0,,,,
"59-80-69-00",,2,0,,,,
"59-80-69-00",,3,0,,,,
"59-99-46-02",,1,0,,,,
"59-99-46-02",,2,0,,,,
"59-99-46-02",,3,0,,,,
"60-08-15-27",,1,0,,,,
"60-08-15-27",,2,0,,,,
"60-08-15-27",,3,0,,,,
"60-22-91-24",,1,0,,,,
"60-22-91-24",,2,0,,,,
"60-22-91-24",,3,0,,,,
"60-33-56-84",,1,0,,,,
"60-33-56-84",,2,0,,,,
"60-33-56-84",,3,0,,,,
"60-38-63-60",,1,0,,,,
"60-38-63-60",,2,0,,,,
"60-38-63-60",,3,0,,,,
"60-82-23-67",,1,0,,,,
"60-82-23-67",,2,0,,,,
"60-82-23-67",,3,0,,,,
"61-67-58-19",,1,0,,,,
"61-67-58-19",,2,0,,,,
"61-67-58-19",,3,0,,,,
"61-94-13-01",,1,0,,,,
"61-94-13-01",,2,0,,,,
"61-94-13-01",,3,0,,,,
"61-95-67-05",,1,0,,,,
"61-95-67-05",,2,0,,,,
"61-95-67-05",,3,0,,,,
"62-74-07-27",,1,,,,,
"62-74-07-27",,2,0,,,,
"62-74-07-27",,3,0,,,,
"63-70-86-47",,1,0,,,,
"63-70-86-47",,2,0,,,,
"63-70-86-47",,3,0,,,,
"63-90-91-25",,1,0,,,,
"63-90-91-25",,2,0,,,,
"63-90-91-25",,3,0,,,,
"64-07-32-05",,1,0,,,,
"64-07-32-05",,2,0,,,,
"64-07-32-05",,3,0,,,,
"64-59-58-64",,1,0,,,,
"64-59-58-64",,2,0,,,,
"64-59-58-64",,3,0,,,,
"64-65-01-44",,1,0,,,,
"64-65-01-44",,2,0,,,,
"64-65-01-44",,3,0,,,,
"64-73-64-28",,1,0,,,,
"64-73-64-28",,2,0,,,,
"64-73-64-28",,3,0,,,,
"64-74-56-94",,1,0,,,,
"64-74-56-94",,2,0,,,,
"64-74-56-94",,3,0,,,,
"64-90-86-83",,1,0,,,,
"64-90-86-83",,2,0,,,,
"64-90-86-83",,3,0,,,,
"65-13-11-41",,1,0,,,,
"65-13-11-41",,2,0,,,,
"65-13-11-41",,3,0,,,,
"65-81-67-44",,1,0,,,,
"65-81-67-44",,2,0,,,,
"65-81-67-44",,3,0,,,,
"66-60-19-68",,1,0,,,,
"66-60-19-68",,2,0,,,,
"66-60-19-68",,3,0,,,,
"66-87-67-48",,1,0,,,,
"66-87-67-48",,2,0,,,,
"66-87-67-48",,3,0,,,,
"67-18-71-96",,1,0,,,,
"67-18-71-96",,2,0,,,,
"67-18-71-96",,3,0,,,,
"67-43-52-36",,1,0,,,,
"67-43-52-36",,2,0,,,,
"67-43-52-36",,3,0,,,,
"67-53-49-12",,1,0,,,,
"67-53-49-12",,2,0,,,,
"67-53-49-12",,3,0,,,,
"67-53-62-24",,1,0,,,,
"67-53-62-24",,2,0,,,,
"67-53-62-24",,3,0,,,,
"67-88-35-02",,1,0,,,,
"67-88-35-02",,2,0,,,,
"67-88-35-02",,3,0,,,,
"67-97-74-04",,1,0,,,,
"67-97-74-04",,2,0,,,,
"67-97-74-04",,3,0,,,,
"68-27-78-23",,1,0,,,,
"68-27-78-23",,2,0,,,,
"68-27-78-23",,3,0,,,,
"68-28-46-82",,1,0,,,,
"68-28-46-82",,2,0,,,,
"68-28-46-82",,3,0,,,,
"68-31-19-50",,1,0,,,,
"68-31-19-50",,2,0,,,,
"68-31-19-50",,3,0,,,,
"68-41-25-91",,1,0,,,,
"68-41-25-91",,2,0,,,,
"68-41-25-91",,3,0,,,,
"68-44-83-99",,1,0,,,,
"68-44-83-99",,2,0,,,,
"68-44-83-99",,3,0,,,,
"68-53-75-05",,1,0,,,,
"68-53-75-05",,2,0,,,,
"68-53-75-05",,3,0,,,,
"68-65-93-02",,1,0,,,,
"68-65-93-02",,2,0,,,,
"68-65-93-02",,3,0,,,,
"68-73-55-08",,1,0,,,,
"68-73-55-08",,2,0,,,,
"68-73-55-08",,3,0,,,,
"69-21-22-84",,1,0,,,,
"69-21-22-84",,2,0,,,,
"69-21-22-84",,3,0,,,,
"69-31-53-12",,1,0,,,,
"69-31-53-12",,2,0,,,,
"69-31-53-12",,3,0,,,,
"69-43-45-37",,1,0,,,,
"69-43-45-37",,2,0,,,,
"69-43-45-37",,3,0,,,,
"69-50-05-57",,1,0,,,,
"69-50-05-57",,2,0,,,,
"69-50-05-57",,3,0,,,,
"69-86-63-02",,1,0,,,,
"69-86-63-02",,2,0,,,,
"69-86-63-02",,3,0,,,,
"69-86-71-39",,1,0,,,,
"69-86-71-39",,2,0,,,,
"69-86-71-39",,3,0,,,,
"70-46-01-49",,1,0,,,,
"70-46-01-49",,2,0,,,,
"70-46-01-49",,3,0,,,,
"70-54-85-53",,1,0,,,,
"70-54-85-53","d73678610d1c4314b3630a78716e6605",2,1,,,,
"70-54-85-53",,3,0,,,,
"70-77-10-40",,1,0,,,,
"70-77-10-40",,2,0,,,,
"70-77-10-40",,3,0,,,,
"70-88-77-37",,1,0,,,,
"70-88-77-37",,2,0,,,,
"70-88-77-37",,3,0,,,,
"70-88-93-42",,1,0,,,,
"70-88-93-42",,2,0,,,,
"70-88-93-42",,3,0,,,,
"71-14-74-57",,1,0,,,,
"71-14-74-57",,2,0,,,,
"71-14-74-57",,3,0,,,,
"71-44-36-11",,1,0,,,,
"71-44-36-11",,2,0,,,,
"71-44-36-11",,3,0,,,,
"71-46-61-43",,1,0,,,,
"71-46-61-43",,2,0,,,,
"71-46-61-43",,3,0,,,,
"71-49-76-64",,1,0,,,,
"71-49-76-64",,2,0,,,,
"71-49-76-64",,3,0,,,,
"71-55-62-56",,1,0,,,,
"71-55-62-56",,2,0,,,,
"71-55-62-56",,3,0,,,,
"71-62-74-52",,1,0,,,,
"71-62-74-52",,2,0,,,,
"71-62-74-52",,3,0,,,,
"71-69-84-38",,1,0,,,,
"71-69-84-38",,2,0,,,,
"71-69-84-38",,3,0,,,,
"72-09-40-52",,1,0,,,,
"72-09-40-52",,2,0,,,,
"72-09-40-52",,3,0,,,,
"72-21-11-65",,1,0,,,,
"72-21-11-65",,2,0,,,,
"72-21-11-65",,3,0,,,,
"72-83-64-12",,1,0,,,,
"72-83-64-12",,2,0,,,,
"72-83-64-12",,3,0,,,,
"73-11-12-85",,1,0,,,,
"73-11-12-85",,2,0,,,,
"73-11-12-85",,3,0,,,,
"73-17-49-24",,1,0,,,,
"73-17-49-24",,2,0,,,,
"73-17-49-24",,3,0,,,,
"73-18-91-78",,1,0,,,,
"73-18-91-78",,2,0,,,,
"73-18-91-78",,3,0,,,,
"73-35-38-38",,1,0,,,,
"73-35-38-38",,2,0,,,,
"73-35-38-38",,3,0,,,,
"73-49-58-61",,1,0,,,,
"73-49-58-61",,2,0,,,,
"73-49-58-61",,3,0,,,,
"73-84-08-59",,1,0,,,,
"73-84-08-59",,2,0,,,,
"73-84-08-59",,3,0,,,,
"74-08-21-61",,1,0,,,,
"74-08-21-61",,2,0,,,,
"74-08-21-61",,3,0,,,,
"74-63-46-98",,1,0,,,,
"74-63-46-98",,2,0,,,,
"74-63-46-98",,3,0,,,,
"75-04-18-43",,1,0,,,,
"75-04-18-43",,2,0,,,,
"75-04-18-43",,3,0,,,,
"75-48-08-27",,1,0,,,,
"75-48-08-27",,2,0,,,,
"75-48-08-27",,3,0,,,,
"75-50-63-56",,1,0,,,,
"75-50-63-56",,2,0,,,,
"75-50-63-56",,3,0,,,,
"75-62-04-49",,1,0,,,,
"75-62-04-49",,2,0,,,,
"75-62-04-49",,3,0,,,,
"75-70-17-13",,1,0,,,,
"75-70-17-13",,2,0,,,,
"75-70-17-13",,3,0,,,,
"75-74-23-94",,1,0,,,,
"75-74-23-94",,2,0,,,,
"75-74-23-94",,3,0,,,,
"75-92-25-12",,1,0,,,,
"75-92-25-12",,2,0,,,,
"75-92-25-12",,3,0,,,,
"76-08-59-31",,1,0,,,,
"76-08-59-31",,2,0,,,,
"76-08-59-31",,3,0,,,,
"76-71-24-28",,1,0,,,,
"76-71-24-28",,2,0,,,,
"76-71-24-28",,3,0,,,,
"76-93-90-55",,1,0,,,,
"76-93-90-55",,2,0,,,,
"76-93-90-55",,3,0,,,,
"77-22-18-51",,1,0,,,,
"77-22-18-51",,2,0,,,,
"77-22-18-51",,3,0,,,,
"77-42-97-77",,1,0,,,,
"77-42-97-77",,2,0,,,,
"77-42-97-77",,3,0,,,,
"77-52-04-97",,1,0,,,,
"77-52-04-97",,2,0,,,,
"77-52-04-97",,3,0,,,,
"77-76-56-50",,1,0,,,,
"77-76-56-50",,2,0,,,,
"77-76-56-50",,3,0,,,,
"77-90-43-10",,1,0,,,,
"77-90-43-10",,2,0,,,,
"77-90-43-10",,3,0,,,,
"78-44-73-52",,1,0,,,,
"78-44-73-52",,2,0,,,,
"78-44-73-52",,3,0,,,,
"78-83-02-82",,1,0,,,,
"78-83-02-82",,2,0,,,,
"78-83-02-82",,3,0,,,,
"78-97-99-58",,1,0,,,,
"78-97-99-58",,2,0,,,,
"78-97-99-58",,3,0,,,,
"79-01-64-21",,1,0,,,,
"79-01-64-21",,2,0,,,,
"79-01-64-21",,3,0,,,,
"79-09-08-53",,1,0,,,,
"79-09-08-53",,2,0,,,,
"79-09-08-53",,3,0,,,,
"79-27-57-79",,1,0,,,,
"79-27-57-79",,2,0,,,,
"79-27-57-79",,3,0,,,,
"79-41-82-58",,1,0,,,,
"79-41-82-58",,2,0,,,,
"79-41-82-58",,3,0,,,,
"79-42-29-08","bf89851c4d80445baa9b811c96c105ec",1,1,4,2020,24,0
"79-42-29-08",,2,0,,,,
"79-42-29-08",,3,0,,,,
"79-44-80-79",,1,0,,,,
"79-44-80-79",,2,0,,,,
"79-44-80-79",,3,0,,,,
"79-53-96-30",,1,0,,,,
"79-53-96-30",,2,0,,,,
"79-53-96-30",,3,0,,,,
"79-57-43-88",,1,0,,,,
"79-57-43-88",,2,0,,,,
"79-57-43-88",,3,0,,,,
"80-69-14-11",,1,0,,,,
"80-69-14-11",,2,0,,,,
"80-69-14-11",,3,0,,,,
"80-72-14-74",,1,0,,,,
"80-72-14-74",,2,0,,,,
"80-72-14-74",,3,0,,,,
"81-09-47-30",,1,0,,,,
"81-09-47-30",,2,0,,,,
"81-09-47-30",,3,0,,,,
"81-60-33-05",,1,0,,,,
"81-60-33-05",,2,0,,,,
"81-60-33-05",,3,0,,,,
"81-63-39-16",,1,0,,,,
"81-63-39-16",,2,0,,,,
"81-63-39-16",,3,0,,,,
"81-64-65-29",,1,0,,,,
"81-64-65-29",,2,0,,,,
"81-64-65-29",,3,0,,,,
"82-00-70-67",,1,0,,,,
"82-00-70-67",,2,0,,,,
"82-00-70-67",,3,0,,,,
"82-17-90-70",,1,0,,,,
"82-17-90-70",,2,0,,,,
"82-17-90-70",,3,0,,,,
"82-26-76-44",,1,0,,,,
"82-26-76-44",,2,0,,,,
"82-26-76-44",,3,0,,,,
"82-75-74-79",,1,0,,,,
"82-75-74-79",,2,0,,,,
"82-75-74-79",,3,0,,,,
"82-77-75-50",,1,0,,,,
"82-77-75-50",,2,0,,,,
"82-77-75-50",,3,0,,,,
"82-84-35-90",,1,0,,,,
"82-84-35-90",,2,0,,,,
"82-84-35-90",,3,0,,,,
"83-10-26-33",,1,0,,,,
"83-10-26-33",,2,0,,,,
"83-10-26-33",,3,0,,,,
"83-16-59-09",,1,0,,,,
"83-16-59-09",,2,0,,,,
"83-16-59-09",,3,0,,,,
"83-19-75-78",,1,0,,,,
"83-19-75-78","80a444be5f594bbbb262c0a5f367c8a4",2,1,,,195,0
"83-19-75-78",,3,0,,,,
"83-31-96-57",,1,0,,,,
"83-31-96-57",,2,0,,,,
"83-31-96-57",,3,0,,,,
"84-07-21-54",,1,0,,,,
"84-07-21-54",,2,0,,,,
"84-07-21-54",,3,0,,,,
"84-08-31-48",,1,0,,,,
"84-08-31-48",,2,0,,,,
"84-08-31-48",,3,0,,,,
"84-53-49-90",,1,0,,,,
"84-53-49-90",,2,0,,,,
"84-53-49-90",,3,0,,,,
"84-56-25-62",,1,0,,,,
"84-56-25-62",,2,0,,,,
"84-56-25-62",,3,0,,,,
"84-60-65-99","0bcd7c1503124ac790e8173f5893c5a9",1,1,,,11,
"84-60-65-99",,2,0,,,,
"84-60-65-99",,3,0,,,,
"84-69-14-20",,1,0,,,,
"84-69-14-20",,2,0,,,,
"84-69-14-20",,3,0,,,,
"84-73-49-07",,1,0,,,,
"84-73-49-07",,2,0,,,,
"84-73-49-07",,3,0,,,,
"85-22-26-85",,1,0,,,,
"85-22-26-85",,2,0,,,,
"85-22-26-85",,3,0,,,,
"85-50-79-16",,1,0,,,,
"85-50-79-16",,2,0,,,,
"85-50-79-16",,3,0,,,,
"85-58-55-89",,1,0,,,,
"85-58-55-89",,2,0,,,,
"85-58-55-89",,3,0,,,,
"86-02-90-85",,1,0,,,,
"86-02-90-85",,2,0,,,,
"86-02-90-85",,3,0,,,,
"86-10-69-35",,1,0,,,,
"86-10-69-35",,2,0,,,,
"86-10-69-35",,3,0,,,,
"86-49-04-76",,1,0,,,,
"86-49-04-76",,2,0,,,,
"86-49-04-76",,3,0,,,,
"86-80-40-00",,1,0,,,,
"86-80-40-00",,2,0,,,,
"86-80-40-00",,3,0,,,,
"86-90-96-40",,1,0,,,,
"86-90-96-40",,2,0,,,,
"86-90-96-40",,3,0,,,,
"86-92-25-33",,1,0,,,,
"86-92-25-33",,2,0,,,,
"86-92-25-33",,3,0,,,,
"86-98-23-70",,1,0,,,,
"86-98-23-70",,2,0,,,,
"86-98-23-70",,3,0,,,,
"87-06-46-28",,1,0,,,,
"87-06-46-28",,2,0,,,,
"87-06-46-28",,3,0,,,,
"87-17-52-54",,1,0,,,,
"87-17-52-54",,2,0,,,,
"87-17-52-54",,3,0,,,,
"87-30-25-18",,1,0,,,,
"87-30-25-18",,2,0,,,,
"87-30-25-18",,3,0,,,,
"87-38-35-52",,1,0,,,,
"87-38-35-52",,2,0,,,,
"87-38-35-52",,3,0,,,,
"87-46-51-34",,1,0,,,,
"87-46-51-34",,2,0,,,,
"87-46-51-34",,3,0,,,,
"87-55-65-27",,1,0,,,,
"87-55-65-27",,2,0,,,,
"87-55-65-27",,3,0,,,,
"87-66-47-57",,1,0,,,,
"87-66-47-57",,2,0,,,,
"87-66-47-57",,3,0,,,,
"88-06-41-65",,1,0,,,,
"88-06-41-65",,2,0,,,,
"88-06-41-65",,3,0,,,,
"88-16-97-35",,1,0,,,,
"88-16-97-35",,2,0,,,,
"88-16-97-35",,3,0,,,,
"88-25-09-57",,1,0,,,,
"88-25-09-57",,2,0,,,,
"88-25-09-57","7a8b0e3237a3493fb08396fb4f70fc27",3,1,1,2020,0,0
"88-59-39-10",,1,0,,,,
"88-59-39-10",,2,0,,,,
"88-59-39-10",,3,0,,,,
"88-67-87-75",,1,0,,,,
"88-67-87-75",,2,0,,,,
"88-67-87-75",,3,0,,,,
"89-52-41-90",,1,0,,,,
"89-52-41-90","b320186e6fff4dbd8935c0c0bc561c5e",2,1,,,,
"89-52-41-90","b320186e6fff4dbd8935c0c0bc561c5e",3,1,,,,
"89-55-49-95",,1,0,,,,
"89-55-49-95",,2,0,,,,
"89-55-49-95",,3,0,,,,
"89-59-80-00",,1,0,,,,
"89-59-80-00",,2,0,,,,
"89-59-80-00",,3,0,,,,
"89-61-03-23",,1,0,,,,
"89-61-03-23",,2,0,,,,
"89-61-03-23",,3,0,,,,
"90-01-93-17",,1,0,,,,
"90-01-93-17",,2,0,,,,
"90-01-93-17",,3,0,,,,
"90-06-89-54",,1,0,,,,
"90-06-89-54",,2,0,,,,
"90-06-89-54",,3,0,,,,
"90-18-13-09",,1,0,,,,
"90-18-13-09",,2,0,,,,
"90-18-13-09",,3,0,,,,
"90-23-51-75",,1,0,,,,
"90-23-51-75",,2,0,,,,
"90-23-51-75",,3,0,,,,
"90-43-84-85",,1,0,,,,
"90-43-84-85",,2,0,,,,
"90-43-84-85",,3,0,,,,
"90-96-74-86",,1,0,,,,
"90-96-74-86",,2,0,,,,
"90-96-74-86",,3,0,,,,
"91-22-98-76",,1,0,,,,
"91-22-98-76",,2,0,,,,
"91-22-98-76",,3,0,,,,
"91-47-83-73",,1,0,,,,
"91-47-83-73",,2,0,,,,
"91-47-83-73",,3,0,,,,
"91-50-98-00",,1,0,,,,
"91-50-98-00",,2,0,,,,
"91-50-98-00",,3,0,,,,
"92-21-22-44",,1,0,,,,
"92-21-22-44",,2,0,,,,
"92-21-22-44",,3,0,,,,
"92-34-52-51",,1,0,,,,
"92-34-52-51",,2,0,,,,
"92-34-52-51",,3,0,,,,
"92-42-20-01",,1,0,,,,
"92-42-20-01",,2,0,,,,
"92-42-20-01",,3,0,,,,
"92-52-40-53",,1,0,,,,
"92-52-40-53",,2,0,,,,
"92-52-40-53",,3,0,,,,
"92-83-23-71",,1,0,,,,
"92-83-23-71",,2,0,,,,
"92-83-23-71",,3,0,,,,
"92-94-58-28",,1,0,,,,
"92-94-58-28",,2,0,,,,
"92-94-58-28",,3,0,,,,
"93-23-21-02",,1,0,,,,
"93-23-21-02",,2,0,,,,
"93-23-21-02",,3,0,,,,
"93-27-32-02",,1,0,,,,
"93-27-32-02",,2,0,,,,
"93-27-32-02",,3,0,,,,
"93-53-46-59",,1,0,,,,
"93-53-46-59",,2,0,,,,
"93-53-46-59",,3,0,,,,
"93-63-55-05",,1,0,,,,
"93-63-55-05",,2,0,,,,
"93-63-55-05",,3,0,,,,
"93-65-03-20",,1,0,,,,
"93-65-03-20",,2,0,,,,
"93-65-03-20",,3,0,,,,
"93-88-74-31",,1,0,,,,
"93-88-74-31",,2,0,,,,
"93-88-74-31",,3,0,,,,
"94-00-25-76",,1,,,,,
"94-00-25-76",,2,,,,,
"94-00-25-76",,3,,,,,
"94-11-66-50",,1,0,,,,
"94-11-66-50",,2,0,,,,
"94-11-66-50",,3,0,,,,
"94-54-13-76",,1,,,,,
"94-54-13-76",,2,,,,,
"94-54-13-76",,3,,,,,
"95-00-37-30",,1,0,,,,
"95-00-37-30",,2,0,,,,
"95-00-37-30",,3,0,,,,
"95-30-66-57",,1,0,,,,
"95-30-66-57",,2,0,,,,
"95-30-66-57",,3,0,,,,
"95-41-63-83",,1,0,,,,
"95-41-63-83",,2,0,,,,
"95-41-63-83",,3,0,,,,
"95-55-41-56",,1,0,,,,
"95-55-41-56",,2,0,,,,
"95-55-41-56",,3,0,,,,
"95-57-44-06",,1,0,,,,
"95-57-44-06",,2,0,,,,
"95-57-44-06",,3,0,,,,
"95-75-07-94",,1,0,,,,
"95-75-07-94",,2,0,,,,
"95-75-07-94",,3,0,,,,
"96-25-20-51",,1,0,,,,
"96-25-20-51",,2,0,,,,
"96-25-20-51",,3,0,,,,
"96-43-03-98",,1,0,,,,
"96-43-03-98",,2,0,,,,
"96-43-03-98",,3,0,,,,
"96-62-91-73",,1,0,,,,
"96-62-91-73",,2,0,,,,
"96-62-91-73",,3,0,,,,
"96-88-99-60",,1,0,,,,
"96-88-99-60",,2,0,,,,
"96-88-99-60",,3,0,,,,
"96-97-54-52",,1,0,,,,
"96-97-54-52",,2,0,,,,
"96-97-54-52",,3,0,,,,
"97-23-41-07",,1,0,,,,
"97-23-41-07",,2,0,,,,
"97-23-41-07",,3,0,,,,
"97-25-96-57",,1,0,,,,
"97-25-96-57",,2,0,,,,
"97-25-96-57",,3,0,,,,
"97-67-70-17",,1,0,,,,
"97-67-70-17",,2,0,,,,
"97-67-70-17",,3,0,,,,
"98-22-62-82",,1,0,,,,
"98-22-62-82",,2,0,,,,
"98-22-62-82",,3,0,,,,
"98-46-12-09","ed5abc5e61af40f3ad5a62f4e9c8770f",1,1,8,2020,7,
"98-46-12-09",,2,0,,,,
"98-46-12-09",,3,0,,,,
"98-48-60-73",,1,0,,,,
"98-48-60-73",,2,0,,,,
"98-48-60-73",,3,0,,,,
"98-92-34-51",,1,0,,,,
"98-92-34-51",,2,0,,,,
"98-92-34-51",,3,0,,,,
"99-08-48-89",,1,0,,,,
"99-08-48-89",,2,0,,,,
"99-08-48-89",,3,0,,,,
"99-33-61-18",,1,0,,,,
"99-33-61-18",,2,0,,,,
"99-33-61-18",,3,0,,,,
"99-85-48-00",,1,0,,,,
"99-85-48-00",,2,0,,,,
"99-85-48-00",,3,0,,,,
