"interview__key","interview__id","cm_e01","cm_e02","cm_e03","cm_e04__1","cm_e04__2","cm_e04__3","cm_e04__4","cm_e05","cm_e06","cm_e07_1","cm_e07_2","cm_e08","cm_e09","cm_e10","cm_e11","cm_e12","cm_e13","cm_e14","cm_e15","cm_e16","cm_e17","cm_e18","cm_e19_b","cm_e19_c","cm_e20__1","cm_e20__2","cm_e20__3","cm_e20__4","cm_e20__5","cm_e20__6","cm_e20__7","cm_e20__8","cm_e20__9","cm_e20__10","cm_e20__11","cm_e20__12","cm_e21"
"00-25-04-46","918880d8725c48aabce7739fa26ff405",2,,,,,,,1,6000,"MWANJERWA",6,6000,0,0,1,264,100,5,4,2,1,2,,,,,,,,,,,,,,,
"01-06-47-85","0f7224925e994408b2a2c95070eb1be6",2,,,,,,,2,,"MBEZI",2,2500,40,1000,2,,,2,4,1,3,2,,,,,,,,,,,,,,,
"01-24-57-16","e51172cd58354d39b05cb8507c812f77",2,,,,,,,2,,"MASASI",13,3000,0,0,2,,,4,3,2,2,2,,,,,,,,,,,,,,,
"01-72-20-39","cd1b6d4622b446ab913df29575bb52b4",1,1,40,0,1,0,1,1,2000,"NYATANGA",3,2000,20,50,1,200,107,3,2,3,1,2,,,,,,,,,,,,,,,
"01-82-05-19","69ca3dbdcde94103afd1cc1f095d6945",2,,,,,,,1,6000,"ARUSHA",12,6000,10,13,2,,,2,2,2,2,2,,,,,,,,,,,,,,,
"02-08-04-64","67565d353675441b9a3710964108a6c2",2,,,,,,,1,5000,"DODOMA MJINI",38,5000,0,4,2,,,4,2,1,4,1,1,16,0,0,0,0,0,0,0,0,1,0,0,0,2
"02-13-48-87","81c3b588f9ba4006982758f870f2f813",2,,,,,,,2,,"KWA HAJITUMBO",3,6000,7,4,2,,,1,4,3,2,2,,,,,,,,,,,,,,,
"02-42-01-91","0e4926dd925f4959a0a2ba9fcf76f4b1",2,,,,,,,1,6000,"ARUSHA",5,6000,22,26,2,,,2,2,2,2,2,,,,,,,,,,,,,,,
"02-47-01-60","5547333a50e842c3b7f5e0d596c94105",1,1,180,0,0,0,1,2,,"ISINGIRO",13,6000,0,5,2,,,1,1,1,1,1,18,188,0,0,0,0,0,0,0,1,1,1,0,0,1
"02-66-66-02","eea4ad4f966f47d683df307558202d6a",1,1,500,1,1,0,1,2,,"NJIA NNE",8,5000,4,5,1,500,200,2,3,2,2,2,,,,,,,,,,,,,,,
"03-22-58-12","a276a7cd34714b13a398b24552128770",2,,,,,,,1,6000,"ARUSHA",4,6000,10,7,2,,,1,1,1,1,2,,,,,,,,,,,,,,,
"03-45-67-62","17f44b30f5cd405eb90778c7156592d6",2,,,,,,,2,,"ARUSHA MJINI",7,6000,0,25,2,,,2,1,1,1,2,,,,,,,,,,,,,,,
"03-46-31-84","6abc63d603c54c8fbce3495dce08f5ed",1,1,110,0,1,0,0,2,,"MWANHUNZI MEATU",15,12000,7,3,2,,,5,5,4,2,1,13,133,0,0,0,0,0,0,1,1,1,0,0,0,2
"03-56-36-64","bc9b40a668f6400e8f1d47278a5bb5fa",2,,,,,,,2,,"TGETAT",15,5000,0,50,2,,,2,2,1,2,2,,,,,,,,,,,,,,,
"03-77-08-35","e9fceece00044393aa812fcded6a8216",2,,,,,,,1,6000,"TABORA",25,6000,7,5,2,,,5,5,1,3,1,16,163,0,0,0,0,1,1,1,1,0,0,0,0,2
"03-98-19-33","2af74dc3885e42718aa0a5bed9b7b3cb",1,2,250,0,1,0,1,2,,"MASASI",23,12000,10,30,2,,,3,2,3,3,2,,,,,,,,,,,,,,,
"04-16-80-99","3488dabcb0f0414e85b0892e08bd35a7",1,1,11,1,1,0,0,2,,"MUSOMA MJINI",52,6000,5,8,2,,,3,4,2,2,2,,,,,,,,,,,,,,,
"04-20-86-53","b5288b868ad24efe9dd1d38a55b8ef05",2,,,,,,,2,,"MNAZIMMOJA",4,4000,300,200,2,,,3,3,2,3,2,,,,,,,,,,,,,,,
"04-31-96-12","4b4b853fb39446949bae0db4e452fd68",2,,,,,,,2,,"MAILLI MOJA",2,1000,10,50,2,,,1,1,1,1,2,,,,,,,,,,,,,,,
"04-49-66-61","bfa1cc2538de4ccd873475195e0d1f31",2,,,,,,,2,,"BUZA",2,2500,20,30,2,,,2,2,2,2,2,,,,,,,,,,,,,,,
"04-72-35-98","92b9570f94b14e3ba9515e71d493138d",2,,,,,,,1,6500,"NZUGUNI",2,6500,,,2,,,2,3,2,3,2,,,,,,,,,,,,,,,
"05-18-84-95","ad90d4901f254f99a3c8f108225fb490",1,1,400,0,1,0,1,2,,"TANDAHIMBA",16,150000,0,0,2,,,2,3,4,4,2,,,,,,,,,,,,,,,
"05-21-82-83","478ae41fc1214b62b19ae0154060633b",2,,,,,,,2,,"0",0,0,20,10,2,,,4,4,4,4,2,,,,,,,,,,,,,,,
"05-51-66-23","4833c9f491c54adbb73fe05846484934",2,,,,,,,1,6000,"KASANDA",0,6000,0,0,2,,,2,2,2,2,2,,,,,,,,,,,,,,,
"05-55-20-57","c51527bf510e483796d30dadec0ff31c",2,,,,,,,2,,"GONGO LA MBOTO",3,6500,,,2,,,1,3,1,3,2,,,,,,,,,,,,,,,
"05-55-54-25","f90128b15fd84712b23da52ea102218d",2,,,,,,,2,,"NYAROMBO",2,5000,5,3,2,,,2,3,2,3,2,,,,,,,,,,,,,,,
"05-96-73-20","6455054c25784852a537e4751f8f435b",2,,,,,,,2,,"BUZA",3,6500,,,2,,,1,3,1,3,2,,,,,,,,,,,,,,,
"06-05-50-78","60193fdc4caa4cdb9fde1514af28d7ce",2,,,,,,,2,,"MAJANI MAPANA",2,6500,,37,2,,,3,3,1,3,2,,,,,,,,,,,,,,,
"06-37-03-07","5b8bf508d5f348ebb1c1036d8b835f2d",1,1,20,0,0,0,0,1,500,"KIDANDALA",2,700,0,0,2,,,1,3,1,4,2,,,,,,,,,,,,,,,
"06-47-61-53","a7040ead2d704226862bb5fb5c8b8d7b",1,2,30,1,1,1,0,1,6000,"KIJIJI CHA NATA",4,6000,,,2,,,1,3,1,3,2,,,,,,,,,,,,,,,
"06-95-26-82","803d457b03ca4e4b801d8304104f4fb9",2,,,,,,,2,,"NYAKANAZI",28,6000,6,9,2,,,5,5,1,5,2,,,,,,,,,,,,,,,
"06-95-53-32","23a3d549fce64c1c8b5d098295e3c663",2,,,,,,,1,6500,"MADIBILA",14,6500,5,9,2,,,5,5,3,2,1,12,122,0,0,0,0,0,0,0,0,1,1,1,0,2
"06-96-70-64","99075a0d1bc24d8a92e75019bd11180f",2,,,,,,,1,6500,"MZIRO",14,6500,6,7,2,,,2,2,2,2,2,,,,,,,,,,,,,,,
"07-12-97-68","bd4828f9b20c4f6abfe4a359eada7e21",2,,,,,,,2,,"KIJIJI CHA CHIKUYU",0.2,6000,0,0,2,,,5,5,1,1,1,13,133,0,0,0,0,0,0,0,0,0,1,1,0,2
"07-19-26-64","778379d74dd544b4b83aaef828e357f7",2,,,,,,,2,,"IGOMA",3,6500,,,2,,,1,3,1,3,2,,,,,,,,,,,,,,,
"07-73-19-27","8413b3343ec241268771b9ac10d4dae3",2,,,,,,,2,,"YOMBO VITUKO",2,6000,,,2,,,1,1,1,1,2,,,,,,,,,,,,,,,
"07-89-96-52","9f4c62c6c3244f098bec2ef1896d8f9f",2,,,,,,,1,5000,"NANSIO",1,5000,51,42,1,211,53,3,3,1,4,2,,,,,,,,,,,,,,,
"08-20-01-66","db325630a8554f86bb31812f0648565c",2,,,,,,,2,,"BUKOBA MJINI",33,3000,0,0,2,,,5,4,3,4,2,,,,,,,,,,,,,,,
"08-26-26-27","224b985bcd714f44b069395222104432",2,,,,,,,2,,"MUSOMA MJINI",4,12000,60,85,2,,,1,3,1,3,2,,,,,,,,,,,,,,,
"08-52-73-98","1bb43407e5e14e4ea2f6a12758f985b5",2,,,,,,,1,6000,"USEVYA",21,3000,8,21,2,,,3,2,3,3,1,15,153,1,1,1,0,0,0,0,0,0,0,0,0,1
"09-09-71-46","71da491d04b1463f9ceb2f507d06c95b",2,,,,,,,2,,"PANGANI",51,6000,5,5,2,,,4,4,2,4,1,6,65,0,0,0,0,0,0,1,1,1,1,0,0,1
"09-18-23-46","c0fe40a20d5b4b8e9805ac27c298d232",2,,,,,,,2,,"MAKOLE",3,5500,0,0,2,,,2,2,2,2,2,,,,,,,,,,,,,,,
"09-74-42-02","fc3cef654e724c1db32acc3c4835be79",2,,,,,,,2,,"PAMBA MITIMIREFU",5500,0,20,56,2,,,2,2,3,2,2,,,,,,,,,,,,,,,
"09-98-78-45","3a6d3e7985e74f4c9c54205cf0d7f0b3",2,,,,,,,2,,"KARIA KOO",9,2500,12,36,2,,,1,1,1,3,2,,,,,,,,,,,,,,,
"10-00-56-46","effc522e23ae4a4db5e3fe6168d59c75",2,,,,,,,1,6000,"KAYANGA",0.5,6000,30,50,1,4000,4000,2,2,2,1,2,,,,,,,,,,,,,,,
"10-15-01-02","230bbd21e5b34515986c4712d05ca38c",2,,,,,,,2,,"ZAKIEMU",4,2000,70,70,2,,,3,4,2,4,2,,,,,,,,,,,,,,,
"10-61-60-35","fa98de2ff33844f0addbe2bb58f41480",2,,,,,,,1,12000,"MUHIDA CENTER",1,6000,17,5,2,,,4,4,1,2,1,5,55,0,0,0,0,0,0,0,1,1,1,0,0,2
"11-26-46-52","20c9a373da7c4e32989e614f0db9e7e8",1,1,20,0,1,0,0,2,,"MARUHUBI",16,7000,17,23,2,,,1,4,1,4,2,,,,,,,,,,,,,,,
"11-28-44-98","0990139eeaa64c7da10c16d8cd89826c",2,,,,,,,1,6000,"BUZURUGA",0.8,6000,113,131,2,,,1,4,2,4,2,,,,,,,,,,,,,,,
"11-62-61-27","8e9b2ad8a66f47669ede1506088e9fcd",2,,,,,,,2,,"DIRMA",3.5,6000,2,2,2,,,3,2,2,2,1,1,11,1,1,1,1,1,1,0,0,0,0,0,0,2
"12-34-68-20","1262ffb3f7c24d3f8bcfe3e27c76c33e",2,,,,,,,2,,"KARIAKOO",6,2000,200,200,2,,,1,1,1,1,2,,,,,,,,,,,,,,,
"12-43-07-80","b6946418f07e4feeaa4ed83dd4a67542",2,,,,,,,2,,"MWANJELWA",4,6000,3,0,2,,,5,4,1,3,2,,,,,,,,,,,,,,,
"12-87-61-13","486c019ffbda4c5aa98114aa9bdb81fc",2,,,,,,,1,6000,"KIJIJI HIKI CHA MAJENGO",0.5,6000,12,41,1,107,42,,,1,2,2,,,,,,,,,,,,,,,
"12-90-48-34","61e9dde626924887a8acd2fd4583d0ee",2,,,,,,,2,,"MARUHUBI",7,8000,6,10,1,110,64,3,3,1,2,2,,,,,,,,,,,,,,,
"13-10-41-09","3d15d079ce3347dcbd443b7eaaf65426",2,,,,,,,2,,"MARUHUBI",10,2000,6,5,2,,,1,3,2,4,2,,,,,,,,,,,,,,,
"13-42-52-99","25168cf5198a4bbf863b5011fe0596bb",2,,,,,,,2,,"MOROGORO MJINI",4,12,15,10,2,,,4,3,3,3,2,,,,,,,,,,,,,,,
"13-43-11-98","47e5a514e372463581b9df8779aabf31",2,,,,,,,1,6000,"MBULU",1,6000,25,20,2,,,2,2,2,2,2,,,,,,,,,,,,,,,
"13-75-01-91","ebe20bc5bc7c4e68b57e2f1c6090c08e",2,,,,,,,2,,"MWANAGATI",2,6000,,,2,,,1,1,1,1,2,,,,,,,,,,,,,,,
"13-86-41-70","1dae3cc3f13645798704c27e6a1c5772",2,,,,,,,1,7000,"NYAKABANGA",0,6000,0,6,2,,,3,3,4,3,2,,,,,,,,,,,,,,,
"13-90-90-46","75239c4f0b424430a36ff97d2f18507b",1,10,150,0,1,1,0,2,,"KWA HAJI TUMBO",30.4,7500,0,0,2,,,3,1,2,1,2,,,,,,,,,,,,,,,
"13-91-33-31","eada5d2637e2453c9b94b1138850b725",2,,,,,,,2,,"KANAZI",5,6000,2,0,2,,,3,2,3,3,2,,,,,,,,,,,,,,,
"14-25-36-11","59e8a1477c2e4cd8a82359140295ebec",1,8,100,0,1,0,1,2,,"MAFINGA",60,5000,5,4,2,,,2,3,3,3,2,,,,,,,,,,,,,,,
"14-78-98-65","219c4558fe794d93b25cdaa6f45898b7",2,,,,,,,1,5000,"IGOGO",0.3,5000,6,8,2,,,2,2,2,2,2,,,,,,,,,,,,,,,
"14-88-21-28","98855ffce9a4466fa1be7f67411cef09",2,,,,,,,2,,"NYAMAGANA MTAA WA MITI MIREFU",10,2500,,,2,,,2,4,1,3,2,,,,,,,,,,,,,,,
"15-14-18-98","6cb0f62882a34c72a57342836c312efc",2,,,,,,,2,,"MWANZA MINISTER MTAA WA PAMBA A",2,5500,,4,2,,,2,2,1,1,2,,,,,,,,,,,,,,,
"15-18-34-06","cdd34ce87a194d1bb7bc95833d35d428",2,,,,,,,2,,"MWEMBELADU",3,7000,30,50,1,220,100,2,4,1,2,2,,,,,,,,,,,,,,,
"15-18-39-59","ef86d8e7554b46fb82edf7e517f76ba8",2,,,,,,,1,,"MOMBASA",1,,,,2,,,3,3,3,3,2,,,,,,,,,,,,,,,
"15-37-10-99","8d30be71117040fab4ce9e26f8af0e14",2,,,,,,,2,,"MWAKISANDU KATANI",9,6000,5,0,2,,,5,5,2,3,2,,,,,,,,,,,,,,,
"15-38-21-02","7affc2474ff6432bad68f8b8c5970a97",1,1,60,1,1,0,1,1,12000,"MLILAYOYO",14,12000,8,20,1,60,20,4,4,4,4,2,,,,,,,,,,,,,,,
"15-43-13-32","945b2a0ed9164eb3a924315fe1c2ca88",1,1,150,1,1,0,0,2,,"MTAMA",15,1000,1,1,2,,,1,2,2,2,2,,,,,,,,,,,,,,,
"15-72-61-48","792ce303f61f45c98f419dde9a9a4bee",2,,,,,,,1,2500,"KINYEREZI",0.5,2500,,,2,,,1,3,1,3,2,,,,,,,,,,,,,,,
"15-76-36-37","8692a2b4c2b24b708e632d07f4a07d4b",1,3,60,1,1,0,0,2,,"KWA HAJI TUMBO",68,8000,0,0,2,,,3,3,2,4,2,,,,,,,,,,,,,,,
"15-95-84-19","f29231969a5b4af5882eb895873225ed",2,,,,,,,2,,"MANZESE",1,3500,100,100,2,,,3,3,1,3,2,,,,,,,,,,,,,,,
"16-03-65-14","6c497bddf9cc44eaa74d041b7ad24600",1,1,45,1,0,0,0,2,,"KIJIJI CHA KAMWANDA",300,6250,20,50,2,,,5,5,3,5,2,,,,,,,,,,,,,,,
"16-08-16-73","3d35bf342bf14c76b74a5d292014ae38",1,1,34,0,0,0,0,2,,"NANGURUKULU",15,10000,5,150,1,34,0,2,2,1,4,2,,,,,,,,,,,,,,,
"16-19-85-85","40e816918f534ced9e7310dbe18172fc",2,,,,,,,2,,"KISONGO",26,6000,1,2,2,,,2,2,2,2,1,21,214,0,0,0,0,0,0,0,0,1,1,1,0,1
"16-49-36-99","143e4faef10f4210a3c7a5f405c77376",2,,,,,,,1,10000,"BABATI",1,10000,10,20,1,50,26,3,1,3,1,2,,,,,,,,,,,,,,,
"16-88-05-29","7e5434541642423aa74fd8c546af937d",2,,,,,,,2,,"MBWEWE",5,1500,0,3,2,,,1,4,1,1,1,6,61,0,0,0,0,0,0,0,1,1,1,1,1,2
"17-36-03-69","652a993227894c51aec492470b9e69e8",2,,,,,,,1,5000,"KIJIJI CHA BUZIKU",15,1000,5,6,2,,,2,4,2,2,2,,,,,,,,,,,,,,,
"17-40-86-49","ded7f5d9f403414eb52ebbe538234407",1,5,50,0,0,1,0,1,13000,"MPINJI",1,12000,0,0,2,,,2,2,3,2,2,,,,,,,,,,,,,,,
"17-79-17-09","85ac9c3be9684f3cbffdc03b912a532e",1,1,,0,1,0,0,1,6000,"MAMBALI",15,6000,,,2,,,1,3,1,3,1,14,143,1,0,0,0,0,0,0,0,0,0,1,1,2
"17-89-27-01","6cd5004547c24ce9a0f8509b2da272dc",2,,,,,,,2,,"CHANIKA",9,5000,0,25,2,,,1,1,1,1,2,,,,,,,,,,,,,,,
"18-08-37-11","ba8d153ebaa84813be93fac74236fb22",2,,,,,,,2,,"KARIAKOO",3,5000,10,8,2,,,2,3,2,3,2,,,,,,,,,,,,,,,
"18-17-35-50","51ebc08efcb44960bee0a3c4a55713f2",2,,,,,,,2,,"MBAGALA RANGITATU",2,5000,,,2,,,1,3,1,3,2,,,,,,,,,,,,,,,
"18-25-05-22","294278e5b2914a92ad69e606a81584ec",1,2,52,0,1,0,0,2,,"KWA HAJI TUMBO",24,9000,0,25,2,,,5,3,5,3,2,,,,,,,,,,,,,,,
"18-31-12-38","d8e858a01bf644b6bb6f617974e34231",2,,,,,,,2,,"TANGA MJINI",9,7000,20,50,2,,,3,4,3,3,2,,,,,,,,,,,,,,,
"18-57-85-56","1e7edef68d3b4de28554d101fdd30f50",2,,,,,,,1,6000,"BOMANG'OMBE",15,6000,4,2,2,,,2,2,2,2,2,,,,,,,,,,,,,,,
"18-69-36-93","1cee32c5e8a94f2c99a2cd662929c718",1,1,250,0,1,1,0,1,2500,"NDANDA",0,12000,18,50,2,,,3,1,4,3,2,,,,,,,,,,,,,,,
"19-25-14-50","8a69d6d3a47e40b3947804870c16d97f",2,,,,,,,1,6000,"CHAMWINO",25,6000,0,0,2,,,3,2,2,2,1,1,14,0,0,0,0,0,0,0,0,1,1,0,0,2
"19-32-48-58","8e0afcd96b0c4a548378d1ce71419c82",2,,,,,,,2,,"KARIAKOO",8,2000,200,200,2,,,3,3,1,1,2,,,,,,,,,,,,,,,
"19-41-11-33","be0d3fe60bf44e029bca424bed2b5835",2,,,,,,,2,,"KIKOMBO",2,7500,,,2,,,3,3,3,3,1,1,15,0,0,0,0,1,1,1,1,1,1,1,0,2
"19-62-24-10","0ac9ecae7a84456f91ca05f96d0cb08f",2,,,,,,,2,,"TANGA MJINI",12,14000,5,50,2,,,4,4,4,4,2,,,,,,,,,,,,,,,
"19-86-35-77","4cbce22a484a4ac08bfe92e0d38b6b12",1,1,15,0,1,0,0,2,,"NZOKA",8,6000,10,5,2,,,5,2,1,4,2,,,,,,,,,,,,,,,
"20-14-91-34","77b63d1267364fb69824735c3fc555d2",2,,,,,,,1,8000,"KIMARA",1,8000,,,2,,,3,3,1,3,2,,,,,,,,,,,,,,,
"20-70-41-87","6aae68762f2a445781745cdbabd8fc4e",2,,,,,,,2,,"LUMUMBA",3,5000,5,70,2,,,3,3,1,1,2,,,,,,,,,,,,,,,
"20-70-55-59","221ad84269d34b79bcc9abd41d8f2fb7",2,,,,,,,1,4000,"NSOHO",1,400,0,15,2,,,5,3,3,4,2,,,,,,,,,,,,,,,
"20-81-51-95","2d3ead54fa8846ddaca9a812767244d8",2,,,,,,,1,6000,"ARUSHA",6,6000,10,17,1,82,70,2,2,2,2,2,,,,,,,,,,,,,,,
"20-99-51-49","1239f3addf194bb69a0e174eb45de43f",2,,,,,,,2,,"RUANGWA",,15000,0,15,2,,,4,2,4,4,2,,,,,,,,,,,,,,,
"21-01-77-43","3562090d2a41401086709383c4ea763c",1,1,186,1,1,0,0,2,,"MABURI",5,6250,4,6,2,,,1,2,1,1,2,,,,,,,,,,,,,,,
"21-06-86-31","ce7a8dc61bed49f788d823da1855a9b8",2,,,,,,,2,,"IFAKARA MJINI",2,6000,0,0,2,,,3,4,1,2,2,,,,,,,,,,,,,,,
"21-22-59-73","404e1855c677452594a51e7f25017970",2,,,,,,,1,6000,"DODOMA",3,6000,21,16,2,,,1,2,1,2,2,,,,,,,,,,,,,,,
"21-58-46-84","e167edae1264402caad7fd6007f8ebce",2,,,,,,,2,,"KIBAIGWA",25,6500,4,13,2,,,1,1,3,2,1,1,13,1,1,1,1,0,0,0,0,0,1,1,1,2
"21-75-41-89","b4688b9b5df1411fb72588d659f08550",2,,,,,,,2,,"DODOMA MJINI",22,2500,1,10,2,,,1,2,1,2,2,,,,,,,,,,,,,,,
"21-77-87-53","8330886c38624292b1c08b474de626eb",2,,,,,,,1,5500,"SIMA",0.5,5500,41,65,2,,,5,5,2,2,2,,,,,,,,,,,,,,,
"22-15-51-55","b0d7925bf5034026bacd2b3def1a1aed",2,,,,,,,2,,"NATIONAL NYAKATO",3,5000,40,130,2,,,2,2,1,1,2,,,,,,,,,,,,,,,
"22-31-06-49","34c6e2eec2104bd6b8158b19b8f304b7",2,,,,,,,2,,"MBINGA MJINI",2,11000,5,50,2,,,3,3,3,3,2,,,,,,,,,,,,,,,
"23-06-49-35","3280da4efd664a14afee47f8d1773ffe",1,17,255,0,1,0,0,2,,"MATANGATUWANI",11.2,2500,7,50,2,,,5,5,2,2,2,,,,,,,,,,,,,,,
"23-20-71-88","3f51b1c5c88149b497fbaf5a3b721ad3",,,,,,,,,,,,,,,,,,,,,,,,,,,,,,,,,,,,,
"23-25-29-43","7b8bfe8da50645ec800fb52c567640ea",2,,,,,,,1,6500,"NYAKALIRO",19,6000,12,15,2,,,1,2,2,2,2,,,,,,,,,,,,,,,
"23-37-02-38","19fb087b522840408d9cba2d169af80e",1,1,54,1,1,0,0,2,,"KAHAMA",179,1950,6,12,2,,,1,1,1,1,1,25,251,0,0,0,0,0,0,0,0,0,1,1,0,1
"23-45-19-58","9299d162d3fa4df4be895ccafa978868",2,,,,,,,2,,"MOSHI MJINI",2,6000,7,9,2,,,1,1,1,1,2,,,,,,,,,,,,,,,
"23-48-88-31","56c8e7f3edcb40c9baa9df4ac4f47a32",2,,,,,,,2,,"MBAGALA",8,12000,40,100,2,,,4,4,4,4,2,,,,,,,,,,,,,,,
"23-59-46-86","0c8e8c0303bb4aafb7284409833adb66",2,,,,,,,2,,"KARIAKOO",5,,,,2,,,1,1,1,1,2,,,,,,,,,,,,,,,
"23-96-87-25","e333d8bdca374a92836a9590dd86c471",,,,,,,,,,,,,,,,,,,,,,,,,,,,,,,,,,,,,
"24-61-44-03","0bb43ac4010e4e01be773a81aaf0087c",2,,,,,,,2,,"SAWALA",3,6500,,,2,,,3,3,3,3,2,,,,,,,,,,,,,,,
"24-89-09-94","e7dfecff6ffe4286aa2195d8bcb3486d",2,,,,,,,2,,"GONGO LA MBOTO",3,3000,5,50,2,,,3,4,3,4,2,,,,,,,,,,,,,,,
"25-17-54-76","361ad171963841bbb3645046cf22af46",2,,,,,,,2,,"KIBANDA MAITI",4.5,6000,10,7,2,,,4,1,4,2,2,,,,,,,,,,,,,,,
"25-18-70-60","c2b5fc68a90d40849ab1387e4f8d82df",1,1,10,0,0,0,0,2,,"KIRANDO",8,12500,6,12,2,,,5,5,3,1,1,15,153,0,0,0,0,0,0,0,0,1,1,0,0,2
"25-29-15-47","ccac1f2e0ca14ec5b8059348d689cda0",2,,,,,,,2,,"KINONDONI",5,13000,150,200,2,,,2,2,2,2,2,,,,,,,,,,,,,,,
"25-31-09-10","5382382a0c534f86ba72eaccdf6d5a62",2,,,,,,,1,6000,"KAGERANKANDA",4,6000,3,6,2,,,2,2,2,2,2,,,,,,,,,,,,,,,
"25-48-61-60","2d891d2b92f149c79e9bc21c992d2f57",2,,,,,,,1,6000,"ARUSHA",6,6000,9,6,2,,,1,1,1,1,2,,,,,,,,,,,,,,,
"25-61-70-00","785074df619d463f8053802c92e96b74",2,,,,,,,1,12000,"MURUMBA",0,12000,4,0,2,,,1,1,3,3,1,1,17,1,1,1,1,1,1,0,0,0,0,0,1,2
"25-66-18-83","deee90b66083439f8882b5a61c567ae2",1,1,20,1,0,0,0,1,6000,"ITEZI MAGHARIBI",0,6000,,,2,,,1,1,1,1,2,,,,,,,,,,,,,,,
"25-76-69-65","d69f20c67b984d9f97e954ec7932412d",2,,,,,,,1,6000,"NASETANI",1,6000,20,50,2,,,2,2,2,1,1,21,215,1,0,0,0,0,0,0,1,1,1,1,1,2
"25-83-12-16","708f3c300a4e4de3860f6671178f6f90",2,,,,,,,2,,"CHAKE CHAKE",16,8000,5,4,2,,,1,2,1,1,2,,,,,,,,,,,,,,,
"26-24-28-41","7011f375562a47a8a25ebc1220d773eb",2,,,,,,,2,,"DODOMA",6,5000,,,2,,,2,2,2,2,2,,,,,,,,,,,,,,,
"26-26-10-66","98f4915937cb4971804f8c440a7e9bb6",2,,,,,,,1,6000,"IKOLA",0,6000,30,100,2,,,3,3,1,3,2,,,,,,,,,,,,,,,
"26-26-74-78","5a5a63e955564390989d3cdd4b7a8323",2,,,,,,,2,,"NEWALA MJINI",30,15000,0,0,1,200,125,3,2,2,4,2,,,,,,,,,,,,,,,
"26-45-77-73","16c36538583a48b2a46d8d34bff44f6b",2,,,,,,,2,,"PANGALE",1,6000,,2,2,,,1,1,1,1,2,,,,,,,,,,,,,,,
"26-49-97-56","1187a5d303b24b28aa79e895929ae24d",1,1,500,1,1,0,0,2,,"NDANDA",3,15000,8,30,2,,,4,4,1,4,2,,,,,,,,,,,,,,,
"26-70-20-65","43cab16657fc4334bb802d0f4c11975b",1,4,2500,0,0,0,1,2,,"NEWALA MJINI",16,8000,9,20,2,,,5,4,2,4,2,,,,,,,,,,,,,,,
"27-01-55-62","d7df1a6faea440f2ba5fe6ffb4fd236f",2,,,,,,,2,,"KARIAKOO",9,2000,45,60,2,,,1,1,1,1,2,,,,,,,,,,,,,,,
"27-07-13-10","77823385d96a4ef39f7be6319031b730",2,,,,,,,2,,"WAILES",2,6000,,,1,,,1,1,1,1,2,,,,,,,,,,,,,,,
"27-07-69-25","bb849df1f4e14d2582979b75b0ddf291",2,,,,,,,1,0,"KAMPUNI YA KILIMO",3,10000,0,0,2,,,3,4,2,4,2,,,,,,,,,,,,,,,
"27-12-97-63","afb28d34da194a019465d81f7053ceab",2,,,,,,,2,,"MBEYA JIJI",3,6000,0,0,2,,,4,4,3,3,2,,,,,,,,,,,,,,,
"27-21-42-62","23d11595c7d641d88dc0278f401da209",2,,,,,,,2,,"SHOPPERS ARUSHA",4,6000,50,50,2,,,1,1,1,1,2,,,,,,,,,,,,,,,
"27-68-78-78","aedcacfe52b545c3b937e62bf904a870",2,,,,,,,2,,"IGAWA",5,6000,3,10,2,,,5,5,2,3,1,12,125,0,0,0,0,0,1,1,1,1,1,0,0,3
"27-75-52-18","3a8327ccf46c4fbb8e06454526487ec1",2,,,,,,,2,,"MWANJELWA",2,6500,,,2,,,1,1,1,1,2,,,,,,,,,,,,,,,
"27-81-45-32","f88aad0aba7a46e5ab437201c76654b8",2,,,,,,,2,,"LIMBANI",1.5,7000,0,1,2,,,3,4,3,4,2,,,,,,,,,,,,,,,
"28-01-45-62","f580fb096aa44beea6c7121578719c47",1,5,75,1,0,0,0,1,7000,"TIBIRINZI",15,7000,0,6,2,,,1,4,1,4,2,,,,,,,,,,,,,,,
"28-02-63-88","1c281ac267df4c18a26fd4a1e21253f8",2,,,,,,,2,,"BANANA",2,10000,20,50,1,875,401,1,3,1,3,2,,,,,,,,,,,,,,,
"28-25-64-39","01b6e49d107447739033640e1a773b32",1,1,12,0,1,0,1,1,7000,"CHANGANYIKENI",12,7000,1,7,2,,,3,1,1,1,2,,,,,,,,,,,,,,,
"28-34-63-03","3d4b4d17201f42bcbfd971e1dc454dbb",1,10,107,1,1,1,0,2,,"KIJIJI CHA IGAGALA NAMBA 5",3,6000,3,2,2,,,5,5,2,2,1,12,121,0,0,0,0,1,1,0,0,0,0,0,0,2
"29-04-41-56","4dc3df919fb64505b59d7aeb085550c5",2,,,,,,,2,,"AFISA MIFUGO WA KATA",0,1200,0,0,2,,,3,4,3,3,2,,,,,,,,,,,,,,,
"29-13-94-87","1857815e7ccc4c3c80183ee70f1a522c",2,,,,,,,1,1000,"KATANI",8,1000,2,0,2,,,1,1,1,1,1,6,63,0,0,1,1,1,0,0,0,0,0,0,0,2
"29-30-93-92","6ba457b9264f4babb4a6c6e42dfea2f1",1,1,56,1,1,0,1,2,,"MBALIZI",3,400,0,14,2,,,3,3,1,4,2,,,,,,,,,,,,,,,
"29-40-51-88","c469efc2d6714682976b6b585c06cf0d",2,,,,,,,2,,"KWA HAJI TUMBO",5,7000,10,15,2,,,3,2,2,3,2,,,,,,,,,,,,,,,
"29-41-98-71","f0bcfec74a0a47169faf981b73dfa849",1,1,250,0,1,0,0,1,6000,"MASWA",0,6000,2,7,2,,,2,3,1,1,2,,,,,,,,,,,,,,,
"29-76-24-49","2b3dc96996f948f885dd3b1505281d0f",2,,,,,,,2,,"CHUINI",6,6000,5,12,2,,,3,4,3,2,2,,,,,,,,,,,,,,,
"29-90-32-99","9f349738c13945738f0fcac82fe05950",2,,,,,,,2,,"RANGITATU",4,4000,30,30,2,,,1,2,1,2,2,,,,,,,,,,,,,,,
"30-32-58-80","94eb3c0659614b39931c04086df0fe5c",2,,,,,,,2,,"MTAA WA MWANZO",0,6500,,,2,,,1,1,1,1,2,,,,,,,,,,,,,,,
"31-02-15-72","348369147018401aad245bfcb5738d49",2,,,,,,,2,,"KINYASINI",9,8000,1,5,2,,,3,1,3,4,2,,,,,,,,,,,,,,,
"31-38-01-30","cafb01ca04e749029420f7d0e28cf946",2,,,,,,,1,5000,"MUSOMA MJINI",20,5000,0,0,2,,,1,1,1,1,2,,,,,,,,,,,,,,,
"31-39-34-32","1098202b04f14babb73327314f5983ab",2,,,,,,,2,,"CENTRAL",3,6500,,,2,,,3,4,1,4,2,,,,,,,,,,,,,,,
"31-58-49-44","99d486eaa08a4ac8af07cb0673c8d0c9",2,,,,,,,1,,"MANZEZE",2,,,,2,,,3,3,3,3,2,,,,,,,,,,,,,,,
"31-71-96-41","6612b0c5c8014bc590ab236d3f8a67b1",1,1,20,0,1,0,0,2,,"LIMBANI",27,3000,2,2,1,18,9,1,3,1,3,2,,,,,,,,,,,,,,,
"32-23-82-81","9ee2aeeaadc34d49b3e9a27cf1c11fa8",2,,,,,,,2,,"KAHAMA MJINI",1,5000,,,2,,,3,3,1,3,2,,,,,,,,,,,,,,,
"32-24-12-67","125d8d8a804640ec8b0874f78b5d84c1",1,1,13,0,1,1,0,1,12000,"MWAMAPALALA",1,10500,4,10,1,20,16,4,2,4,2,2,,,,,,,,,,,,,,,
"32-36-85-03","79476515eb48416683895ba014ecc043",2,,,,,,,2,,"MJI WA KAYANGA",22,6000,3,1,1,120,50,1,2,2,2,2,,,,,,,,,,,,,,,
"32-60-26-67","d698872d083a4f3aab63fba3e1385d86",1,1,60,1,1,0,0,1,12000,"NYAMIKOMA",0,12000,15,80,1,70,25,3,4,2,4,1,18,183,0,0,0,0,1,0,0,0,0,0,0,0,2
"32-66-27-87","2a718ef1a4784eda94a1c077b1cbe868",2,,,,,,,1,6000,"MWANGA",0,6000,135,200,2,,,3,2,3,1,2,,,,,,,,,,,,,,,
"32-78-57-97","c9038cca0a5c46ffa45a80eb2a8f153c",2,,,,,,,2,,"KIZIMBANI",29.5,6000,8,6,2,,,3,4,3,4,2,,,,,,,,,,,,,,,
"33-09-36-22","cd4738c1cacd47e19da8175173ed95b0",1,2,600,1,1,0,1,1,7500,"KAHAMA",180,7500,0,0,2,,,2,4,2,4,1,14,147,0,0,0,0,0,1,0,0,0,0,0,0,2
"33-28-65-96","192b0578403c4a93ba6479062922aa97",2,,,,,,,1,5000,"MUUZAJI ANAPATIKANA KIJIJINI  AHAMURAMA",0.3,5000,0,0,1,200,50,1,4,2,3,2,,,,,,,,,,,,,,,
"33-31-71-25","49990debeaee42cb804cc691670e0e2c",2,,,,,,,2,,"NAGAGA",4,12000,1,10,2,,,4,4,3,4,2,,,,,,,,,,,,,,,
"33-50-28-47","7f5a7dfb98b14df19f3d900b65ef6ee6",2,,,,,,,1,12000,"BUTIAMA MJINI",31,12000,10,200,1,500,250,2,2,2,2,2,,,,,,,,,,,,,,,
"33-68-65-40","51bfa4b684b3404d8557a6a64f7835b7",2,,,,,,,1,12000,"MAGITO",3,400,0,0,2,,,1,2,1,3,2,,,,,,,,,,,,,,,
"33-69-81-55","b63b33a9c4364bd091c36ad0b8831869",1,3,40,0,1,0,0,2,,"MITAKAWANI",2,1000,0,1,2,,,1,2,1,4,2,,,,,,,,,,,,,,,
"33-77-33-77","58419d176d9a48baaa9c66b254a3938d",2,,,,,,,2,,"BUGURUNI",1,4000,110,110,2,,,1,1,3,2,2,,,,,,,,,,,,,,,
"33-93-86-11","43c8bc84316143628719f30613f7d4da",2,,,,,,,2,,"MBEYA MJINI",5,12000,21,16,2,,,2,2,2,3,2,,,,,,,,,,,,,,,
"34-15-64-27","6ced9d767bc441b9a06a1166982cce64",2,,,,,,,2,,"KATORO",2,5000,6,3,2,,,1,2,2,2,2,,,,,,,,,,,,,,,
"34-16-82-94","5cb5ad6abc0344b8b19eb50cd7d73989",1,1,57,1,1,0,1,1,6000,"IGWACHANYA",15,3000,6,6,1,150,36,5,3,4,3,2,,,,,,,,,,,,,,,
"34-64-64-19","b7bab450d3384920a28b9f3b6554eabd",2,,,,,,,1,6000,"MTAA WA MAJENGO STENDI KUU USHIROMBO",4,6000,6,24,2,,,3,4,3,3,2,,,,,,,,,,,,,,,
"34-76-48-19","57a192e1b8ac48c2a1b77aaa5048c77d",2,,,,,,,2,,"SAKALILO",3,6000,10,15,2,,,5,5,1,3,1,15,152,1,1,1,1,1,0,0,0,0,0,0,0,1
"34-80-29-34","bf1c3aecee284e258f22f85725f42b49",2,,,,,,,1,12000,"KALIUA",20,12000,25,4,2,,,3,2,3,3,2,,,,,,,,,,,,,,,
"35-69-84-11","15c2671c717b4d46b4467b5b68f1cfde",1,1,12,1,1,0,1,2,,"IHALO",7,1000,0,0,2,,,5,5,3,3,2,,,,,,,,,,,,,,,
"36-72-54-66","5c43e0b866744f9091b111e708859602",2,,,,,,,2,,"KIJIJI CHA NSHAMBA",2,8000,6,8,2,,,2,3,1,3,2,,,,,,,,,,,,,,,
"36-78-86-78","bdf1b37700e6445494d008e4ead01d7f",1,1,370,1,0,0,1,2,,"MTAMA",8,7000,20,65,2,,,2,1,4,4,2,,,,,,,,,,,,,,,
"36-81-06-00","46d48df7f4a4411398075c1dcb707b4a",1,1,120,0,1,0,0,1,600,"MASUMBWE",33,600,25,15,2,,,5,5,1,2,1,17,171,0,0,0,0,1,1,1,0,0,0,0,0,2
"36-91-68-94","f6c7d7c357e243c18c4020d27b2548cd",2,,,,,,,1,5000,"KAREMA",0,500,0,0,1,80,60,5,4,4,1,2,,,,,,,,,,,,,,,
"36-98-89-49","2c04a7ae80bb4764b6c47cc1c53655f8",2,,,,,,,2,,"UBUNGO",5,2500,30,28,1,30,30,2,2,1,1,2,,,,,,,,,,,,,,,
"37-27-71-31","5999ebc6135c4031ab2a360655509f4f",2,,,,,,,1,,"PWANI TEGETA",0.2,,30,22,1,26,16,3,3,1,3,2,,,,,,,,,,,,,,,
"37-37-76-26","77e5ea11bf7b4db9bf901b1feb9d070e",1,1,200,1,1,0,0,1,6000,"NYAHOLONGO",9,6000,24,20,2,,,2,2,1,2,2,,,,,,,,,,,,,,,
"37-75-00-81","4a638846ffe444069573d2bf846c37f5",1,1,56,1,1,0,1,1,5000,"MIPA",12,5000,10,0,2,,,5,1,1,1,1,14,142,0,0,0,0,1,1,1,0,0,0,0,0,2
"37-96-00-16","e95cc212f78342788a95b2a64485d521",1,7,64,0,1,0,0,1,1200,"IGOWOLE",10.5,2000,0,3,2,,,2,3,4,3,2,,,,,,,,,,,,,,,
"38-26-54-21","5cabcf457b23475f8986831763d110b5",2,,,,,,,1,6000,"SOKO KUN LA KASULU",2,6000,6,7,2,,,3,2,2,2,2,,,,,,,,,,,,,,,
"38-37-35-74","e5d7186001f84e3a9654cc73d633e4c0",2,,,,,,,1,5000,"KABOHA",3,6000,16,8,2,,,2,3,2,2,2,,,,,,,,,,,,,,,
"38-69-00-13","fd1406db080749f9a51f71bb79e4dc93",2,,,,,,,1,6000,"KIJIJI CHA SUMVE",9,5000,3,3,2,,,2,3,2,3,1,19,197,1,1,1,0,0,0,0,0,0,0,0,1,1
"38-70-89-36","d3aa7051c6a34dd5aca32b709fe97a5d",1,2,60,1,0,0,1,2,,"KASAUNGA",3,4000,7,4,2,,,1,2,2,1,1,15,152,0,0,0,0,0,0,1,0,0,0,0,0,2
"38-78-05-37","29c8d9a5d0af437894856b925778531c",1,1,80,0,0,0,1,1,2000,"TUNDURU",20,5000,0,30,2,,,4,4,2,4,2,,,,,,,,,,,,,,,
"38-87-40-88","af73ee1145f04ee69c3d084c7dfaffd4",1,2,150,0,1,0,1,2,,"BUKOBA MJINI",18,7500,0,25,2,,,2,1,1,2,2,,,,,,,,,,,,,,,
"39-13-14-77","fcd2bd96e91b45698d7973b3821889ca",1,1,2000,1,1,1,1,2,,"MOSHI MJINI",12,4000,1,3,1,200,102,2,1,1,1,2,,,,,,,,,,,,,,,
"39-17-14-72","bbfb6ee6cf4e4fffb2c39b84d5cbec66",2,,,,,,,2,,"MTWARA MJINI",3,,100,250,2,,,4,2,2,3,2,,,,,,,,,,,,,,,
"39-26-59-48","4dae65f7eb2e4ee1902d52dfa7335a85",2,,,,,,,2,,"LIMBANI",16,7000,1,0,1,57,40,3,3,1,2,2,,,,,,,,,,,,,,,
"39-27-42-33","2cae33cd8d35441eb7ac742efcd27f5b",2,,,,,,,2,,"IGOMA",2,5000,50,20,2,,,2,2,1,1,2,,,,,,,,,,,,,,,
"39-89-72-02","e5a143065e4c4facadb7731121117475",2,,,,,,,2,,"BARABARA YA NNE (TANGAMANO)",3,,20,120,2,,,4,4,4,4,2,,,,,,,,,,,,,,,
"40-32-55-76","4893e1a19e2d4440a02cedc08aaf659e",2,,,,,,,1,6000,"BABATI",21,6000,3,2,2,,,2,2,2,2,1,21,211,1,1,1,1,1,1,0,0,0,0,0,0,1
"40-34-18-65","97cfbb0a291b412d8e4f7d45d1e3a271",2,,,,,,,2,,"MAGOMENI",0,,,,2,,,3,1,3,1,2,,,,,,,,,,,,,,,
"40-75-08-64","4f455f10e1f54b33b76e1aaf040a96c5",2,,,,,,,2,,"KIGAMBONI",5,12000,50,200,2,,,4,2,2,3,2,,,,,,,,,,,,,,,
"40-86-20-47","96d658e3b03e48669a24da99dc24e2b7",,,,,,,,,,,,,,,,,,,,,,,,,,,,,,,,,,,,,
"41-07-41-06","f14b3eaf7ec346a9ac8663a97605b5b9",1,4,100,0,0,0,0,2,,"MPWAPWA",80,5500,0,2,2,,,3,1,2,4,1,1,14,1,1,1,1,0,0,0,0,0,0,0,1,2
"41-21-75-34","b0d39fc4044349968b86e08bb55307ba",1,5,25,0,1,0,0,1,12000,"MWAKIZEGA",0.1,12000,3,10,2,,,1,2,3,4,2,,,,,,,,,,,,,,,
"41-23-85-75","85e5f808719248919a65d78e2173fa2d",2,,,,,,,1,6000,"MPETA",13,2000,11,20,2,,,2,2,2,2,1,23,232,0,0,0,0,0,0,0,0,0,0,1,1,1
"41-50-91-05","c9dc170cded04c9e9aa8cebe2f43e539",2,,,,,,,2,,"MTAA WA BLOK T",0,12000,0,0,1,86,40,2,3,3,3,2,,,,,,,,,,,,,,,
"41-59-36-73","ff80932637a240fabb8995a2fb0c5042",1,3,78,0,1,0,1,1,1000,"MBONDO",5,1000,3,5,2,,,3,1,3,2,2,,,,,,,,,,,,,,,
"41-73-91-91","1f828c46e384401a80188e31eabc1470",1,1,80,1,1,0,1,2,,"NEWALA WILAYANI",30,1000,0,2,1,80,20,3,3,1,1,2,,,,,,,,,,,,,,,
"41-91-51-72","401f9e505bae4e0f9ad96094b1c19708",1,12,160,0,1,0,0,1,5000,"MKWAJUNI",1,6000,4,0,2,,,4,1,1,4,2,,,,,,,,,,,,,,,
"41-96-69-59","e933585507964a6d8fd90574824cc223",2,,,,,,,2,,"SINGIDA",6,6000,20,30,2,,,2,2,2,2,2,,,,,,,,,,,,,,,
"42-06-63-62","1c7c633ae925476bbbb12c4b740e4773",2,,,,,,,2,,"MLOLA",5,7000,3,0,2,,,1,2,1,2,2,,,,,,,,,,,,,,,
"42-50-49-96","4a6fd370f78144558b9cd27c0a523bdb",1,1,55,1,1,0,1,2,,"HUNGUMALWA",17,2500,3,6,2,,,3,4,3,3,2,,,,,,,,,,,,,,,
"42-50-81-42","b82f1052c90443feab80715f0debf0b7",2,,,,,,,1,6000,"KIKUNDE",29,6000,4,6,2,,,2,2,2,2,1,4,47,0,0,0,0,1,1,1,0,0,0,0,0,1
"42-84-08-46","a11fd4a5364e41149e9ffa0691e108cb",2,,,,,,,2,,"MAKAMBAKO",23,2000,0,0,2,,,4,2,2,2,2,,,,,,,,,,,,,,,
"42-90-14-91","505dc07020894b20bd8524f55b60e7b7",1,1,30,1,1,0,1,1,6000,"BUNGU",8,6000,0,10,2,,,3,1,2,2,2,,,,,,,,,,,,,,,
"42-94-68-65","8dbc98013ea449dc96f4bddd0829fca7",2,,,,,,,2,,"MUEMBELADU",5,8000,5,7,2,,,4,2,3,2,2,,,,,,,,,,,,,,,
"42-96-10-47","c2bfbc2124944b10822bc057172a43a6",2,,,,,,,1,6000,"KIMARA",3,8000,,,2,,,1,3,1,3,2,,,,,,,,,,,,,,,
"43-13-50-12","9b327eee441644fa9c60cc1ce475c819",2,,,,,,,2,,"DUKA LA PEMBEJEO MSAMVU",7,12000,0,0,2,,,2,2,2,3,2,,,,,,,,,,,,,,,
"43-18-08-76","f99b2651c0a44659ab5fd4d502d4ae39",1,1,42,1,1,1,0,1,6000,"ADELMASI MMARI",0,6000,0,0,2,,,3,2,1,1,2,,,,,,,,,,,,,,,
"43-26-90-09","2b9f26641bce46f9bc9c1c07fc7c6595",1,1,30,0,0,0,0,2,,"MAKUNDUCHI",12.8,9000,0,20,1,100,40,1,1,1,1,2,,,,,,,,,,,,,,,
"43-51-92-35","14836a6a1d584b6aa884961583841e86",2,,,,,,,1,6000,"ILULA",20,6000,1,1,2,,,1,1,1,1,2,,,,,,,,,,,,,,,
"44-04-67-22","19e24541cabe4988a0db49ae14b0f7d0",1,1,120,1,1,0,0,2,,"MAJALILA",5,6000,50,40,2,,,5,2,1,2,1,15,153,0,0,0,0,0,0,1,1,1,1,0,0,1
"44-09-88-30","597dabb527f44f8ea720b3800587d740",1,11,127,1,1,1,0,2,,"MLANDEGE",6,8000,26,39,1,60,40,3,1,1,1,2,,,,,,,,,,,,,,,
"44-15-06-31","0442d4465cbe4d1a9a35e1fe69d9d7b3",2,,,,,,,1,12000,"KINAMAGI",0,12000,6,7,2,,,3,4,3,3,1,14,145,0,0,0,0,0,0,1,1,1,0,0,0,2
"44-19-72-77","bd96286f17db48a9950317649c4ec678",2,,,,,,,1,6000,"KENYAMONTA",0.1,6000,6,4,2,,,3,3,3,2,2,,,,,,,,,,,,,,,
"44-33-82-64","5d06000469db4f19a3f0581b98da7610",2,,,,,,,2,,"KIJIJI CHA KIGOROGORO",2,7000,11,35,2,,,1,2,3,3,2,,,,,,,,,,,,,,,
"45-09-73-29","cb53fd104e0446d0acdb58a80c95641e",2,,,,,,,2,,"SONI",6,6000,0,0,2,,,2,1,2,1,2,,,,,,,,,,,,,,,
"45-27-93-47","b36cdabc46714c7dbf6ba97c017c3638",2,,,,,,,2,,"MBAGALA",5,3000,200,250,2,,,1,2,2,1,2,,,,,,,,,,,,,,,
"45-38-70-12","165b8fe85942452591ced9a6820d5708",1,1,100,0,1,0,1,1,6000,"KIJIJI CHA ITAKA",4,6000,3,5,2,,,4,3,1,3,1,,,0,0,0,0,1,1,1,1,1,1,0,0,1
"45-38-95-83","1f260d0e1b424caeae98053e36bc411d",2,,,,,,,1,6000,"KIGONSERA",20,6000,0,6,2,,,5,3,3,3,2,,,,,,,,,,,,,,,
"45-95-41-62","8b987ad6b53141b2857df3b28805db11",2,,,,,,,2,,"MANZESE",5,400,25,25,2,,,1,1,2,2,2,,,,,,,,,,,,,,,
"45-99-53-45","d13ccd5df52c427096d3b7c81b09832c",2,,,,,,,1,6000,"TANGA",4,6000,10,6,2,,,1,1,1,1,2,,,,,,,,,,,,,,,
"46-07-65-01","95adffdee2f4450e86ee14784a0bf5b9",1,1,45,1,0,0,0,2,,"MIKUMBI",0,12000,10,15,2,,,2,4,2,4,2,,,,,,,,,,,,,,,
"46-09-15-00","b8f84f6c68884733a485751831dc5376",2,,,,,,,1,6000,"IBOROGELO",5,6000,,,2,,,2,3,2,2,2,,,,,,,,,,,,,,,
"46-18-31-36","f133e6a6cd7d436f885815fbbc62cd80",2,,,,,,,1,6000,"CHIMALA",5,6000,0,5,2,,,1,1,1,1,1,12,127,1,1,0,0,0,0,0,0,0,0,0,0,3
"46-33-31-20","89750db895d64457bdcfcc8ca143af7e",2,,,,,,,2,,"MARUHUBI",5.6,7000,50,30,2,,,3,3,3,3,2,,,,,,,,,,,,,,,
"46-33-98-51","da855bf4b7654c08811714c1e8303861",2,,,,,,,2,,"LIMBANI-WETE",0.8,3000,0,30,2,,,3,2,1,3,2,,,,,,,,,,,,,,,
"46-49-76-04","1e499b55e516436d9c59338df8cec029",2,,,,,,,1,6000,"MTAKUJA",10,6000,,,2,,,1,2,2,2,2,,,,,,,,,,,,,,,
"46-65-58-97","71c12c06b5fc4a5a9d9dac3169a30345",2,,,,,,,2,,"MJJNI SOKO LA MBUYUNI",5,5500,40,30,2,,,1,1,2,2,2,,,,,,,,,,,,,,,
"46-90-51-46","4206c150cea94848b270de23645a68b2",2,,,,,,,2,,"MTWARA MJINI",68,1000,1,25,2,,,1,2,4,4,2,,,,,,,,,,,,,,,
"47-37-57-81","6ef675ef3ed6450bb99d74f2b310478d",2,,,,,,,2,,"BULIGE",16,7000,10,5,2,,,4,2,3,4,1,17,171,0,0,1,1,0,0,0,1,1,0,0,0,2
"47-77-49-35","9d0958b68d91453b827b59300014a60d",2,,,,,,,2,,"KWA HAJI TUMBO",16,8000,8,5,1,206,6,3,3,3,3,2,,,,,,,,,,,,,,,
"48-55-19-05","d66769e8d63645de8ed6530650607589",2,,,,,,,1,6000,"ARUSHA",9.6,6000,3,2,2,,,2,2,2,2,2,,,,,,,,,,,,,,,
"48-58-41-94","ae5e4302649b4e8982c13d041c8886c7",2,,,,,,,2,,"MBALIZI",2,6000,10,20,2,,,5,3,1,3,2,,,,,,,,,,,,,,,
"48-88-74-27","3000a4f11d824c75a399f223b5c9bf94",1,1,20,0,1,0,0,2,,"LINDI MJINI",84,6000,9,25,2,,,1,2,4,4,2,,,,,,,,,,,,,,,
"49-03-92-63","b491fdd944cc489981d96c018655aa23",1,3,55,1,1,1,0,2,,"CHAKE CHAKE",40,2000,1,0,2,,,1,1,1,3,2,,,,,,,,,,,,,,,
"49-19-04-48","367de8c2b21047c483736e9d470df962",1,2,10,1,1,1,0,2,,"DODOMA MJINI",3,5000,,,1,56,40,2,3,2,3,2,,,,,,,,,,,,,,,
"49-19-23-22","a99f63cbbd8245038e6ed2802c94c068",2,,,,,,,1,7000,"MARUHUBI",20,8000,0,0,2,,,3,3,3,3,2,,,,,,,,,,,,,,,
"49-22-31-97","a948698eef2344b599e37654aef831b8",2,,,,,,,2,,"AMANI",2.5,8000,5,6,2,,,4,4,2,4,2,,,,,,,,,,,,,,,
"49-42-36-30","191fb2b4a4f74a81bb0155b82bb833a2",2,,,,,,,2,,"KARIAKOO",11,6000,,,2,,,1,2,1,2,2,,,,,,,,,,,,,,,
"49-48-82-73","3028076d1e3e476593b20cb5a39eb5d4",2,,,,,,,2,,"MBEZI",5,5000,23,20,2,,,3,3,1,1,2,,,,,,,,,,,,,,,
"49-73-13-47","e9e9f54b90d4480db2d5c5a7292e7d7e",2,,,,,,,2,,"BAHI SOKONI",15,3000,18,3,2,,,5,5,3,3,2,,,,,,,,,,,,,,,
"49-75-61-59","e3be82b1ed0147af89643f86b1382c8a",2,,,,,,,2,,"MBEZI",2,6000,100,500,2,,,2,3,2,2,2,,,,,,,,,,,,,,,
"50-01-79-95","25a6c8119a5146f6aefa16cfacc93ff4",2,,,,,,,2,,"MWEMBELADU",8,7000,1,1,2,,,1,1,1,1,2,,,,,,,,,,,,,,,
"50-02-42-53","14907600d07a43fbabc36a76ed0399d1",2,,,,,,,2,,"UBINGA",15,6000,1,5,2,,,2,1,2,1,2,,,,,,,,,,,,,,,
"51-19-61-40","a24a5d3b6e02492695b956b3415871f3",2,,,,,,,2,,"MANZESE",2,5000,,,2,,,1,2,3,2,2,,,,,,,,,,,,,,,
"51-92-61-27","13f41b32a90b4c3e9fe9955976c9475f",2,,,,,,,2,,"BANANA",2,10000,20,50,1,875,401,1,3,1,3,2,,,,,,,,,,,,,,,
"51-99-24-51","5842d145c13d423a833932dd5f27dde8",1,1,100,1,1,0,0,2,,"LINDI",150,4000,8,10,2,,,3,2,4,2,2,,,,,,,,,,,,,,,
"52-01-16-40","90043f87344648f99a7c2c4b727099fa",2,,,,,,,1,6000,"MBULU",13,6000,2,3,2,,,2,2,2,2,2,,,,,,,,,,,,,,,
"52-15-61-09","27df821c3fa449a782848286dede981a",2,,,,,,,1,8000,"DUKA LA MBEGU AMANI",67,8000,30,60,2,,,3,2,3,2,2,,,,,,,,,,,,,,,
"52-45-58-27","0be236046c404b558ae6a25383f1267c",2,,,,,,,2,,"KAHAMA MJINI",12,9500,4750,,2,,,2,4,2,4,2,,,,,,,,,,,,,,,
"52-62-72-95","45b871be434048e090eaad7d65951005",2,,,,,,,1,7000,"MJI WA KATORO",1,7000,14,32,2,,,5,5,3,2,2,,,,,,,,,,,,,,,
"52-93-64-32","e4e9a82e18d74e04bd92536535359a24",2,,,,,,,2,,"KABINDI",1,6000,5,22,2,,,2,2,2,2,2,,,,,,,,,,,,,,,
"53-07-49-56","e56a8b1275394ae18edb1878d23a2b16",2,,,,,,,1,6000,"BULUNGAMILWA",0.5,6000,12,25,2,,,2,3,2,3,2,,,,,,,,,,,,,,,
"53-15-69-56","f1124eec85b74ff5936213a113b5d64b",2,,,,,,,1,12000,"MOSHI",2,12000,0,0,2,,,1,1,1,1,2,,,,,,,,,,,,,,,
"53-16-29-99","51fc1fbc9c2f47a7af4c675fc17bded4",2,,,,,,,2,,"PAMBA",5,5500,30,40,2,,,2,1,2,2,2,,,,,,,,,,,,,,,
"53-20-64-93","918b7e85940e40ad88f1d82ca73410dc",1,1,13,0,1,0,1,2,,"KONANNE",5,12000,15,15,2,,,2,3,3,3,1,17,171,0,0,0,0,0,0,0,0,0,1,1,1,2
"53-26-71-37","e7a1e4afbcc44feab9fc8e3ece243379",1,1,129,1,1,1,0,2,,"MARUHUBI",9.6,8000,68,31,2,,,3,4,3,3,2,,,,,,,,,,,,,,,
"53-51-12-15","ec05526324814239921678d12b25f067",1,1,36,1,1,0,1,1,6000,"SAME",3,6000,50,50,2,,,2,2,2,2,2,,,,,,,,,,,,,,,
"53-69-50-52","e92379a4efff4aa0aac3a8b1f33ba500",2,,,,,,,2,,"RANGITATU",1,2500,150,100,2,,,2,4,2,3,2,,,,,,,,,,,,,,,
"54-28-20-71","ca9e1929e6174446bae6647c91b28d29",1,16,224,0,0,1,0,2,,"LIMBANI-WETE",12.8,7000,8,0,1,12,6,3,4,1,4,2,,,,,,,,,,,,,,,
"54-36-46-92","eb545752053e4135b916dac793f89cb2",2,,,,,,,2,,"MARUHUBI",10,8000,5,30,2,,,3,3,1,2,2,,,,,,,,,,,,,,,
"54-45-30-51","76e20c2cda3f44bb916dbd0671d1a8cf",2,,,,,,,2,,"DODOMA MJINI",4,6500,,,2,,,2,2,2,2,2,,,,,,,,,,,,,,,
"54-56-92-33","ef36b869c7c14c9a8ea1427d99041e52",2,,,,,,,2,,"MZAMBARAUNI",3,2000,200,200,1,18,18,2,3,1,2,2,,,,,,,,,,,,,,,
"54-57-91-17","bb85e5cb1ad441878be5583634d32790",1,1,84,1,1,0,1,1,5500,"CHRISTINA MALIPESA",0,7000,2,0,2,,,3,3,3,3,2,,,,,,,,,,,,,,,
"54-74-34-13","caf589f4ac7e445597193c24ebe33bed",2,,,,,,,2,,"KIJIJI CHA MUBUDA",4,6000,8,20,2,,,2,3,2,2,2,,,,,,,,,,,,,,,
"54-87-63-82","0c43f755c17c4cefbf88a83b071f83bd",2,,,,,,,1,5000,"KIBAONI",1,5000,,,2,,,3,1,1,1,2,,,,,,,,,,,,,,,
"55-10-59-08","9399e8e059a14b6aad3315d083e666d2",2,,,,,,,2,,"TEGETA",4,6000,,,2,,,1,3,1,3,2,,,,,,,,,,,,,,,
"55-49-79-96","2e1b2c86d4ec4d158237f87641d6f9fc",2,,,,,,,1,6000,"KIJIJI CHA NYARUGUSU",2,6000,7,21,2,,,3,4,3,3,2,,,,,,,,,,,,,,,
"55-52-88-39","a39eb0efce854ee39cbb9f84a597f9b1",1,1,120,1,1,0,1,1,12000,"KENETH MWASHERA BWANASHAMBA",2,400,0,0,2,,,2,4,4,4,2,,,,,,,,,,,,,,,
"55-64-91-20","b7eb56c24748406ea75ff8d1953698e8",2,,,,,,,2,,"MILONGO",1,6000,20,40,2,,,3,3,2,3,2,,,,,,,,,,,,,,,
"55-81-07-30","6aa7bdc123654dc1820358164e974528",2,,,,,,,1,6000,"BUGARAMA",9,6000,30,35,2,,,1,1,1,1,1,17,175,0,0,0,0,0,0,0,0,1,1,1,1,2
"55-82-98-30","1559b6cd9fb745089b8f4daa4ff046dd",2,,,,,,,2,,"ARUSHA",50,6000,3,7,2,,,2,2,1,1,1,3,35,0,0,0,0,0,0,0,0,1,1,1,0,2
"55-96-15-98","528b0becd76c4871b627cc20498ffce2",2,,,,,,,1,6000,"MTAA WA NAUREI",0,6000,4,10,1,,,1,1,1,2,2,,,,,,,,,,,,,,,
"56-06-88-30","b9b5d4f2cafc4bbd862d1acc8dc7bfa2",1,3,60,0,1,0,0,2,,"NACHINGWEA",49,12000,3,20,2,,,3,2,1,2,2,,,,,,,,,,,,,,,
"56-41-32-21","f5ea9f12131b4c77b6f94ff055576977",2,,,,,,,2,,"LAELA",20,8000,2,4,2,,,5,4,1,3,2,,,,,,,,,,,,,,,
"56-47-04-88","df0144a1b60c47abae94f3492d316b5a",2,,,,,,,1,500,"ARUSHA",4,500,25,30,2,,,1,1,1,1,2,,,,,,,,,,,,,,,
"56-48-48-64","e775d95612f14714997bcee17cfd6476",2,,,,,,,2,,"KIJIJI CHA MARAMBA, WILIYA YA MKINGA",15,6000,1,2,2,,,2,1,1,1,2,,,,,,,,,,,,,,,
"56-81-75-32","2e5d0d86ea8c420cb3d6ab357c64f810",1,4,80,0,0,1,1,2,,"MWAMPALO",3,5000,10,4,2,,,4,5,4,3,1,14,144,0,0,0,0,0,0,0,0,0,0,1,1,2
"56-89-21-48","04e552f499eb4372af86db2a6f9fcfb7",2,,,,,,,2,,"DIDIA",10,4000,5,0,2,,,1,2,1,1,2,,,,,,,,,,,,,,,
"56-98-97-09","840d80d072714235a6013a397e1a2115",2,,,,,,,2,,"CHANG'OMBE",8,5000,10,500,2,,,3,3,3,2,2,,,,,,,,,,,,,,,
"57-17-70-66","60701ba742df4cac8fec4f99839ce5d5",2,,,,,,,1,6000,"DODOMA",1,6000,9,11,2,,,3,2,3,2,2,,,,,,,,,,,,,,,
"57-18-27-73","325196d639804870989c5645813dfc28",2,,,,,,,2,,"MIKUMI",8,7000,4,3,2,,,2,2,1,2,2,,,,,,,,,,,,,,,
"57-18-56-44","b54cede9853b41b4950ae1565695f7f6",1,8,120,0,1,1,0,2,,"MTAMBILE",9,2000,0,3,2,,,3,1,1,1,2,,,,,,,,,,,,,,,
"57-42-63-42","a5ac4d6073f74a7b925232557141af33",1,3,76,1,1,0,1,2,,"MASASI",15,7000,2,10,2,,,5,4,5,4,2,,,,,,,,,,,,,,,
"57-57-47-64","2ad94eeebad7436b8fdc6d81fd528e69",2,,,,,,,2,,"MARUHUBI",10,7000,14,22,1,35,31,1,3,2,4,2,,,,,,,,,,,,,,,
"57-64-79-66","1f43ed7c202a4586b8e548ccbd69c3b6",2,,,,,,,2,,"LUDEWA",16,12500,0,0,2,,,2,3,1,1,2,,,,,,,,,,,,,,,
"58-00-91-11","bf7041ac3d2042b8851971819ded7c99",2,,,,,,,2,,"NYERERE SQUARE DODOMA",6,5500,,,2,,,5,5,2,2,2,,,,,,,,,,,,,,,
"58-26-44-48","a0dae24c068f404ca1ff8b250cdfe828",2,,,,,,,2,,"TANDALE",0,12000,150,300,1,,,2,4,2,4,2,,,,,,,,,,,,,,,
"58-39-06-09","c6c4d81af2b8415f950623ef389193fa",2,,,,,,,2,,"MITIMIREFU",5,5500,2,1,2,,,1,1,1,1,2,,,,,,,,,,,,,,,
"58-80-03-38","807155a89a424a75b19745feca02e2e5",2,,,,,,,2,,"MOSJI MJINI",14,6000,6,8,2,,,2,2,1,1,2,,,,,,,,,,,,,,,
"59-08-38-46","1e98590eb4584a278c3602cd82674c2b",2,,,,,,,2,,"SOKO LA IGAWILO",100,6000,0,4,2,,,5,3,1,1,2,,,,,,,,,,,,,,,
"59-13-03-49","467289ce09d245efaa26dbdf13057484",2,,,,,,,1,5000,"MAKOLE",0.2,5000,0,3,2,,,1,1,1,1,2,,,,,,,,,,,,,,,
"59-26-85-37","4f47b2cf197945efa727c43b331e2dca",2,,,,,,,2,,"PONGWE",14,6000,1,2,2,,,2,2,2,2,2,,,,,,,,,,,,,,,
"59-80-69-00","06f51831c3c74d799c4dc7a1622ad3dc",2,,,,,,,1,6000,"KIKERERWA",0,6000,1,20,1,60,26,1,1,1,1,2,,,,,,,,,,,,,,,
"59-99-46-02","17daf20b3e434ebfab2918b5ac9ff794",2,,,,,,,2,,"GONGO LA MBOTO",2,5000,25,16,2,,,1,2,1,1,2,,,,,,,,,,,,,,,
"60-08-15-27","f14e56ebf1794a8eb327327a83179efa",2,,,,,,,1,,"DODOMA MJINI",3,,4,10,2,,,2,3,2,3,2,,,,,,,,,,,,,,,
"60-22-91-24","13f9446e5bd0488aac74098b29f732d7",2,,,,,,,2,,"MBEZI",0.5,2000,100,50,1,15,5,2,2,2,3,2,,,,,,,,,,,,,,,
"60-33-56-84","479043057b75453ea2edcff95b769205",2,,,,,,,2,,"MSAMVU",1.5,4000,20,25,2,,,3,3,2,3,2,,,,,,,,,,,,,,,
"60-38-63-60","1cbbe2c3d8364a9b823982f796fa2ca8",1,12,355,1,1,0,0,2,,"KINYASINI",4.8,15000,0,3,2,,,2,3,1,2,2,,,,,,,,,,,,,,,
"60-82-23-67","c95aea9004c44e7987a36f165038c296",2,,,,,,,2,,"MANZESE",2,2000,30,30,2,,,4,4,1,1,2,,,,,,,,,,,,,,,
"61-67-58-19","f9e7da47ec544fb2b332c4a6e70cd146",2,,,,,,,2,,"SONGEA MJINI",2,6000,25,40,2,,,3,4,1,3,2,,,,,,,,,,,,,,,
"61-94-13-01","9bf220588ea249df87990c6299492f23",2,,,,,,,1,5500,"LONGALOMBOGO",0,5500,10,3,2,,,2,2,2,2,2,,,,,,,,,,,,,,,
"61-95-67-05","eae04f9d44f04d41a5b915fad9e8e180",2,,,,,,,2,,"STENDI NDOGO ARUSHA",6,5500,30,50,2,,,5,5,1,1,2,,,,,,,,,,,,,,,
"62-74-07-27","ffb967d9e5c74a26ade30f318feb7b8c",2,,,,,,,1,7000,"7000",0,12000,0,0,2,,,5,3,2,1,1,5,53,0,0,0,0,0,0,0,1,1,1,0,0,2
"63-70-86-47","7e157d7177274f538caaca9a6e8d6105",2,,,,,,,2,,"MKUYUNI SOKONI",1,2500,5,1,2,,,2,2,1,1,2,,,,,,,,,,,,,,,
"63-90-91-25","fada39b7ffaf4aad9aab8236bf4c05ce",1,1,20,0,0,1,0,1,6000,"NDUGUTI",10,6000,3,1,2,,,3,2,1,2,1,13,136,0,0,0,1,1,1,1,1,1,0,0,0,2
"64-07-32-05","695da51d1ef54dfab81c3067203687bd",2,,,,,,,2,,"LUPIRO",35,10000,8,50,2,,,4,4,4,4,1,5,54,1,0,0,0,0,0,0,0,0,0,0,1,1
"64-59-58-64","d78767c97856482b9eb8c29a8e839de5",2,,,,,,,2,,"IFUNDA",2,6500,,,1,,,1,1,1,1,2,,,,,,,,,,,,,,,
"64-65-01-44","3152b71dd51e45b2a554d90693c57e9b",2,,,,,,,1,12000,"DUTWA",25,12000,10,0,1,50,40,4,2,2,2,1,16,163,0,0,0,0,1,1,0,0,0,0,0,0,1
"64-73-64-28","a60104175ece44a882427c3a6620a88d",2,,,,,,,1,6500,"IGOWOLE",20,6500,,,2,,,1,1,1,1,2,,,,,,,,,,,,,,,
"64-74-56-94","9ee6dac9291e47d1bf2feddb08051e6c",2,,,,,,,2,,"GAIRO",6,6000,0,0,2,,,1,1,1,3,1,21,215,0,0,1,1,1,0,0,0,0,0,0,0,2
"64-90-86-83","b88daedc66a64aa8bbfd528d9370e8fc",1,1,35,1,1,0,0,1,10000,"ISELAMAGAZI",0,12000,,,2,,,2,3,3,4,1,14,143,0,0,0,0,0,0,1,0,0,0,0,0,2
"65-13-11-41","2092478b22284ed3aae6a81aa52fcf24",1,5,75,1,1,1,1,1,7000,"MJI WA BUKOBA",30,6000,0,15,2,,,1,1,2,2,2,,,,,,,,,,,,,,,
"65-81-67-44","0ebe512b412c4f0495e29b39297e9c42",1,1,200,1,1,0,1,2,,"NAMTUMBO",71,13000,2,10,2,,,3,4,2,4,2,,,,,,,,,,,,,,,
"66-60-19-68","c2861c5d513b4374b4d5963df3340494",2,,,,,,,2,,"KWA HAJI TUMBO",6.5,8000,0,0,2,,,3,2,2,3,2,,,,,,,,,,,,,,,
"66-87-67-48","b08312442fb842cea466f4cdd7c5e7f6",2,,,,,,,2,,"MULEBA",25,7000,,,2,,,3,2,3,2,2,,,,,,,,,,,,,,,
"67-18-71-96","0f1861c554234d68b89dd362ee35f49d",2,,,,,,,2,,"MTWARA MJINI",5,500,5,15,2,,,4,4,3,3,2,,,,,,,,,,,,,,,
"67-43-52-36","b27c19f0b9984877ad2a5fc119576e76",2,,,,,,,2,,"NANSIO",9,6000,4,3,2,,,3,4,2,2,2,,,,,,,,,,,,,,,
"67-53-49-12","27a5fc9732394bf0aad29c5a415054af",2,,,,,,,2,,"BUHONGWA",4,5500,15,26,2,,,4,3,3,3,2,,,,,,,,,,,,,,,
"67-53-62-24","8c79e16a7a5b4aa29dbd200e7847316c",2,,,,,,,1,6500,"KIJIJI CHA BULYAHILU",4,5500,0,5,2,,,1,1,1,1,2,,,,,,,,,,,,,,,
"67-88-35-02","f577f61ab2a040099fa593b6f0a765f4",1,1,300,0,1,0,1,2,,"NYAISHOZI",15,5000,15,8,2,,,1,1,1,1,2,,,,,,,,,,,,,,,
"67-97-74-04","a02c55771b97476ca485b47914766d08",2,,,,,,,1,6250,"MINYUNGHE",20,6000,4,3,2,,,4,4,2,3,1,13,135,0,0,0,0,0,0,0,0,0,0,0,1,2
"68-27-78-23","9dae409b6cf447cf822894ddd5d76616",2,,,,,,,2,,"MBAGALA RANGITATU",4,2000,10,10,2,,,3,4,2,2,2,,,,,,,,,,,,,,,
"68-28-46-82","e6a36c5a2f714c0ea5f3464f3500a1b6",1,1,33,1,1,0,1,1,5000,"KIBAONI- KATANI",12,1000,0,1,2,,,4,4,1,3,1,15,153,0,0,0,0,1,1,1,1,1,0,0,0,2
"68-31-19-50","896d20727c3f4d41951ddbd9c4369843",2,,,,,,,2,,"IKOLANDOTO",2,6000,,1,2,,,3,3,3,3,2,,,,,,,,,,,,,,,
"68-41-25-91","2e4a826b41d74cc38e288fe75d68245f",2,,,,,,,1,6000,"NYAWILIMILWA",5,2000,3,4,2,,,2,3,2,3,2,,,,,,,,,,,,,,,
"68-44-83-99","94247a05d594489baa67dc74943ea639",1,7,70,1,1,1,0,2,,"KIZIMBANI",9.6,7000,3,4,2,,,1,3,1,3,2,,,,,,,,,,,,,,,
"68-53-75-05","9da9f449b8b04b72b22d6b57d7b65ae8",2,,,,,,,2,,"MPUNGUZI",5,8000,5,15,2,,,1,2,1,2,1,1,14,0,0,0,0,0,0,0,0,0,1,1,1,2
"68-65-93-02","e9397d0f82ad4bfba9cf51e5f8041e33",2,,,,,,,2,,"TAMBUKARELI",3,5000,0,0,2,,,3,3,3,3,2,,,,,,,,,,,,,,,
"68-73-55-08","e4f3455cc51e425e91c53afd4ac8b214",2,,,,,,,2,,"MANISPAA YA SONGEA MJINI",3,12000,2,0,2,,,1,4,4,4,2,,,,,,,,,,,,,,,
"69-21-22-84","ca0d36fcf25d43f9a33167b4b93205fa",1,2,260,1,1,0,1,1,6000,"KIJIJI CHA WACHAWASEME",2,6000,5,10,2,,,3,3,1,2,2,,,,,,,,,,,,,,,
"69-31-53-12","6d39df0a5a674d3188c9b0ac6489b314",2,,,,,,,2,,"MAKAMBAKO MJI",1,6000,0,0,2,,,5,1,3,1,2,,,,,,,,,,,,,,,
"69-43-45-37","1b3f2cc913f54721800e147313d5ab68",2,,,,,,,2,,"TANGA MJINI",2,2000,4,10,1,15,15,1,4,2,4,2,,,,,,,,,,,,,,,
"69-50-05-57","e33f57dfb7b84f53858a83ac171ee62a",1,1,40,0,1,0,0,2,,"MLANDIZI",0,12000,20,150,1,150,110,2,2,3,2,2,,,,,,,,,,,,,,,
"69-86-63-02","2a082a840e3446b1ae41e76d0befcbbc",2,,,,,,,2,,"IWAWA",7,6000,0,21,2,,,3,2,2,3,2,,,,,,,,,,,,,,,
"69-86-71-39","f4537b7c6c8440ed94409f23e12ea4c4",2,,,,,,,1,6000,"MERERANI",0.6,6000,15,16,2,,,2,2,2,2,2,,,,,,,,,,,,,,,
"70-46-01-49","e0ca431d47684c169972c0ce2e9e97bb",2,,,,,,,2,,"MKUTI",2,5000,10,70,2,,,2,2,4,4,2,,,,,,,,,,,,,,,
"70-54-85-53","d73678610d1c4314b3630a78716e6605",2,,,,,,,1,6000,"MAMULI",100,6000,0,0,1,,,1,1,1,1,2,,,,,,,,,,,,,,,
"70-77-10-40","710b44bd42ab451087304ca68e4c7e9a",2,,,,,,,1,6000,"SIRARI",16,5500,0,0,2,,,5,4,2,1,2,,,,,,,,,,,,,,,
"70-88-77-37","b834a9a3239a4992b0cf29b31cca5572",2,,,,,,,2,,"DODOMA MJINI",16,5000,,50,2,,,3,2,2,1,2,,,,,,,,,,,,,,,
"70-88-93-42","d9aa6e339c7e4eb183f6854ba046085a",1,2,100,0,1,0,0,1,11000,"ARUSHA",43,11000,0,15,2,,,5,3,5,5,1,21,215,0,0,0,0,0,0,0,1,0,1,0,0,1
"71-14-74-57","986c71d5d3e24c888bc3433d01a8ad64",1,3,236,0,1,0,0,2,,"LALAGO",7,6000,9,5,2,,,2,3,2,2,2,,,,,,,,,,,,,,,
"71-44-36-11","8f6af765e99d400f81b359fe46461c46",2,,,,,,,1,5000,"BUSO NGO AMCOS",0,5000,3,0,2,,,,,4,2,2,,,,,,,,,,,,,,,
"71-46-61-43","56f34a5a9fd24bcb866f2364511f3e45",2,,,,,,,1,6000,"NDAPWA",4,6000,4,0,2,,,5,4,1,3,2,,,,,,,,,,,,,,,
"71-49-76-64","5d4c9003739a43239a3ea474bcf69e8b",1,3,90,0,1,1,0,2,,"FUJONI",5,8000,1,0,2,,,3,4,4,1,2,,,,,,,,,,,,,,,
"71-55-62-56","2c51d376dec44350b384686485e7f87b",2,,,,,,,2,,"RANGITATU",1,400,50,50,2,,,2,2,1,2,2,,,,,,,,,,,,,,,
"71-62-74-52","3ca15d60c14d4d3aa5e1a004f6841e6c",2,,,,,,,1,6000,"TANGA",2,6000,6,9,2,,,2,2,2,2,2,,,,,,,,,,,,,,,
"71-69-84-38","4d4c4e5485c3467f894b18cb63bf5332",2,,,,,,,2,,"KASULU MJINI",60,6000,7,0,2,,,5,4,1,4,1,16,167,0,0,0,0,0,1,1,1,0,0,0,0,2
"72-09-40-52","04963ef762834b55ad7af5ccfce0dfdf",2,,,,,,,1,5000,"MWANAKWEREKWE",1.5,5000,8,26,2,,,3,3,1,1,2,,,,,,,,,,,,,,,
"72-21-11-65","9a9447056768482cbf426a2346d83353",2,,,,,,,2,,"BUTIMBA",0.5,6000,30,50,2,,,2,2,2,2,2,,,,,,,,,,,,,,,
"72-83-64-12","83985e7b080342968f59e2a18f9ee815",2,,,,,,,2,,"MWANGA",19,4000,15,8,2,,,5,3,1,3,1,3,34,1,0,0,0,0,0,0,0,1,1,1,1,3
"73-11-12-85","ab8dbb46c0974fefa32004966337caa9",2,,,,,,,1,12000,"TUNDURU MJINI",10,12000,4,1,1,109,18,1,1,3,4,2,,,,,,,,,,,,,,,
"73-17-49-24","b40cf7fde8ac422f92b754bc5e8e16c8",1,1,60,0,1,0,1,2,,"MTWARA MJINI",50,7500,8,40,1,60,15,1,1,2,2,2,,,,,,,,,,,,,,,
"73-18-91-78","56c31995450e4696a30c3cf43bdc2098",2,,,,,,,1,5000,"MJI WA BENAKO",7,1000,15,29,2,,,1,2,2,3,1,18,184,0,0,0,0,0,1,1,1,0,0,0,0,2
"73-35-38-38","41e5b2fe3fbc464d8870515ba17ca5dd",2,,,,,,,2,,"MANZESE",1,4000,200,200,1,120,48,3,2,1,4,2,,,,,,,,,,,,,,,
"73-49-58-61","9cf8711d64da4eda8e9e7f30d541ee00",2,,,,,,,2,,"KONGO KIJIJI KWA MALE",7,6000,0,0,2,,,3,3,3,4,2,,,,,,,,,,,,,,,
"73-84-08-59","95652a7730b946b7bb692c5d4f56ffc6",2,,,,,,,2,,"SOKO LA KATI",4,12000,16,20,1,254,121,3,3,4,1,2,,,,,,,,,,,,,,,
"74-08-21-61","be87f4e96d854f55bdcb608ef6cb5c28",2,,,,,,,1,6000,"NYAMUSWA",0,6000,,,1,70,30,1,3,1,3,2,,,,,,,,,,,,,,,
"74-63-46-98","bf9a124e899e46568c8e4272f9f02a62",2,,,,,,,2,,"MTINKO",15,6000,0,0,2,,,1,1,2,2,1,13,133,0,0,0,0,0,0,0,0,1,1,1,0,1
"75-04-18-43","caa805ee95a64c4d9edca1ea704030e1",2,,,,,,,2,,"MAGU",15,5500,6,8,2,,,2,4,1,2,2,,,,,,,,,,,,,,,
"75-48-08-27","1144c4f7db1e4524b686a020b24df778",2,,,,,,,1,6000,"MWANJELWA",6,6000,6,8,2,,,5,3,1,3,2,,,,,,,,,,,,,,,
"75-50-63-56","635264b2119845379ad0ab92f905ac5b",1,2,30,1,1,1,0,2,,"KOROGWE MJINI",14,6000,0,3,2,,,1,1,3,4,1,4,46,1,0,0,0,0,0,0,0,0,0,1,1,2
"75-62-04-49","4bb0096a24a543cf8860946b5deb2e62",2,,,,,,,2,,"BUGURUNI",200,6000,0,0,2,,,5,4,1,3,2,,,,,,,,,,,,,,,
"75-70-17-13","dcb4587bbc5e444e8774c64b5184ace4",2,,,,,,,2,,"MBAGALA RANGI TATU",3,6500,16,14,2,,,1,3,1,3,2,,,,,,,,,,,,,,,
"75-74-23-94","c362363131b94433a81a4766f2bfe1b2",2,,,,,,,2,,"NGUDU",0.5,6000,100,100,2,,,2,2,2,2,2,,,,,,,,,,,,,,,
"75-92-25-12","a70e8ea4b694497b8e948a60f798997e",1,1,500,0,0,0,1,2,,"TANDAHIMBA",59,11500,10,30,2,,,2,5,5,3,2,,,,,,,,,,,,,,,
"76-08-59-31","0e8543db68e64eeabeb44e4cb1200a21",1,13,206,0,1,0,0,2,,"CHAKE CHAKE",19.2,6000,0,0,2,,,3,4,2,4,2,,,,,,,,,,,,,,,
"76-71-24-28","f42b3cff8e7542349510b72ff79b97c6",1,1,118,0,1,0,0,1,6000,"NJOMBE MJINI",4,6000,0,0,1,272,245,5,5,2,2,2,,,,,,,,,,,,,,,
"76-93-90-55","925345c8cb9c4be3bc12178fafd5c0d7",2,,,,,,,2,,"ILALA",5,4000,100,100,2,,,2,2,2,3,2,,,,,,,,,,,,,,,
"77-22-18-51","b7bf6b633ad04f4e9a717968e347a9e7",1,2,40,0,0,0,1,1,6000,"IGUNGA",0.2,6000,50,100,2,,,4,5,3,4,2,,,,,,,,,,,,,,,
"77-42-97-77","fef6a76e1bb54d098d8f16624b89f5a3",1,4,59,1,1,0,0,1,4000,"KIJIJI CHA NDITU",2,0,0,94,2,,,1,4,3,2,2,,,,,,,,,,,,,,,
"77-52-04-97","d9914452244941388c5b8bcb5d733be3",2,,,,,,,1,6000,"ARUSHA",1,6000,7,9,1,51,10,1,1,1,1,2,,,,,,,,,,,,,,,
"77-76-56-50","620c1bddb1e34d9ea13def8af6fb7328",1,18,246,0,1,0,0,2,,"CHAKE CHAKE",30,2000,0,0,2,,,2,2,3,4,2,,,,,,,,,,,,,,,
"77-90-43-10","899ac1ad6a7a4bec8d3a89d04509486d",1,2,500,1,1,0,1,2,,"RUNZEWE",3,5000,7,40,2,,,3,3,3,2,1,18,184,0,0,0,0,0,1,1,1,0,0,0,0,3
"78-44-73-52","2794ee8f8b604873a6fb9133ce96ef50",2,,,,,,,2,,"BILELE",2,5000,10,5,2,,,2,4,2,3,2,,,,,,,,,,,,,,,
"78-83-02-82","0fa9af9aa68f4ac9b401795410d354aa",2,,,,,,,2,,"BUHONGWA",12,6000,2,10,2,,,2,2,3,3,2,,,,,,,,,,,,,,,
"78-97-99-58","4beddcfa90a942bfa420d2f1fce1aab4",2,,,,,,,1,6000,"IFUNDA",45,3000,0,0,1,1587,847,5,5,1,3,2,,,,,,,,,,,,,,,
"79-01-64-21","c262e6ff367d47d78d0c51b127d2aca6",1,4,52,0,1,0,0,2,,"WENI",5,7000,0,5,2,,,3,2,1,2,2,,,,,,,,,,,,,,,
"79-09-08-53","4a03266da70c4f358558b877c0c2e024",2,,,,,,,1,6000,"KABUKU",0.5,6000,50,40,2,,,1,2,1,2,2,,,,,,,,,,,,,,,
"79-27-57-79","4ecba26a53b844e4ad16274d9cb53847",2,,,,,,,2,,"SUMBAWANGA MJINI",5,6000,100,90,2,,,5,1,4,3,2,,,,,,,,,,,,,,,
"79-41-82-58","943fb6c176d746cd80d3a6da8bf7567c",2,,,,,,,1,6500,"BANANA",3,6500,,,2,,,1,3,1,3,2,,,,,,,,,,,,,,,
"79-42-29-08","bf89851c4d80445baa9b811c96c105ec",2,,,,,,,2,,"MUNZANI",34,6000,21,9,2,,,2,3,3,2,1,18,184,0,0,0,0,0,1,1,1,1,1,1,0,2
"79-44-80-79","429d3bb6c0cd4db38d361aebd93138a7",2,,,,,,,2,,"MBEYA MJINI",10,6000,0,50,2,,,5,4,1,4,2,,,,,,,,,,,,,,,
"79-53-96-30","4e20a63c5a7e456ba766ac32dd03dd59",2,,,,,,,1,6000,"MWADINGA",18,6000,18,6,1,32,20,2,2,2,3,2,,,,,,,,,,,,,,,
"79-57-43-88","7af8d6f490d34503b9f5ada6d1b978d0",2,,,,,,,1,4000,"SHINYANGA",,5000,,15,2,,,1,1,3,3,2,,,,,,,,,,,,,,,
"80-69-14-11","b0bb817f9b4640fab624ac2bd96d1393",2,,,,,,,2,,"NYAGOTO",19,6000,0,0,1,26,9,3,2,1,1,2,,,,,,,,,,,,,,,
"80-72-14-74","155149dde98a4459be442d58a9b919ea",2,,,,,,,2,,"JUMBI",6,6000,10,20,2,,,2,2,2,2,2,,,,,,,,,,,,,,,
"81-09-47-30","3174571d030f4ac180dd9105d070da31",2,,,,,,,1,1000,"MAHENGE",40,5000,5,10,2,,,3,2,2,1,2,,,,,,,,,,,,,,,
"81-60-33-05","f35516423cb149e69e289374ad87e354",2,,,,,,,2,,"BUGURUNI",2,5000,,,2,,,3,3,3,3,2,,,,,,,,,,,,,,,
"81-63-39-16","61275c87a7394ab6abfe0e69bd48efa1",2,,,,,,,1,6000,"MWANKALI",0.2,6000,6,9,2,,,1,1,1,1,1,17,172,1,0,0,0,0,0,0,0,0,0,0,1,2
"81-64-65-29","6f588965c68f4cdf96717d3b3ee96d0a",2,,,,,,,2,,"NGARAMTONI",4,6000,9,0,1,480,400,2,2,2,2,2,,,,,,,,,,,,,,,
"82-00-70-67","1c8285eaed7943f6bc4e8af04cfef016",2,,,,,,,2,,"MTAA WA SOWETO",1,6000,0,0,2,,,5,3,3,3,2,,,,,,,,,,,,,,,
"82-17-90-70","15e67277b5d243b38c6e18cde2266a86",1,4,100,0,0,1,1,2,,"CHAKE CHAKE",,7000,0,4,2,,,5,3,5,3,2,,,,,,,,,,,,,,,
"82-26-76-44","842940c8c5e94feaba514018f8bbf280",2,,,,,,,1,6000,"KIJIJI CHA BUSUNZU",2,6000,6,7,2,,,2,2,2,2,2,,,,,,,,,,,,,,,
"82-75-74-79","14df7f3205094f6cb1ad0ebc0dffd57b",2,,,,,,,2,,"UKUMBI",10,6500,,,2,,,3,2,3,2,2,,,,,,,,,,,,,,,
"82-77-75-50","faca2f10a55e4dc680ae094982285aa7",2,,,,,,,1,6000,"ARUSHA",7,6000,10,15,2,,,2,2,2,1,2,,,,,,,,,,,,,,,
"82-84-35-90","7f59f51a87ae48558aed72acef0fca57",1,3,30,1,1,0,1,1,5000,"BWAWANI",1,5000,3,7,2,,,3,2,3,2,2,,,,,,,,,,,,,,,
"83-10-26-33","184226059a514ae09d5ea8828e3f8197",2,,,,,,,1,8000,"MELINNE",8000,8000,20,19,1,1670,1046,2,3,1,3,2,,,,,,,,,,,,,,,
"83-16-59-09","2e95e11779ab4980bd789a1f3e50ddcd",1,1,25,1,1,0,0,1,1700,"CHUINI",2,2000,3,10,2,,,3,1,1,2,2,,,,,,,,,,,,,,,
"83-19-75-78","80a444be5f594bbbb262c0a5f367c8a4",1,1,40,0,0,0,0,2,,"HOMBOLO BWAWANI",40,7500,0,0,2,,,1,3,1,3,2,,,,,,,,,,,,,,,
"83-31-96-57","c9f7efb1b0bd4ee08d16619193b3d031",2,,,,,,,2,,"KARIAKOO",7,3000,,,2,,,3,3,1,3,2,,,,,,,,,,,,,,,
"84-07-21-54","15971b4b80174f389ebdebefa777e789",1,3,200,1,1,0,0,1,6000,"MWASUBUYA",3,6000,10,0,2,,,3,3,3,3,2,,,,,,,,,,,,,,,
"84-08-31-48","5ed48f906d4a4b4880de3ac100c21781",2,,,,,,,2,,"TANDALE",3,3000,100,100,2,,,2,4,1,3,2,,,,,,,,,,,,,,,
"84-53-49-90","fadb274b86e54c34ae7f02c1cfec2811",2,,,,,,,2,,"MBEYA",1,1200,0,,2,,,4,4,3,4,2,,,,,,,,,,,,,,,
"84-56-25-62","95aa51bd859345a7b74e883c7d06695d",2,,,,,,,2,,"KWA HAJI TUMBO",2,7000,45,7,2,,,2,4,2,3,2,,,,,,,,,,,,,,,
"84-60-65-99","0bcd7c1503124ac790e8173f5893c5a9",2,,,,,,,2,,,,,,,2,,,1,3,1,3,2,,,,,,,,,,,,,,,
"84-69-14-20","567e4e70e86347438bf16707195cdb05",2,,,,,,,1,6000,"HAPA HAPA USSOKE",0.7,6000,10,48,1,35,35,5,5,1,3,1,16,166,0,0,0,0,0,0,0,1,1,1,0,0,2
"84-73-49-07","e8d9d3f70cc84637bb4de9f566604de3",1,1,200,0,1,0,1,2,,"LIWALE",10,5000,0,0,2,,,3,2,3,1,2,,,,,,,,,,,,,,,
"85-22-26-85","2bda2c1eac93432c8d896537c3fd80e3",1,1,40,0,1,0,1,1,5000,"BAGAMOYO",39,5000,100,100,2,,,2,2,2,2,1,6,65,0,0,0,0,0,1,1,1,0,0,0,0,2
"85-50-79-16","08729eb4dd9f46b481f6cd8884521dc0",2,,,,,,,1,8500,"ANTHON MARTIN",0,13000,20,0,2,,,3,4,1,1,1,6,61,0,0,0,0,0,0,0,0,0,0,1,1,1
"85-58-55-89","7215b6d570d74650bba1f5e987955658",1,1,,1,1,0,0,1,,"ARUSHA",,,16,15,2,,,2,2,1,1,2,,,,,,,,,,,,,,,
"86-02-90-85","16e93c13755944b587ad1f4e4eb15be1",2,,,,,,,2,,"KIZIMBANI",100,7000,5,8,2,,,1,1,1,1,2,,,,,,,,,,,,,,,
"86-10-69-35","8305b1731ef045ee875944e5dfd0f929",2,,,,,,,2,,"UBUNGO",4,5000,50,40,2,,,1,4,1,2,2,,,,,,,,,,,,,,,
"86-49-04-76","91d72c55c3de4f8bb60f5c78388cc102",2,,,,,,,1,7000,"KIGOMA MJINI",94,6000,7,0,2,,,2,3,2,2,2,,,,,,,,,,,,,,,
"86-80-40-00","c6927d58fbbc444d86aea583ed45cb2a",2,,,,,,,2,,"TENGERU",1.6,6000,4,6,2,,,2,1,2,1,2,,,,,,,,,,,,,,,
"86-90-96-40","f3743cf3a1b74f91af904ff8abb2c027",1,2,15,0,0,0,0,2,,"MUEMBE LADU",1,6000,0,0,1,15,8,3,3,2,3,2,,,,,,,,,,,,,,,
"86-92-25-33","e586593b34644fb9a3f66401c9d54e60",2,,,,,,,2,,"NGYEKE",10,13000,2,,2,,,4,4,3,3,2,,,,,,,,,,,,,,,
"86-98-23-70","5c274d1eb09844af94eb3451358f0c34",1,5,66,1,1,1,0,2,,"KIFUNDI",6.4,1000,0,10,1,20,18,2,4,1,1,2,,,,,,,,,,,,,,,
"87-06-46-28","fb8d73ee3ffd4dc7be7217ca7ff886b6",2,,,,,,,2,,"KIRANJERANJE",6,10000,0,60,2,,,3,3,4,2,1,8,81,0,0,0,0,0,0,1,1,0,0,0,0,1
"87-17-52-54","71eda08210544fe6955421246bee256c",2,,,,,,,2,,"MARUHUBI",6.4,7000,36,70,2,,,1,3,2,2,2,,,,,,,,,,,,,,,
"87-30-25-18","0ab9d4f4756f48d091e2f7a4d7089be1",2,,,,,,,2,,"MBAGALA",4,3000,1000,1000,2,,,3,3,3,3,2,,,,,,,,,,,,,,,
"87-38-35-52","1354e0ed18054aa594be124c2cbcf8ca",2,,,,,,,2,,"GEITA MJINI",3,6000,,,2,,,2,1,1,2,2,,,,,,,,,,,,,,,
"87-46-51-34","041a98d8dd484746b35b0a2233ab4dc6",1,2,750,0,1,0,0,1,6000,"UDURU",0,6000,2,1,2,,,1,1,1,1,2,,,,,,,,,,,,,,,
"87-55-65-27","cac6e574885448b78691dd7000705a42",2,,,,,,,2,,"SOMANDA",12,5500,0,2,2,,,1,1,3,2,2,,,,,,,,,,,,,,,
"87-66-47-57","0c3e0728968f454e8317f60d9c39dde9",2,,,,,,,1,6000,"MISWAKI_ UYUI",11,6000,16,12,2,,,3,3,1,3,1,14,143,0,1,1,1,0,0,0,0,0,0,0,0,2
"88-06-41-65","ee71eb22cc564e3bb993ee1478ce828a",1,1,51,1,1,0,1,1,6000,"HUNGUMALWA",7,6000,5,5,2,,,2,3,1,4,2,,,,,,,,,,,,,,,
"88-16-97-35","78c4e98519c442f3824c2929a0d4be2f",2,,,,,,,1,6000,"ARUSHA MJINI",2,11500,0,0,1,,,1,2,1,2,2,,,,,,,,,,,,,,,
"88-25-09-57","7a8b0e3237a3493fb08396fb4f70fc27",1,1,126,1,1,0,0,2,,"NYASHIMO",3,1000,16,22,2,,,5,5,1,1,2,,,,,,,,,,,,,,,
"88-59-39-10","3121d15662604a64bf868d7c01aa0a08",2,,,,,,,2,,"KWA HAJI TUMBO",10,6000,5,20,2,,,2,1,2,2,2,,,,,,,,,,,,,,,
"88-67-87-75","683e31d2a4f347628625ffe598a96b4e",2,,,,,,,1,6500,"MAKUTUPORA",0,6500,,,2,,,1,1,2,3,2,,,,,,,,,,,,,,,
"89-52-41-90","b320186e6fff4dbd8935c0c0bc561c5e",2,,,,,,,1,12000,"MIKUMI",0,12000,0,3,2,,,2,2,3,4,1,5,53,0,0,0,0,0,0,0,0,1,1,1,1,2
"89-55-49-95","e4b41cb30f6a45169388727da6d19d5d",2,,,,,,,2,,"MBAGALA",3,3500,180,180,2,,,3,3,3,3,2,,,,,,,,,,,,,,,
"89-59-80-00","b6004f1f6af44f35922f86141f8afad3",2,,,,,,,1,6000,"MRELE",2,6000,0,0,1,500,300,2,2,2,2,2,,,,,,,,,,,,,,,
"89-61-03-23","077e23e53d3645e7bde2ecab41ebf2d8",2,,,,,,,2,,"KASULU MJINI",3,1000,2,4,2,,,2,2,3,2,2,,,,,,,,,,,,,,,
"90-01-93-17","1e73caa84520478ea865ee63f049f58d",2,,,,,,,1,6000,"MTAA WA MPANDA MJINI",2,5000,3,15,2,,,3,3,2,2,2,,,,,,,,,,,,,,,
"90-06-89-54","cbc8caab47f64451bb4fd7e9dcdd5550",2,,,,,,,1,6000,"MTWANGO",5,6000,0,0,2,,,5,4,3,1,2,,,,,,,,,,,,,,,
"90-18-13-09","036e6286db5f4aa4bc66d14ada599e93",1,1,275,0,0,1,1,1,12000,"USA RIVER",0,12000,7,4,2,,,1,1,1,1,2,,,,,,,,,,,,,,,
"90-23-51-75","3904036fad70430993df2854bb6bff07",2,,,,,,,1,6500,"KISHINDA",7,6000,12,7,2,,,3,3,2,2,1,19,195,0,0,0,0,0,0,1,1,1,0,0,0,1
"90-43-84-85","60ccf1e3221544adb085bbccab089153",1,1,20,0,1,0,0,2,,"MGETA",8,12000,10,2,2,,,2,3,4,2,2,,,,,,,,,,,,,,,
"90-96-74-86","56b4b2c458d04f6a8318b8c8e5634b70",2,,,,,,,2,,"MUEMBELADU",5,6000,6,4,2,,,4,4,3,3,2,,,,,,,,,,,,,,,
"91-22-98-76","5c73a203f7a54992ad02f259b1e861c5",1,10,40,0,1,0,0,2,,"KWA HAJI TUMBO",11,8000,3,5,2,,,2,2,3,4,2,,,,,,,,,,,,,,,
"91-47-83-73","55c960c382ed41fc8ee00eb1d3690728",1,1,15,1,1,1,1,2,,"IFAKARA",10,6000,10,50,2,,,3,2,4,2,1,5,51,0,0,0,0,0,0,0,1,1,1,0,0,1
"91-50-98-00","e7ffc67e62504f359129f00fc0727af6",2,,,,,,,2,,"TANDIKA",0,5000,,,2,,,1,3,1,3,2,,,,,,,,,,,,,,,
"92-21-22-44","b3948aacd95d45e499e300f631f20547",2,,,,,,,2,,"LIMBANI",11,7000,0,0,2,,,4,1,4,1,2,,,,,,,,,,,,,,,
"92-34-52-51","3319c1f61996408e8d51733d17cbc9f0",2,,,,,,,2,,"NKWENDA",4,6000,2,35,2,,,3,3,2,3,2,,,,,,,,,,,,,,,
"92-42-20-01","685501ccf5aa43ec8c133d617d541981",1,1,,1,0,0,0,1,5500,"KIJIJI CHA KISESA",0,5500,,,2,,,2,2,1,1,2,,,,,,,,,,,,,,,
"92-52-40-53","216a7c217d0f4cf5b5cf793d9ebdbcc7",2,,,,,,,2,,"TANGA MJINI",5,8000,5,0,2,,,3,4,3,5,2,,,,,,,,,,,,,,,
"92-83-23-71","d2d2c4f3efd7421f830032aa2094e4ff",2,,,,,,,1,6000,"KAGERA",0.2,6000,5,15,2,,,2,2,2,2,2,,,,,,,,,,,,,,,
"92-94-58-28","86e54f71a65a4267922b3258726f8450",2,,,,,,,2,,"DUKA LA TFDA",5,6000,3,6,2,,,2,2,1,1,2,,,,,,,,,,,,,,,
"93-23-21-02","2ac403ac1a704deb91b14b5d0163232c",2,,,,,,,2,,"3300",0,6000,4,6,1,80,20,1,1,1,1,2,,,,,,,,,,,,,,,
"93-27-32-02","d9978cdccf5b4827982a0aa75cdd1245",2,,,,,,,2,,"KARIAKOO",12,12000,50,50,2,,,1,4,1,2,2,,,,,,,,,,,,,,,
"93-53-46-59","520d0b2faf064f3fa55774e0fbbb1cca",1,2,190,1,1,0,0,1,6000,"MLOWO",30,6000,5,7,2,,,5,2,4,4,2,,,,,,,,,,,,,,,
"93-63-55-05","daa8845c85fa4b12a7556a12af713777",1,1,100,1,0,0,0,2,,"DODOMA MJINI",35,5000,1,1,2,,,5,5,3,3,2,,,,,,,,,,,,,,,
"93-65-03-20","678ddbb7c58144ff8d771d8b8af34d1c",2,,,,,,,1,12000,"HAMISI RAMADHANI",0,12000,0,0,2,,,4,3,3,2,1,12,128,0,0,0,0,0,1,1,1,0,0,0,0,2
"93-88-74-31","d3049893d1e14e0db411e32158438288",2,,,,,,,2,,"MBEZI",5,4000,29,36,2,,,1,1,1,1,2,,,,,,,,,,,,,,,
"94-00-25-76","c8793d4f2e544b2aaf6e939ecfd38e6f",1,1,15,0,0,0,0,1,12000,"NANGOMBA",0,6000,8,4,2,,,3,3,4,4,2,,,,,,,,,,,,,,,
"94-11-66-50","779410d42c594eb3a65fa214a2f137bb",2,,,,,,,1,6000,"IGOMA",2,6000,12,21,2,,,3,3,3,2,2,,,,,,,,,,,,,,,
"94-54-13-76","5bc282681cf4480b80227cbe1a7b6718",2,,,,,,,2,,"KILOSA MAKAO MAKUU YA WILAYA",5,6500,3,0,2,,,1,3,2,3,2,,,,,,,,,,,,,,,
"95-00-37-30","ad1782d7949c4918bebfa8f29e80100e",2,,,,,,,2,,"MWANJELWA",8,6000,0,0,2,,,5,2,1,2,2,,,,,,,,,,,,,,,
"95-30-66-57","ee1833f3c1ad4f79a818b2846c943140",1,5,150,1,0,0,0,2,,"KWA HAJI TUMBO",15,7000,2,10,2,,,3,3,3,3,2,,,,,,,,,,,,,,,
"95-41-63-83","9f938846eb6a4a8ca39619216c422ff2",2,,,,,,,1,6000,"TANGA MJINI",2,6000,30,25,2,,,1,4,3,3,2,,,,,,,,,,,,,,,
"95-55-41-56","6ee6f3fc4861469c94e9c6c1b0e4652e",2,,,,,,,2,,"ARUSHA MJINI",2,6000,7,6,2,,,1,1,3,1,2,,,,,,,,,,,,,,,
"95-57-44-06","2eac5cbb43ca454e9679436cad7320a7",2,,,,,,,2,,"KIJIJI CHA MRIJO",30,6000,,,2,,,1,1,3,3,1,1,17,1,0,0,0,0,0,0,0,0,0,0,0,1
"95-75-07-94","6bdf280b428949108e9b458931ceedf3",1,1,357,1,1,0,0,2,,"MBEYA MJINI",200,12500,,,2,,,1,1,1,1,2,,,,,,,,,,,,,,,
"96-25-20-51","b41b8de52fa7436db71be6bf0f5a9a66",2,,,,,,,2,,"HAYDOM",70,6000,5,2,2,,,3,2,3,2,1,21,213,0,0,0,0,0,0,1,1,1,1,1,1,1
"96-43-03-98","ba17eca4ca754132b90c08388b341fd6",2,,,,,,,2,,"BUGOROLA",8,6000,0,0,2,,,2,3,2,3,2,,,,,,,,,,,,,,,
"96-62-91-73","be5a95e5c9fc4eed898906706fece787",2,,,,,,,2,,"MWANJELWA",2,6000,0,0,1,100,50,5,2,1,2,2,,,,,,,,,,,,,,,
"96-88-99-60","6c3b6d40cecd47df82d817656d44265d",1,1,400,0,0,0,0,1,12000,"MIJONGWENI",0,24000,3,50,1,1200,800,1,1,1,1,2,,,,,,,,,,,,,,,
"96-97-54-52","376ea2dac30a4f8687ae008905f0bd8e",2,,,,,,,2,,,,,,,2,,,1,1,1,1,2,,,,,,,,,,,,,,,
"97-23-41-07","b20767802c16448697a2fc6b8cc5a1f2",2,,,,,,,2,,"ARUSHA",314,6500,0,3,2,,,1,1,1,1,2,,,,,,,,,,,,,,,
"97-25-96-57","4657317287cb4b3087a1b126bdcd0d0a",2,,,,,,,2,,"NKINDWABIYE",0.4,5500,12,8,2,,,2,3,3,2,2,,,,,,,,,,,,,,,
"97-67-70-17","35771ac4af3d493e87d2def3bec1619a",1,1,40,1,1,0,0,2,,"MANYONI MJINI",3,6000,8,52,2,,,5,1,1,1,2,,,,,,,,,,,,,,,
"98-22-62-82","edc65303056b4602b88bd2a5db11d5f0",2,,,,,,,2,,"MARUHUBI",6,2000,0,0,2,,,1,2,1,1,2,,,,,,,,,,,,,,,
"98-46-12-09","ed5abc5e61af40f3ad5a62f4e9c8770f",2,,,,,,,2,,"LULEMBELA",4,6000,2,5,2,,,2,2,2,2,1,18,184,1,1,1,1,0,0,0,0,1,1,1,1,2
"98-48-60-73","a958a280d89d4a558577a30d239c1f88",1,2,212,1,1,0,1,2,,"USANGANYA",3,5500,7,1,2,,,1,2,1,1,1,12,121,0,0,0,0,0,0,0,1,1,0,0,0,2
"98-92-34-51","f4100eabea9e4b97bab88285ab53045d",2,,,,,,,1,6000,"MUNANILA",3,6000,3,4,2,,,2,2,2,2,2,,,,,,,,,,,,,,,
"99-08-48-89","dd0bc9dea0534236a2d6a69c8b7fe2df",2,,,,,,,1,7000,"LUKOZI",18,7000,15,10,2,,,4,3,1,1,2,,,,,,,,,,,,,,,
"99-33-61-18","2e62f403dfc94d6aa28444eedd35a193",2,,,,,,,2,,"MWENGE",6,6000,,,2,,,1,3,1,3,2,,,,,,,,,,,,,,,
"99-85-48-00","4191375813de4af7b0a989fdd89acac3",2,,,,,,,1,2000,"KARIAKOO",1,2000,30,30,1,443,208,3,3,1,1,2,,,,,,,,,,,,,,,
